0	0.00011284394106670594
0.5	0.00017024144322608716
1.0	0.0003383851215465349
1.5	0.0004678275686120138
2.0	0.0007667311768239208
2.5000000000000004	0.0016214680571304636
3.0000000000000004	0.002701214076535796
3.5000000000000004	0.00865677282567396
4.0	0.007263088914800039
4.5	0.0025432829619514872
5.0	0.001352890006268066
5.5	0.0008609401187842122
6.0	0.0007178087050921946
6.5	0.0005025414928325147
7.0	0.00045051334135727246
7.5	0.0006225423794796177
8.0	0.0007686813237662955
8.5	0.0013099880626674272
9.0	0.0028410071095756537
9.5	0.004230299885472707
10.0	0.0025690769740357856
10.5	0.003585812679390582
11.0	0.011669868005590976
11.5	0.00633548617769542
12.0	0.0025243475568528166
12.5	0.0014161394020685495
13.0	0.0008322842075599953
13.5	0.0006401310175874008
14.0	0.00033942751001228203
14.5	0.00025533045428148055
15.0	0.0001765666057976317
15.5	0.00022155513779051193
16.0	0.0007795296554597492
16.5	0.0005286094986327284
17.0	0.0008745454532001726
17.5	0.0015752636094213464
18.0	0.0032260227072719535
18.5	0.015764613548210328
19.0	0.005232976277544261
19.5	0.002204681456665922
20.0	0.0011471542893573628
20.5	0.000682680843259699
21.0	0.000839729314749314
21.5	0.00029250777954469503
22.0	0.00021241051439859716
22.5	0.00024129530634255575
23.0	0.00035706195601566425
23.5	0.0006195848079806372
24.0	0.0007270730916401044
24.5	0.0013785513878744192
25.0	0.001987609522820133
25.5	0.003981695358716793
26.0	0.025370774783816784
26.5	0.0058641334432511715
27.0	0.0030409416832766732
27.5	0.0030077816412831253
28.0	0.006828411160267838
28.5	0.0018067984523915327
29.0	0.0009986757939281356
29.5	0.0008847602822187086
30.0	0.0005380083225117273
30.5	0.0005075131846540287
31.0	0.0006363247416798797
31.5	0.0007600296536722225
32.0	0.001098606409245483
32.50000000000001	0.0018870747597001397
33.00000000000001	0.004112748752120728
33.50000000000001	0.06001635001826491
34.00000000000001	0.004134765268399424
34.50000000000001	0.0019656127941425016
35.00000000000001	0.0010316837815090585
35.50000000000001	0.000625145404090955
36.00000000000001	0.0004215922559738078
36.50000000000001	0.00024704831960310227
37.00000000000001	0.00014855430915676303
37.50000000000001	0.00016413372412906428
38.00000000000001	0.0008021839008367226
38.50000000000001	0.0003930970848758363
39.00000000000001	0.00061289269993911
39.50000000000001	0.0011019204744834466
40.00000000000001	0.0019514966881807243
40.50000000000001	0.004461666041466456
41.00000000000001	0.03378347288697841
41.50000000000001	0.00381020539076835
42.00000000000001	0.001801740681883713
42.50000000000001	0.0010877671880649383
43.00000000000001	0.0009322548924545126
43.50000000000001	0.0005632112181450615
44.00000000000001	0.0005018620441004944
44.50000000000001	0.0005400944922510264
45.00000000000001	0.0007052759025560887
45.50000000000001	0.0011053179370010893
46.00000000000001	0.0018801580661936595
46.50000000000001	0.010797511886822393
47.00000000000001	0.002716090776629301
47.50000000000001	0.0029039764685628963
48.00000000000001	0.005670500484631788
48.50000000000001	0.018370687893879068
49.00000000000001	0.0036768384357413536
49.50000000000001	0.0019016116268319948
50.00000000000001	0.0012203464410691011
50.50000000000001	0.0009933821152339486
51.00000000000001	0.0007021865797175448
51.50000000000001	0.0013304246345369453
52.00000000000001	0.0005808642663914268
52.50000000000001	0.00040839104251415634
53.00000000000001	0.0007133279199964708
53.50000000000001	0.0005468120626442368
54.00000000000001	0.0007540353363575753
54.50000000000001	0.0012422461254015988
55.00000000000001	0.00234110254582203
55.50000000000001	0.006674429934371567
56.00000000000001	0.01240584551371425
56.50000000000001	0.003166686237352444
57.00000000000001	0.001537894525543329
57.50000000000001	0.0008770795490722381
58.00000000000001	0.00089866815917109
58.50000000000001	0.0005045053958887511
59.00000000000001	0.00022400047530879246
59.50000000000001	0.00021551071452236684
60.00000000000001	0.00043089019047777734
60.50000000000001	0.0005306502963035262
61.00000000000001	0.0005402859882577249
61.50000000000001	0.0009127972441493754
62.00000000000001	0.0014509197073063205
62.50000000000001	0.002648141522958345
63.00000000000001	0.007111620377839918
63.50000000000001	0.009994463517801661
64.0	0.003475732931704896
64.5	0.0026341709634263417
65.0	0.005826718416391473
65.5	0.0025345947435197027
66.0	0.001180494896831006
66.5	0.0007937695591728041
67.0	0.0005548467477208345
67.5	0.0004774017362929885
68.0	0.0005671152065798315
68.5	0.0006941976575503564
69.0	0.0008804954148805512
69.5	0.001425473082381981
70.0	0.0027785112156274564
70.5	0.007979985843630338
71.0	0.007720928340780045
71.5	0.002617748032932579
72.0	0.0013689062940840115
72.5	0.0007972814739022824
73.0	0.0005547282413159621
73.5	0.0005003487899399357
74.0	0.00018420040511290002
74.5	0.00016994421977538818
75.0	0.00028523323438399065
75.5	0.00036365068442586654
76.0	0.0005219756008272654
76.5	0.0008743071177667657
77.0	0.0015494289692856242
77.5	0.0029743890395836606
78.0	0.009978193846880746
78.5	0.007049551316457799
79.00000000000001	0.003245216347123497
79.50000000000001	0.0016888361369946433
80.00000000000001	0.0010549818922178504
80.50000000000001	0.0007312754542395133
81.00000000000001	0.0005532228093656091
81.50000000000001	0.0005308315243828609
82.00000000000001	0.0006978634473062054
82.50000000000001	0.0009027516707971316
83.00000000000001	0.0014231873094258294
83.50000000000001	0.0034541883599494084
84.00000000000001	0.003544806171803084
84.50000000000001	0.0025543522299323533
85.00000000000001	0.003788586408562425
85.50000000000001	0.013349585771539572
86.00000000000001	0.005877996760743726
86.50000000000001	0.002425422166264949
87.00000000000001	0.001590448044450319
87.50000000000001	0.0009083999252993484
88.00000000000001	0.0005058385529816401
88.50000000000001	0.0003499820174896766
89.00000000000001	0.0002243939699583946
89.50000000000001	0.0001850923138671098
90.00000000000001	0.000390221044369347
90.50000000000001	0.0003801754911015535
91.00000000000001	0.0005292313099035603
91.50000000000001	0.0008885330210420824
92.00000000000001	0.0018000728633239939
92.50000000000001	0.0038305292771849834
93.00000000000001	0.019063095608962518
93.50000000000001	0.004864956634296855
94.00000000000001	0.002036641884677486
94.50000000000001	0.001091875164860288
95.00000000000001	0.0010688483251020961
95.50000000000001	0.000476223339722852
96.00000000000001	0.0002509787461050859
96.50000000000001	0.00017324949217434392
97.00000000000001	0.0002720492259555689
97.50000000000001	0.00047486492131323157
98.00000000000001	0.00041004538784341764
98.50000000000001	0.0006767386019834308
99.00000000000001	0.0011338390475761492
99.50000000000001	0.001966626198917547
100.00000000000001	0.004111872903669241
100.50000000000001	0.03844847634380916
101.00000000000001	0.0048652745119582945
101.50000000000001	0.002794294144892352
102.00000000000001	0.003171721050040373
102.50000000000001	0.004776033129079195
103.00000000000001	0.0015258449632926457
103.50000000000001	0.0008925168419109011
104.00000000000001	0.0006425748176117236
104.50000000000001	0.0004813038917199671
105.00000000000001	0.000500345963921525
105.50000000000001	0.0006570813177266671
106.00000000000001	0.0007154628475727463
106.50000000000001	0.0010983524531337715
107.00000000000001	0.0019575286041651134
107.50000000000001	0.004268490142492764
108.00000000000001	0.05368309788509124
108.50000000000001	0.0038755024448694896
109.00000000000001	0.0018950281684262027
109.50000000000001	0.000994339846587466
110.00000000000001	0.0006023931321640583
110.50000000000001	0.00037601565944843433
111.00000000000001	0.0001906312218933952
111.50000000000001	0.00013438514996091597
112.00000000000001	0.00018426554719498642
112.50000000000001	0.0002900356047066132
113.00000000000001	0.00034931416361736617
113.50000000000001	0.0006090603783903358
114.00000000000001	0.001696188254552538
114.50000000000001	0.0020369389475527414
115.00000000000001	0.0047011436614431005
115.50000000000001	0.02303697255992089
116.00000000000001	0.0035783653216593016
116.50000000000001	0.0017264999558612053
117.00000000000001	0.0010878661126860413
117.50000000000001	0.000772512321359171
118.00000000000001	0.0005256912751627935
118.50000000000001	0.00045522173173213735
119.00000000000001	0.0006036356854906087
119.50000000000001	0.0007637842608796936
120.00000000000001	0.0010593219095744965
120.50000000000001	0.0020347710151762087
121.00000000000001	0.00945119132596271
121.50000000000001	0.002543725496477044
122.00000000000001	0.0030092050029501267
122.50000000000001	0.006017901537939901
123.00000000000001	0.01482480918579678
123.50000000000001	0.0034314745128642987
124.00000000000001	0.0017949442460788829
124.50000000000001	0.0011662477155131455
125.00000000000001	0.0006372936791285999
125.50000000000001	0.00041078222813987006
126.00000000000001	0.0003146391386683906
126.50000000000001	0.0002168655895051579
127.00000000000001	0.0004514192859610882
127.50000000000001	0.0007081887820646103
128.0	0.0004537307512441927
128.5	0.0007357388513600636
129.0	0.0013222248025906624
129.5	0.0032463455261809594
130.0	0.0061962642040201115
130.5	0.010810830283621278
131.0	0.0032099728437126637
131.5	0.0023389606466729528
132.0	0.0014157711429156703
132.5	0.0007873168196584186
133.0	0.00041182825903591434
133.5	0.00028209479751802106
134.0	0.0002883225387362159
134.5	0.00045444564302072026
135.0	0.0003862734296811215
135.5	0.0005936542099185417
136.0	0.0010270002878391762
136.5	0.0015190193173460242
137.0	0.00286708615994206
137.5	0.007602531674819595
138.0	0.008978123837857985
138.5	0.003417375667751
139.0	0.002759235116213839
139.5	0.008121942759119444
140.0	0.002180625359354198
140.5	0.0011192053067107834
141.0	0.0011050335839922825
141.5	0.0005540235412732421
142.0	0.000521137537910513
142.5	0.0005356518504417904
143.0	0.0006323466877894143
143.5	0.0009081343145787018
144.0	0.0015113786362909616
144.5	0.0028664974215371463
145.0	0.008812958454700762
145.5	0.007085945696773493
146.0	0.0027231347956447076
146.5	0.001350130414832961
147.0	0.0007826381616428408
147.5	0.000480859145052631
148.0	0.0002915959785790498
148.5	0.00018581940571426719
149.0	0.00026184194472822264
149.5	0.0003110643723813308
150.0	0.0003210974242451182
150.5	0.0005281808913975841
151.0	0.0009821822796844519
151.5	0.0016099108623909345
152.0	0.003054180693675641
152.5	0.011219565998665864
153.0	0.006170064872379694
153.5	0.0025087816164037426
154.0	0.0016398225845412628
154.5	0.0014604898669656823
155.0	0.0010697437339696754
155.5	0.0007206765438964235
156.0	0.000710769446774189
156.5	0.0008560642361957078
157.0	0.0009533440403166693
157.5	0.001527835551662145
158.0	0.0042351794958637575
158.5	0.0032016267146701377
159.0	0.0028821038266919905
159.5	0.004334353877321947
160.0	0.015711806083123076
160.5	0.00550175374438222
161.0	0.002408534752425233
161.5	0.0018509513220011785
162.0	0.0008357816254494273
162.5	0.0005388725225442938
163.0	0.0003632615109589379
163.5	0.0002332172902082697
164.0	0.00037450112705916745
164.5	0.00045709436724419974
165.0	0.0003423370208801145
165.5	0.0005541223342613942
166.0	0.0009741334570145327
166.5	0.0018023765770875117
167.0	0.0035362117194530237
167.5	0.024993063606446934
168.0	0.004663570344324823
168.5	0.001980122942022792
169.0	0.0011441538830654868
169.5	0.0007147671219650986
170.0	0.0003817059734910769
170.5	0.0002530473821953122
171.0	0.00023547569802788776
171.5	0.00029378668590818575
172.0	0.0002903276487344274
172.5	0.00043671996473061296
173.0	0.0009558084960861655
173.5	0.001184400898072871
174.0	0.0020480052024164364
174.5	0.0042713114667246675
175.0	0.061137358380963125
175.5	0.0046904998826836145
176.0	0.0028927671889661397
176.5	0.0035551978932757394
177.0	0.0037388427430415025
177.5	0.0014450774721552764
178.0	0.00105638142480928
178.5	0.0006699708405261482
179.0	0.0005101691756378069
179.5	0.0005006614739098211
180.0	0.0006067265976864457
180.5	0.0007693891178399385
181.0	0.001254550550302202
181.5	0.0021561259870500693
182.0	0.004500457919119176
182.5	0.033554013584603096
183.0	0.003912962254839892
183.5	0.0020481281197091286
184.0	0.0017492090336097227
184.5	0.0008865786398867967
185.0	0.0005072483501923889
185.5	0.00030856128396170317
186.0	0.00035056842391200754
186.5	0.0006111594997837889
187.0	0.0002688153728865482
187.5	0.00040347960910381284
188.0	0.0007491446095670882
188.5	0.001426105545965845
189.0	0.002101508541984321
189.5	0.005002172593593143
190.0	0.018002659877843656
190.5	0.0034183545666262175
191.0	0.0023791702488910028
191.5	0.0011922847480975451
192.0	0.0006881557669582527
192.5	0.0005131638521988488
193.0	0.0005077450274888252
193.5	0.000756861600362652
194.0	0.0007106011978030157
194.5	0.0011056884608174194
195.0	0.002353508064363103
195.5	0.006294664909767748
196.0	0.002550927532115974
196.5	0.002981157568031751
197.0	0.006118934294547868
197.5	0.012667721859866789
198.0	0.0033080414324273143
198.5	0.001780844704010362
199.0	0.0009796622351978266
199.5	0.0005846199579068343
200.0	0.0010396358444708402
200.5	0.00026002114118576825
201.0	0.0002327573934862535
201.5	0.00022266730282769566
202.0	0.0002694486590579576
202.5	0.00041001555633572034
203.0	0.0007544227168695706
203.5	0.0013486899285247292
204.0	0.0023680975331288063
204.5	0.0065874035723501425
205.0	0.009512905974494923
205.5	0.00281555341834751
206.0	0.0014129569906645935
206.5	0.0007981450031394225
207.0	0.0005383781533826737
207.5	0.00027878084722768174
208.0	0.00025215763853614635
208.5	0.000719537833905646
209.0	0.0002197766874183622
209.5	0.0003306339148897133
210.0	0.0005808431127953706
210.5	0.0009688065864081611
211.0	0.0015535570533168049
211.5	0.0028420688991919545
212.0	0.008252159661847107
212.5	0.008176033994990709
213.0	0.003403884199885445
213.5	0.0029168872218245843
214.0	0.011298462206890288
214.5	0.0019521217957488453
215.0	0.0010776194622951734
215.5	0.0008095818563553699
216.0	0.0005016178497664773
216.5	0.0004394051895387566
217.0	0.0006631183142484064
217.5	0.0006604819934219639
218.0	0.0010896754601735245
218.5	0.0015448674761440193
219.0	0.002879971045257548
219.5	0.009765545875696299
220.0	0.006494360765016869
220.5	0.0029126371670144913
221.0	0.001252722153644706
221.5	0.0007074805551157658
222.0	0.000455703823654664
222.5	0.00024362283218604567
223.0	0.0005991984490002198
223.5	0.00024402730155088958
224.0	0.00016779972267684265
224.5	0.00031353663027971503
225.0	0.0010855920610695813
225.5	0.0010335385113895538
226.0	0.001527050386008904
226.5	0.0032168349421927023
227.0	0.01268945003899056
227.50000000000003	0.005661611485377187
228.00000000000003	0.0024568375259398025
228.50000000000003	0.001418227410798248
229.00000000000003	0.0008097831774231486
229.50000000000003	0.0006217483212932668
230.00000000000003	0.0005265131528645695
230.50000000000003	0.0005975565234274475
231.00000000000003	0.0006532334432704062
231.50000000000003	0.0009238609419112028
232.00000000000003	0.0015616513684048956
232.50000000000003	0.005446093258241735
233.00000000000003	0.0029706344878925738
233.50000000000003	0.002536997387256968
234.00000000000003	0.003977288821060946
234.50000000000003	0.01866281824784194
235.00000000000003	0.005322487184562552
235.50000000000003	0.002446101383517031
236.00000000000003	0.0016029102803513749
236.50000000000003	0.0014181549237645879
237.00000000000003	0.0008123981698074542
237.50000000000003	0.0013963256119896967
238.00000000000003	0.00036456085343511695
238.50000000000003	0.0002650529052569513
239.00000000000003	0.0003885318131940571
239.50000000000003	0.0003964881151406679
240.00000000000003	0.0006374008255931905
240.50000000000003	0.0010763700029894155
241.00000000000003	0.0017465477662132732
241.50000000000003	0.003683815442720682
242.00000000000003	0.032876378718732426
242.50000000000003	0.004466946068518215
243.00000000000003	0.0019561118614070316
243.50000000000003	0.0010822468930177423
244.00000000000003	0.0006697165085689885
244.50000000000003	0.0003997889870506705
245.00000000000003	0.0003195211371371589
245.50000000000003	0.0005960435326400001
246.00000000000003	0.00023260449547620783
246.50000000000003	0.00029405891915661387
247.00000000000003	0.0005733589735261204
247.50000000000003	0.000813288657494009
248.00000000000003	0.0012063352759700337
248.50000000000003	0.0020990585992562557
249.00000000000003	0.004409280255034359
249.50000000000003	0.06342323170129573
250.00000000000003	0.004712690727687644
250.50000000000003	0.0029614270745462233
251.00000000000003	0.003922445523097242
251.50000000000003	0.003218776628225004
252.00000000000003	0.00154539987955026
252.50000000000003	0.0010308945089385227
253.00000000000003	0.0006201089844481107
253.50000000000003	0.0005277454738682783
254.00000000000003	0.0005359401599533657
254.50000000000003	0.0005953099862046219
255.00000000000003	0.001226172453103297
255.50000000000003	0.001313744443677886
256.0	0.002131375994332204
256.5	0.004759346259594858
257.0	0.026374540180284612
257.5	0.004456195103240479
258.0	0.0023011492811387366
258.5	0.001242107107182759
259.0	0.0007237119595646084
259.5	0.0004497965185773585
260.0	0.0004943695682034057
260.5	0.0002717609285460493
261.0	0.00020960925383131746
261.5	0.000278053003288593
262.0	0.0014486047749468418
262.5	0.0007981212712568698
263.0	0.001173715354246152
263.5	0.0022068983547009263
264.0	0.005222521385531467
264.5	0.01566340814627989
265.0	0.0034056463441653195
265.5	0.0017142171843233707
266.0	0.0010236265447887052
266.5	0.0006865636108321079
267.0	0.0009655210946105349
267.5	0.0005556188437900213
268.0	0.000549124904572037
268.5	0.0007874161342515921
269.0	0.00117907342545888
269.5	0.002503482247199656
270.0	0.004949455049878942
270.5	0.0024265666917016996
271.0	0.0029371888161486563
271.5	0.006461870609332611
272.0	0.011822081639057659
272.5	0.00323595470065922
273.0	0.0016641841316350746
273.5	0.0010208302979958042
274.0	0.0006018638511010596
274.5	0.00039964626486960344
275.0	0.0002920263519549344
275.5	0.00023885153586617136
276.0	0.0001877296079873115
276.5	0.0002969080108315447
277.0	0.0006051054804453744
277.5	0.0007577938608944193
278.0	0.0012703439386280114
278.5	0.002522140709623475
279.0	0.00692638638888221
279.5	0.008900965603919763
280.0	0.0027625203430507333
280.5	0.0014079879675898573
281.0	0.0007928669200675773
281.5	0.00048250706056663024
282.0	0.0007789011724800426
282.5	0.0002486137642760659
283.0	0.00020040879279897684
283.5	0.0002992085027700719
284.0	0.0003950774688331517
284.5	0.0006653694330798244
285.0	0.0009867525947489073
285.5	0.0016606130958156373
286.0	0.002969464132027381
286.5	0.008761581425831852
287.0	0.008035724423330223
287.5	0.00343035117652535
288.0	0.0030323913652893593
288.5	0.009981894012812667
289.0	0.0024867121152262004
289.5	0.0015365116432984197
290.0	0.0008471370199732182
290.5	0.0010055327516302272
291.0	0.0005144101148463057
291.5	0.0005449028416903273
292.0	0.0009448261089260993
292.5	0.0009922943623637533
293.0	0.0016003818192024187
293.5	0.0029742143956905704
294.0	0.010699746484407475
294.5	0.00692965833007877
295.0	0.002346661939023247
295.5	0.0012894633639958946
296.0	0.0007142599539532496
296.5	0.00042083347038305045
297.0	0.0006851096735172929
297.5	0.00022078152722056096
298.0	0.00013477510688665237
298.5	0.00018360519535022004
299.0	0.00042825692220504883
299.5	0.0007009725189694435
300.0	0.0008726972847631336
300.5	0.0015645131278386533
301.0	0.003221300086802908
301.5	0.014310761774783298
302.0	0.005495428959382171
302.5	0.0033182319159784667
303.0	0.0012379634372692177
303.5	0.0007874658981227221
304.0	0.0006146593818454338
304.5	0.0005821284375020016
305.0	0.0004961121201225228
305.5	0.0006140878264640598
306.0	0.0010195607296907424
306.5	0.0016745318223089982
307.0	0.0070849666860753275
307.5	0.002723837708090463
308.0	0.0024913034610466967
308.5	0.004001908334289376
309.0	0.022961300778016332
309.5	0.005045111592360443
310.0	0.002178281122296052
310.5	0.0012335924564228714
311.0	0.0008195373268696524
311.5	0.0004741500970541709
312.0	0.00033631576990120475
312.5	0.0002033547913590509
313.0	0.00020407567568816984
313.5	0.00021026947774381496
314.0	0.000362204431880985
314.5	0.000782981734647622
315.0	0.0009593021529314636
315.5	0.0017489072462167526
316.0	0.0038704824902863672
316.5	0.052555679663400176
317.0	0.004163438360789626
317.5	0.001836415264877873
318.0	0.002056128799365016
318.5	0.0005866443222752465
319.0	0.0003971114111550544
319.5	0.0002769452202327652
320.0	0.00022658432581549364
320.5	0.00018680314343657168
321.0	0.00028465495569699107
321.5	0.0007050490162173048
322.0	0.000740630502304244
322.5	0.001195782559704332
323.0	0.002147028426542799
323.5	0.0046268982547730065
324.0	0.0385527114105597
324.5	0.004396166686353141
325.0	0.002945981806367538
325.5	0.00440149640217696
326.0	0.0028555843866827865
326.5	0.0014270085690941358
327.0	0.0008149959637636585
327.5	0.0005411676589238266
328.0	0.0004518045413955715
328.5	0.0005290077467762801
329.0	0.0006474011743665692
329.5	0.0007903947143674071
330.0	0.001252679375242185
330.5	0.002105533348556416
331.0	0.004921106637373321
331.5	0.019214970652588877
332.0	0.003465228432405596
332.5	0.0016229651882418718
333.0	0.0009029444047060963
333.5	0.0006386921670908132
334.0	0.0005479971354808683
334.5	0.00020880073329674871
335.0	0.00020220659738355996
335.5	0.0002076316330032508
336.0	0.00025741621026865227
336.5	0.0008597850737567625
337.0	0.0008487755723863991
337.5	0.0012124116725735642
338.0	0.002257187764718316
338.5	0.005668614821946611
339.0	0.013903545813615612
339.5	0.0032126065978062505
340.0	0.001688556857914011
340.5	0.001350111221036171
341.0	0.0008747570168671231
341.5	0.0013483685781211108
342.0	0.0009432283279694541
342.5	0.0007644180270429181
343.0	0.0008753985572319176
343.5	0.0013195412559818508
344.0	0.003992290484027083
344.5	0.004270397888305701
345.0	0.002408303037684034
345.5	0.0030879838469282748
346.0	0.007001882380000203
346.5	0.01015235951973364
347.0	0.0030820709385682276
347.5	0.0019135355118997908
348.0	0.0009573471996331462
348.5	0.0006177579518775195
349.0	0.000514858624982857
349.5	0.0002802098912412585
350.0	0.00021754922255112845
350.5	0.000221993500315561
351.0	0.00048735017618248494
351.5	0.0005595464287692851
352.0	0.0007785466072406973
352.5	0.0013783013368597128
353.0	0.0026026893667646356
353.5	0.007771683799679753
354.0	0.007913326761341722
354.5	0.002730278866210695
355.0	0.0013517779682418476
355.5	0.000802773875702078
356.0	0.0005656664921303161
356.5	0.00040451252402274766
357.0	0.00026227863136108593
357.5	0.00025868070262216635
358.0	0.0003999671935216489
358.5	0.0004828109224735688
359.0	0.0007493229268325261
359.5	0.0011981131233063035
360.0	0.0018582849252856538
360.5	0.0035361735216265532
361.0	0.010491603493203449
361.5	0.007415237106527757
362.0	0.0033865279515605732
362.5	0.0031133145596868614
363.0	0.007482426387803468
363.5	0.0018608812099537382
364.0	0.0010767256316772172
364.5	0.0007083177486206572
365.0	0.0006035040153762578
365.5	0.0004721846350655954
366.0	0.000553599233906736
366.5	0.0008306671119666139
367.0	0.0009827049808352267
367.5	0.0016310190200772426
368.0	0.0031556248616338494
368.5	0.012764397538224531
369.0	0.005665180249632535
369.5	0.0022287160828775247
370.0	0.0013870520996465698
370.5	0.0008397085922594353
371.0	0.00046029357457359705
371.5	0.0002837366597334825
372.0	0.0001939148455547186
372.5	0.00013701193635484957
373.0	0.00019870554370755828
373.5	0.0008173615453727819
374.0	0.0005511974325699033
374.5	0.0009149084767865677
375.0	0.0016460363143718819
375.5	0.0034214778992447265
376.0	0.018895220555965767
376.5	0.004958808863091309
377.0	0.003007725947562451
377.5	0.0012087084000648785
378.0	0.0007820073073577069
378.5	0.0006920127378334725
379.0	0.0005218712319070781
379.5	0.000497617637655849
380.0	0.000648959019576995
380.5	0.001485876066007987
381.0	0.001867385005829877
381.5	0.009293668864400242
382.0	0.002610748433405103
382.5	0.0025585010604595756
383.0	0.004254872151396284
383.5	0.0380431250118885
384.0	0.0049917596505155
384.5	0.002096477464387628
385.0	0.001182377498191342
385.5	0.0007816505086428067
386.0	0.0009077217631554833
386.5	0.0002964465339818558
387.0	0.00021568932573422808
387.5	0.00045665270823958215
388.0	0.00025799904396175537
388.5	0.001058430135805463
389.0	0.0006480460039355651
389.5	0.0010535562492240977
390.0	0.001867474290816977
390.5	0.004193719091852675
391.0	0.053250602059518766
391.5	0.00390574890516745
392.0	0.0018157230434588383
392.5	0.0010884345437666251
393.0	0.0007164839748797541
393.5	0.0006876374160842027
394.0	0.0006696330937438219
394.5	0.0008486504188230308
395.0	0.0004148700134515135
395.5	0.0004308938117628648
396.0	0.000696635692545984
396.5	0.0008541879239828149
397.0	0.001315143407987351
397.5	0.002269784579836089
398.0	0.005210137967223028
398.5	0.023005063120789607
399.0	0.00417419957484489
399.5	0.002871227472941251
400.0	0.004977164009468438
400.5	0.0027337214724152017
401.0	0.0013218254650460947
401.5	0.0009089878887919926
402.0	0.0005488571986449021
402.5	0.00044513948104795705
403.0	0.0005175303268122543
403.5	0.0006204223404815994
404.0	0.0007824993725839546
404.5	0.0012431814473064175
405.0	0.0023157335495255743
405.5	0.005408796761774926
406.0	0.014209858636500483
406.5	0.003216074090259399
407.0	0.001550437113254209
407.5	0.000859488520485577
408.0	0.0005309539535496233
408.5	0.0004210635098167515
409.0	0.00017275302408283907
409.5	0.000120737568511548
410.0	0.000248672727367632
410.5	0.00027968308269185247
411.0	0.0004294718739220404
411.5	0.0007045956157550843
412.0	0.001296267470941834
412.5	0.0023318192055303663
413.0	0.006260333194368973
413.5	0.01056673064529467
414.0	0.0029542060938560154
414.5	0.00151244362496732
415.0	0.0009359949705036574
415.5	0.0007686064943683948
416.0	0.00051684729605798
416.5	0.0004638237776836717
417.0	0.000605658609553539
417.5	0.0007729591983314788
418.0	0.001311821557429652
418.5	0.0029739904750151727
419.0	0.003843735212790994
419.5	0.002425100259122818
420.0	0.0031348958345720746
420.5	0.00791806802550426
421.0	0.008546907637290059
421.5	0.0028449689826864828
422.0	0.0015147454817825816
422.5	0.0009510054168238739
423.0	0.0006369552454725479
423.5	0.0003576032574956898
424.0	0.00027987866474731715
424.5	0.0001745965794954564
425.0	0.00019816843798495506
425.5	0.0004206763401993463
426.0	0.0005262073046662642
426.5	0.0007860315215164627
427.0	0.0013625092458289694
427.5	0.0028040401045303963
428.0	0.009227611314007352
428.5	0.006795643212787104
429.0	0.0024459277523254824
429.5	0.001291996411446753
430.0	0.0007382215751705997
430.5	0.0008624050574038469
431.0	0.00041419005643316596
431.5	0.0001973648010879569
432.0	0.00017921125288870756
432.5	0.00027414776309473874
433.0	0.0011601091586120383
433.5	0.0006115814687509909
434.0	0.0009841473158739493
434.5	0.002576476095702352
435.0	0.0032759242158678
435.5	0.0123048758839075
436.0	0.006395940767404038
436.5	0.003128112193533291
437.0	0.003049696980403465
437.5	0.006168783963154266
438.0	0.001962643732006961
438.5	0.000990303330603469
439.0	0.0006313275090837624
439.5	0.0005407310356366639
440.0	0.0004827342470969383
440.5	0.0006143237305186204
441.0	0.0006902516807296258
441.5	0.001082583366151046
442.0	0.0016830749583189957
442.5	0.003397396965284539
443.0	0.01696959068626796
443.5	0.005126700972022305
444.0	0.002151885292364614
444.5	0.0011991725492951856
445.0	0.0007996288891926441
445.5	0.0005640187506367298
446.0	0.0004069527546357492
446.5	0.0006627882478813878
447.0	0.0007056481420806706
447.5	0.0004288481609458978
448.0	0.000544976921442739
448.5	0.0006803775285493306
449.0	0.001018838833612743
449.5	0.0017832199071580923
450.0	0.004057218839802504
450.5	0.030042713257247798
451.0	0.004548663161195387
451.5	0.0020685598111117786
452.0	0.0012212828592802726
452.5	0.0008175268076166886
453.0	0.0006295382016187622
453.5	0.0008526911955548576
454.0	0.0005313747990616736
454.5	0.0006748735675809328
455.0	0.0010770670724244333
455.5	0.0018861032654233108
456.0	0.01073105760603477
456.5	0.0025953374780478375
457.0	0.002767442357803265
457.5	0.0046191539323759455
458.0	0.06573713048494932
458.5	0.004312890896891296
459.0	0.0020683734566266008
459.5	0.0012048642231600657
460.0	0.0007819742057386775
460.5	0.0006090819788418874
461.0	0.0003396984107592886
461.5	0.00027325751757847097
462.0	0.000349502002415615
462.5	0.000417643774226416
463.0	0.0005933680374763045
463.5	0.0009278269798022377
464.0	0.0017111971823162478
464.5	0.002335223686892404
465.0	0.004771126338206185
465.5	0.026781604862322485
466.0	0.003683284378367719
466.5	0.0017495373335517871
467.0	0.0010189912355386603
467.5	0.0006845292636166783
468.0	0.00040944256105738836
468.5	0.0002734937719396531
469.0	0.00047998519818496095
469.5	0.00024884307685911716
470.0	0.00040212242317971326
470.5	0.0005817713211545487
471.0	0.0008177295200617006
471.5	0.001329156714981062
472.0	0.0023692640186254526
472.5	0.005614197965042161
473.0	0.01623817833127042
473.5	0.003933803778846106
474.0	0.0031031474520936925
474.5	0.005364172164444173
475.0	0.002585487293852916
475.5	0.0012803285425714661
476.0	0.0007820834405030021
476.5	0.0005317264084075811
477.0	0.0004757634314453656
477.5	0.000592253111653383
478.0	0.0005842483237048774
478.5	0.0008125802561185643
479.0	0.0014134856949047218
479.5	0.002346307621916512
480.0	0.006036957071191886
480.5	0.011346669766045234
481.0	0.003005608539790254
481.5	0.00146811246902862
482.0	0.0008442575298177091
482.5	0.0006878344094001338
483.0	0.0002983722407326109
483.5	0.00017059008567071155
484.0	0.00021414025153975862
484.5	0.00017189359227158277
485.0	0.0003585994059884898
485.5	0.0004739384972693101
486.0	0.0007554299660364461
486.5	0.0012863391466029878
487.0	0.002480692483022085
487.5	0.0073070472580176685
488.0	0.008907775435453867
488.5	0.0027757563494178726
489.0	0.001536574237234095
489.5	0.0009328615663758751
490.0	0.0007976071560979494
490.5	0.0005296304907893784
491.0	0.0005251145858978099
491.5	0.000565644183417348
492.0	0.0008096524798090557
492.5	0.0018881807178630088
493.0	0.0031386781638744693
493.5	0.0037817620668499016
494.0	0.0024526249277624125
494.5	0.0033304291060540434
495.0	0.009228985428399023
495.5	0.0075759653569672574
496.0	0.002834434087120257
496.5	0.0015042605845609243
497.0	0.0009341927024819993
497.5	0.0016952827379980392
498.0	0.00045274119531735744
498.5	0.0003900364928884637
499.0	0.0005509738755170047
499.5	0.000864878109342961
500.0	0.001105769401130946
500.5	0.0006248798738404727
501.0	0.0010040482570215109
501.5	0.0015268948958918002
502.0	0.003024982808458978
502.5	0.010999325242841397
503.0	0.006165108744000387
503.5	0.0023168573405378747
504.0	0.0012550547816593356
504.5	0.0007583320736859293
505.0	0.0006316696254154457
505.5	0.00030367530125352196
506.0	0.0003811535341446994
506.5	0.0002014455215852106
507.0	0.0002720510772208951
507.5	0.0005997819935874976
508.0	0.0007337508358967191
508.5	0.0010138101269501667
509.0	0.0017666221361178952
509.5	0.0034982080196667635
510.0	0.014877645159439963
510.5	0.005867532958978488
511.0	0.0037935149026635507
511.5	0.0030615168761964763
512.0	0.005636791837983083
512.5	0.0017650005126546501
513.0	0.0009418977987287486
513.5	0.00060553434726325
514.0	0.0004768217316187535
514.5	0.0005587382680793233
515.0	0.0005927647254662103
515.5	0.0006675632733586816
516.0	0.001195971806663777
516.5	0.0017161405884985126
517.0	0.00355510210217439
517.5	0.02300882051266912
518.0	0.004694193447316274
518.5	0.001999861058289484
519.0	0.001072097058138435
519.5	0.0006997654760853107
520.0	0.0004207519519317529
520.5	0.00020531795762554426
521.0	0.00031569136482798433
521.5	0.00013022145344431646
522.0	0.00020965219920002058
522.5	0.0004145088169125158
523.0	0.0005742679862302618
523.5	0.000968571150583446
524.0	0.0017746649158481003
524.5	0.0039693391814785905
525.0	0.053698722496146135
525.5	0.004198305670274103
526.0	0.0020648220387414107
526.5	0.0011126337508741433
527.0	0.0007418636289478616
527.5	0.0006507432524224709
528.0	0.00048742643032842963
528.5	0.00048550230689052245
529.0	0.0006535931744392685
529.5	0.0010723457587102326
530.0	0.0018808264793313025
530.5	0.011152902172986773
531.0	0.0026950533157881176
531.5	0.0027507069408617938
532.0	0.004838152416224328
532.5	0.03775571596309874
533.0	0.0039939484139306855
533.5	0.0019006658069295375
534.0	0.0011824693016831071
534.5	0.00076359925025985
535.0	0.0004424374109508466
535.5	0.00025797012696965034
536.0	0.00031179347284624685
536.5	0.00019271160376919586
537.0	0.0002790088556546403
537.5	0.0004324522140201299
538.0	0.0006552089916192015
538.5	0.0010833181413986107
539.0	0.0020355966876236756
539.5	0.004989159930842164
540.0	0.018943963955855587
540.5	0.0035153295177837067
541.0	0.0017196955714743588
541.5	0.0009082378853712276
542.0	0.0006000072621248589
542.5	0.0003743619766772971
543.0	0.00025271064051597014
543.5	0.00018727596010487994
544.0	0.00023717913323378437
544.5	0.0005161478028783039
545.0	0.0005273085187971084
545.5	0.0008257837703056453
546.0	0.0014750580324594323
546.5	0.0024660152387201836
547.0	0.006053859760397832
547.5	0.013324897275081671
548.0	0.0038263163471397286
548.5	0.0027682170770172085
549.0	0.0055757839287758695
549.5	0.0027838917702618297
550.0	0.001287066764161051
550.5	0.0008577179120227548
551.0	0.0008148949384704279
551.5	0.0007904468691346777
552.0	0.001467095674228303
552.5	0.0008582154979875153
553.0	0.000993036902886397
553.5	0.0014369955500838126
554.0	0.0025371611141294906
554.5	0.007719002317344145
555.0	0.009797747651234869
555.5	0.0028757082899511436
556.0	0.001736041228325537
556.5	0.0008602055238902452
557.0	0.0008322933491620438
557.5	0.0003638452034184341
558.0	0.0002181346423249322
558.5	0.00017583255881657324
559.0	0.00022160597568211007
559.5	0.0005158469623131171
560.0	0.000485902175579636
560.5	0.0007890608822827372
561.0	0.0022502327294504918
561.5	0.00264527199393733
562.0	0.007904772848124398
562.5	0.007985261105509742
563.0	0.0027094540496021753
563.5	0.0014758907578927719
564.0	0.0009792834563685407
564.5	0.0008115845915383182
565.0	0.0006054989570397065
565.5	0.0005813583215613552
566.0	0.0008692335373876903
566.5	0.0010112256873832726
567.0	0.0017084645712356036
567.5	0.003851505235147559
568.0	0.003980884451323129
568.5	0.0026444881222676183
569.0	0.0036011662528571556
569.5	0.010135191958081944
570.0	0.006937638646595034
570.5	0.002688636157977697
571.0	0.0015561794399554802
571.5	0.0010237141173985707
572.0	0.0006045740673412871
572.5	0.0004895817327153842
573.0	0.00025474377197774907
573.5	0.00020568329656673207
574.0	0.0003390327256359005
574.5	0.0003849194208120516
575.0	0.0005151192929495914
575.5	0.0008708409560663977
576.0	0.001565248295656621
576.5	0.0030887767913004827
577.0	0.012498529083006133
577.5	0.005973512012643378
578.0	0.002284870538170003
578.5	0.001173604598272103
579.0	0.0007662064578488564
579.5	0.0004558663062929363
580.0	0.0002618681258341711
580.5	0.00021309792226797587
581.0	0.00023407021659882857
581.5	0.0003026683152139157
582.0	0.00043976055755873294
582.5	0.0007796203185600425
583.0	0.0010482678898430995
583.5	0.0018184416577786745
584.0	0.003759603221035999
584.5	0.018577062323755812
585.0	0.005470342324813156
585.5	0.0029545585306374827
586.0	0.0030473479900368474
586.5	0.0056546377760705955
587.0	0.0017234536781140623
587.5	0.0009749692833528755
588.0	0.000610790808561135
588.5	0.000489071781239114
589.0	0.0010566402523918285
589.5	0.0005336255944946291
590.0	0.000683780910355275
590.5	0.0010992484867439602
591.0	0.0018372743232325781
591.5	0.0038098815812585194
592.0	0.03428458945531407
592.5	0.004418219856111049
593.0	0.0019161365238097737
593.5	0.0010587179171937776
594.0	0.0008125885403836815
594.5	0.00036877388141791904
595.0	0.00022098105510876684
595.5	0.0002459934956947214
596.0	0.00016019505497452428
596.5	0.00032198774008860225
597.0	0.0003912421892936543
597.5	0.0006297854034445867
598.0	0.0010169419971069688
598.5	0.0018816811034913328
599.0	0.004341656682532726
599.5	0.05930360969919706
600.0	0.004017146842331814
600.5	0.0028911321499150025
601.0	0.0011354111698670636
601.5	0.000977082600406153
602.0	0.000649075602078987
602.5	0.0005493407402020036
603.0	0.0005969630589905326
603.5	0.0008391019932936338
604.0	0.0016803076779146242
604.5	0.002659722987618653
605.0	0.01137437409393742
605.5	0.002851036842119549
606.0	0.0028627007016919595
606.5	0.006371463759518586
607.0	0.02489736622978642
607.5	0.0038278572326251206
608.0	0.001994980020304841
608.5	0.0011393182472881256
609.0	0.0010248272572155202
609.5	0.00043281312143196983
610.0	0.000279764432330197
610.5	0.0002593555988672025
611.0	0.00020736903170453632
611.5	0.00044773681312536946
612.0	0.001459295565968793
612.5	0.0006542733681689775
613.0	0.0011433409001318086
613.5	0.0021759219650245077
614.0	0.005353453721289809
614.5	0.015010702579933765
615.0	0.0032023466209539896
615.5	0.0015731222860503667
616.0	0.0008800458103763467
616.5	0.0006261516205685093
617.0	0.0004312182697067639
617.5	0.00020395848542435332
618.0	0.00017490111884758088
618.5	0.00034452441315158805
619.0	0.0003990504155403592
619.5	0.000502467743669157
620.0	0.0008478614230971145
620.5	0.0013892674881599814
621.0	0.0026876888076757754
621.5	0.006403422697900799
622.0	0.01142408370551887
622.5	0.0035986509547623895
623.0	0.0026548658944991867
623.5	0.006324971752583633
624.0	0.002522313760304622
624.5	0.0011754829735608175
625.0	0.0008009197930050408
625.5	0.0005298185330520127
626.0	0.00047376692685541303
626.5	0.0005218827764265856
627.0	0.0006085687337012192
627.5	0.0008358455824467819
628.0	0.0013623216124699056
628.5	0.00267860488638677
629.0	0.007178148421670687
629.5	0.008635466013786506
630.0	0.0027899691509302594
630.5	0.0013710014658282993
631.0	0.0007943933883783151
631.5	0.0005108627866408325
632.0	0.0002708625825450853
632.5	0.0001451778203376028
633.0	0.00016151063002992232
633.5	0.0002328302556214537
634.0	0.0002846340932161493
634.5	0.00044622681658826026
635.0	0.000976444871241069
635.5	0.0013755856267121528
636.0	0.0027319020786455784
636.5	0.008710579268568192
637.0	0.00715785572919214
637.5	0.0025250099991892833
638.0	0.001396557547807808
638.5	0.0009153385750369349
639.0	0.0006219181112272626
639.5	0.0004858530353066739
640.0	0.0005100637241126446
640.5	0.0005523165465586902
641.0	0.0008643442647763682
641.5	0.0019251092528095196
642.0	0.003091578569008503
642.5	0.0037610662673309837
643.0	0.002568480351924702
643.5	0.0036041469367518093
644.0	0.011308814024437959
644.5	0.006356516492072023
645.0	0.0025458028266691904
645.5	0.0013741791441540141
646.0	0.0008908973518206651
646.5	0.0005967981000711122
647.0	0.0003181470496250039
647.5	0.00023039872777262158
648.0	0.0005905412587829545
648.5	0.0002885390157453235
649.0	0.00034418726072571107
649.5	0.0005740997839246598
650.0	0.0009003729813609573
650.5	0.001561458745565693
651.0	0.003293310761085765
651.5	0.014904199358666175
652.0	0.0052625953619716715
652.5	0.0021617294309100397
653.0	0.0012601133812667935
653.5	0.0007733278172301991
654.0	0.0004698501569367276
654.5	0.0005005035412678612
655.0	0.0002830025125330752
655.5	0.00035567627465427846
656.0	0.0005338326004802631
656.5	0.0007213259569119922
657.0	0.00147973023534757
657.5	0.001378870282605499
658.0	0.002061249462768999
658.5	0.003973967744016552
659.0	0.02427537006046577
659.5	0.00536180364887277
660.0	0.002917029049846421
660.5	0.003003927469158796
661.0	0.006214675883629869
661.5	0.0016987435899278789
662.0	0.0009631867171767354
662.5	0.0007043636265459788
663.0	0.0005432125167654769
663.5	0.0006422898631335875
664.0	0.0005886238515878846
664.5	0.0007821239072574154
665.0	0.0011322182452381114
665.5	0.0019073314575352655
666.0	0.004460974465800557
666.5	0.057141323252038516
667.0	0.004198500847929261
667.5	0.002029227085991716
668.0	0.0011022101371864575
668.5	0.0013376593367741224
669.0	0.0004869343437693836
669.5	0.00035321254860350913
670.0	0.0003305049672359201
670.5	0.0004788621200701476
671.0	0.001050819188396386
671.5	0.000721299390197588
672.0	0.0008159446586606528
672.5	0.0013606968709203595
673.0	0.0020408506283759982
673.5	0.004570554920566419
674.0	0.03569881985111233
674.5	0.0038268129369752905
675.0	0.00184761444942577
675.5	0.0011519578566557842
676.0	0.0008379181350840595
676.5	0.0005534947022766135
677.0	0.0004958709034810854
677.5	0.0005757955829332594
678.0	0.0007024204625202415
678.5	0.001078237252186828
679.0	0.0024041145387917505
679.5	0.01055925018077763
680.0	0.0026888283001513975
680.5	0.0029415335319066096
681.0	0.00549042803044794
681.5	0.018862293199256887
682.0	0.0036398647529807546
682.5	0.001835316702865223
683.0	0.0010799237863662954
683.5	0.0007025317738235495
684.0	0.0004693900660723688
684.5	0.0002523329749516705
685.0	0.00020342573381845793
685.5	0.0005149338390655179
686.0	0.00032571803844448876
686.5	0.00040033237724702376
687.0	0.0007130025876974009
687.5	0.0011813722117654825
688.0	0.0022411945205750763
688.5	0.005779700466705566
689.0	0.012604523859391823
689.5	0.003038782835863386
690.0	0.0015045513510056694
690.5	0.001021517995041309
691.0	0.0005685219048527935
691.5	0.00030102634514565373
692.0	0.0003253423585705792
692.5	0.0001909100105494264
693.0	0.0003124194050408682
693.5	0.0003965242949983666
694.0	0.000528927268136645
694.5	0.0008976689702762108
695.0	0.001436458144756475
695.5	0.002803492286174756
696.0	0.006858692328237823
696.5	0.010055535610730705
697.0	0.0037500944301945846
697.5	0.0026055120740683217
698.0	0.005388626326810097
698.5	0.002623588983036088
699.0	0.001199093405995725
699.5	0.0007447525086645637
700.0	0.0005828395318702394
700.5	0.0005493948230847244
701.0	0.0004941551418116554
701.5	0.0006159789628856166
702.0	0.0009449109112088254
702.5	0.0014612411777119364
703.0	0.0026876375727627397
703.5	0.008479537063030071
704.0	0.00778516666090423
704.5	0.0026128568001139623
705.0	0.0015004017059170524
705.5	0.0008089972088188894
706.0	0.00048207213100082564
706.5	0.0003161075950865796
707.0	0.00025729708728934174
707.5	0.0006873245061701744
708.0	0.00027822527494616116
708.5	0.0005183400786969774
709.0	0.000716750142451902
709.5	0.0016251328546893907
710.0	0.0019260750789801193
710.5	0.0029856500851088317
711.0	0.009860399901644532
711.5	0.006620446771338922
712.0	0.0025444238860611082
712.5	0.001405645571942202
713.0	0.0008836360075286244
713.5	0.0006615833285644978
714.0	0.0004949213530845899
714.5	0.000577966775074208
715.0	0.0007092854715685279
715.5	0.0007972981386540542
716.0	0.0013141390236889702
716.5	0.0031421696034521864
717.0	0.00464344728672284
717.5	0.002595814608683169
718.0	0.0037437973160958805
718.5	0.01333183632272804
719.0	0.005865053175467872
719.5	0.0025051883464452347
720.0	0.001371513073052673
720.5	0.0008191628617946675
721.0	0.000510920468757065
721.5	0.0004716677105718074
722.0	0.0002414751170258318
722.5	0.00017657928467319726
723.0	0.00031942534979551116
723.5	0.0003489063957454404
724.0	0.0006041521152495829
724.5	0.0009400211400717476
725.0	0.0016125799258880074
725.5	0.0033543816778900948
726.0	0.019278084030931408
726.5	0.00504466810858325
727.0	0.0020096291082127285
727.5	0.0011015282108721154
728.0	0.0007943759874957726
728.5	0.00042296820123282226
729.0	0.00040946001561550807
729.5	0.00027456174384520086
730.0	0.00020575970023243954
730.5	0.0002705318789059972
731.0	0.0005385145319605139
731.5	0.0007730238420112273
732.0	0.0010983502442547227
732.5	0.0019452261877999375
733.0	0.004079998605034959
733.5	0.04067523818299521
734.0	0.0048657343205129235
734.5	0.002941644076335483
735.0	0.002837998199080521
735.5	0.006468794575228032
736.0	0.0017674294622376573
736.5	0.000954705633618865
737.0	0.0006229262894136315
737.5	0.0005059026286657529
738.0	0.0005312391519145879
738.5	0.0005514310011372626
739.0	0.0007514370137199186
739.5	0.0011695028390449527
740.0	0.0019285472471760462
740.5	0.004379282181117929
741.0	0.04778731293649786
741.5	0.0038451714385537173
742.0	0.0017674195337798134
742.5	0.0010375348493240515
743.0	0.0007643440160514407
743.5	0.0003321523455886772
744.0	0.0002259366605996848
744.5	0.00017131891394056237
745.0	0.0001377524920325571
745.5	0.00031220580356530964
746.0	0.0004244810401394523
746.5	0.000660278867123755
747.0	0.001116043486831147
747.5	0.002555244065906092
748.0	0.0048231726702311906
748.5	0.020915907765369373
749.0	0.0035573734502464204
749.5	0.0017639384058039333
750.0	0.001023528076509976
750.5	0.000726583473187325
751.0	0.0005432711579995206
751.5	0.0004524111891712025
752.0	0.0005918153252283406
752.5	0.0007210123883357897
753.0	0.0010116367422749286
753.5	0.001835485668660137
754.0	0.010702871976634202
754.5	0.0029760760699234275
755.0	0.0029958776027321867
755.5	0.0060502763918092095
756.0	0.013828061503475647
756.5	0.003395410225060083
757.0	0.0019079913294768808
757.5	0.0010689253574681125
758.0	0.000656083294399511
758.5	0.0004641239777717799
759.0	0.00038955083312824045
759.5	0.0003586726740697292
760.0	0.00028336084415430025
760.5	0.0005315114193852316
761.0	0.000619486410851993
761.5	0.000955097264556249
762.0	0.0020569970359254263
762.5	0.0026863506049758607
763.0	0.006526126328690821
763.5	0.010148185961778302
764.0	0.002960867876968631
764.5	0.001518021743074158
765.0	0.0008873789981319731
765.5	0.0007513525882036052
766.0	0.00048486151287876594
766.5	0.0002596200549536674
767.0	0.000327076760340819
767.5	0.0002994980460732567
768.0	0.0003844649558664831
768.5	0.0008235263421878228
769.0	0.0009610364408254286
769.5	0.0015515204670787913
770.0	0.0028770391105541393
770.5	0.00804186333362516
771.0	0.008542841212894272
771.5	0.0033434777656294974
772.0	0.003142840105129693
772.5	0.004859931483537281
773.0	0.002708433711042626
773.5	0.0014821939635886296
774.0	0.0010414699067263886
774.5	0.0011010342851019634
775.0	0.0009556729138261698
775.5	0.0007480892532255113
776.0	0.0008243658288859105
776.5	0.001042262024354077
777.0	0.0017007913442631409
777.5	0.0030130882822406433
778.0	0.009574410296155345
778.5	0.0068034102548599285
779.0	0.0024665660374470536
779.5	0.001298765418078168
780.0	0.0009738351341608275
780.5	0.00046309732275226967
781.0	0.00029145196363783866
781.5	0.00020819116196886512
782.0	0.0002087390413123259
782.5	0.0003323249090115508
783.0	0.00030881726697748544
783.5	0.0008218826483732043
784.0	0.0008841478657529533
784.5	0.0015223824482625064
785.0	0.0032176402898420947
785.5	0.012654118754542877
786.0	0.0056705448274452916
786.5	0.0023352926325770746
787.0	0.0012879588078910378
787.5	0.0008371761487392515
788.0	0.0005775588535318309
788.5	0.0005388408008910039
789.0	0.0005273151446974634
789.5	0.0005556061878162308
790.0	0.0011345048507658585
790.5	0.0013007020372330987
791.0	0.00293973371722438
791.5	0.004310989331896544
792.0	0.002713540093871645
792.5	0.004021751342430606
793.0	0.019287848437403294
793.5	0.00522068161456224
794.0	0.002451832514421192
794.5	0.0012716557389615786
795.0	0.0009057582701234171
795.5	0.0004859115182642153
796.0	0.0003082178322612536
796.5	0.0003859597621155666
797.0	0.0001900164823648608
797.5	0.0002288019253253151
798.0	0.00039323422466128145
798.5	0.0006531664077362716
799.0	0.0009898865855271026
799.5	0.001731180560097085
800.0	0.0037837661060675966
800.5	0.03853117472602949
801.0	0.004299630673149081
801.5	0.0024352193060266643
802.0	0.0010415216073955055
802.5	0.0005983895659688525
803.0	0.0005102525999478865
803.5	0.00025691373454014415
804.0	0.00019703508900815762
804.5	0.00022994215766926782
805.0	0.00031310338621336165
805.5	0.0006470749952056903
806.0	0.0007254782128276008
806.5	0.0013181884225840171
807.0	0.0020859417137243322
807.5	0.0044586073616214176
808.0	0.05057332319966991
808.5	0.004398017619957425
809.0	0.002638334465950016
809.5	0.0027823099595941287
810.0	0.007030544824619452
810.5	0.0016878305703673427
811.0	0.00097667963648074
811.5	0.0008710547333585442
812.0	0.0005427403174726324
812.5	0.0006436918462800894
813.0	0.0008103656226041221
813.5	0.0009327823248810697
814.0	0.0014162151332407715
814.5	0.0027674466134734945
815.0	0.0052670941414736236
815.5	0.019711511170359346
816.0	0.0035958156361918002
816.5	0.0017551803768287395
817.0	0.0010700746352609901
817.5	0.0005778947714530944
818.0	0.0011832531355612324
818.5	0.00023623946648801912
819.0	0.00016616015490373762
819.5	0.0002323011979610099
820.0	0.00026299538626704
820.5	0.0004509628451844004
821.0	0.0007186828375413846
821.5	0.0013435923450283
822.0	0.002236628107439652
822.5	0.005745296760115425
823.0	0.01239198921516094
823.5	0.0031017424351285077
824.0	0.0015804295443122875
824.5	0.001043678539274316
825.0	0.000689586500312391
825.5	0.0004726529163063264
826.0	0.0005844370107280689
826.5	0.0005084462753570701
827.0	0.0006691294468380269
827.5	0.0010011633839071667
828.0	0.001910334172505098
828.5	0.008972459067845365
829.0	0.002914362370251572
829.5	0.0034128087271610525
830.0	0.007402885938527722
830.5	0.009354158077897558
831.0	0.00301850678212291
831.5	0.0016093059028931943
832.0	0.0009218699229690246
832.5	0.0005768873257054386
833.0	0.00042263832588303993
833.5	0.00025148295153774105
834.0	0.0002457904895450502
834.5	0.00044284069411882953
835.0	0.00037964902439295334
835.5	0.0004468451141324389
836.0	0.0008766452396566929
836.5	0.001369126132643551
837.0	0.002673869521794668
837.5	0.008697249099136354
838.0	0.007040270790020232
838.5	0.002608247274372072
839.0	0.001258156975932462
839.5	0.001254412567984926
840.0	0.00042453854706760955
840.5	0.0002730449032094314
841.0	0.00027646975956695577
841.5	0.00018469062035194722
842.0	0.0002404734904601175
842.5	0.0003699882587289838
843.0	0.0006730789365689556
843.5	0.0009734737043633425
844.0	0.0017225934959180854
844.5	0.003346863639206843
845.0	0.012039848596400445
845.5	0.0062247058008108175
846.0	0.0029912863239852355
846.5	0.0023432445117224435
847.0	0.004405913499563824
847.5	0.0026879801889036267
848.0	0.0011960842053361398
848.5	0.0008094100032697122
849.0	0.0005438135971608674
849.5	0.0005731995999306291
850.0	0.0005206891708545755
850.5	0.0006928781257804461
851.0	0.0011810476457411098
851.5	0.0016918864769890221
852.0	0.00349101162670275
852.5	0.018404312049133873
853.0	0.00501632166423204
853.5	0.002063430632466712
854.0	0.0011377925651979571
854.5	0.0006939108984882897
855.0	0.0003735520084095891
855.5	0.00024334464361331837
856.0	0.001050708877084431
856.5	0.00024031272767967597
857.0	0.000201416597778558
857.5	0.0004441683154591198
858.0	0.0005731726347044578
858.5	0.0009883543235977004
859.0	0.001784497387843563
859.5	0.0038514836963615784
860.0	0.043409740323279884
860.5	0.004310217604416063
861.0	0.00217834626459441
861.5	0.001137123636142009
862.0	0.0008081616739038856
862.5	0.0006549792363953164
863.0	0.0004906900543433626
863.5	0.0005077353501671699
864.0	0.0006421280061472966
864.5	0.000922071246431458
865.0	0.0013963068248857798
865.5	0.0031664281705662436
866.0	0.004582963620786999
866.5	0.0032602228341799848
867.0	0.0054808674668406655
867.5	0.03875975667934433
868.0	0.004245828055622803
868.5	0.0020931080334970023
869.0	0.001300091745405412
869.5	0.0009349892627289929
870.0	0.0006320353197965592
870.5	0.0003630999494030345
871.0	0.0003482565947595004
871.5	0.0002539435737707669
872.0	0.00034515106128989344
872.5	0.0006377205265012377
873.0	0.0007430393093084102
873.5	0.0011950252484863426
874.0	0.00219793483439424
874.5	0.005234587261908969
875.0	0.017134487238187713
875.5	0.003445951310192679
876.0	0.001707502460138167
876.5	0.0010276165433101307
877.0	0.0007093045606069798
877.5	0.0006574403626813841
878.0	0.0007332300538981106
878.5	0.0006655465823155463
879.0	0.0007692611687587892
879.5	0.0004812310268808492
880.0	0.000653783998893319
880.5	0.0009349450123958786
881.0	0.001455486737412145
881.5	0.0025385955626190493
882.0	0.006270242113458686
882.5	0.011714213245806791
883.0	0.0035252557141912484
883.5	0.0025156741107499243
884.0	0.0036373325176765176
884.5	0.007304974861865653
885.0	0.0016411486119580793
885.5	0.0009938977217050459
886.0	0.0007366668493803324
886.5	0.0005240182713533262
887.0	0.0005692054413195086
887.5	0.0006625942275875499
888.0	0.0010196609076093398
888.5	0.001410127337026425
889.0	0.0027818643568842433
889.5	0.007307986429409271
890.0	0.008430373719822717
890.5	0.0027753560304395984
891.0	0.001382312723490015
891.5	0.0007948636154360779
892.0	0.0004848484081149415
892.5	0.00038338257897619444
893.0	0.00016854692477904045
893.5	0.00020307158229363118
894.0	0.00024080732456856346
894.5	0.0002937434032526053
895.0	0.00045969493694528256
895.5	0.0009746933649472344
896.0	0.0014193942298256976
896.5	0.0027691035394808157
897.0	0.00942836543175976
897.5	0.006728773104474943
898.0	0.0025286553441257473
898.5	0.0013406761222883483
899.0	0.000932043127976694
899.5	0.0005894387870218292
900.0	0.0004449982457543708
900.5	0.0009317428690311274
901.0	0.0004883566691996268
901.5	0.0007272343588695856
902.0	0.0010960311566584262
902.5	0.0019878706332745505
903.0	0.009165384005460972
903.5	0.003195746952261295
904.0	0.003917254982628964
904.5	0.013387609860065847
905.0	0.005924895926856648
905.5	0.0025646873589690628
906.0	0.0014147487335619791
906.5	0.0008122333963520203
907.0	0.0007356109132084082
907.5	0.000325581213179053
908.0	0.0002423128502542666
908.5	0.00023452300329676997
909.0	0.00025056315716276195
909.5	0.00034388938046572517
910.0	0.0005481474633943676
910.5	0.0010166717731184744
911.0	0.001644763782082506
911.5	0.0036350030758663197
912.0	0.021621179482567233
912.5	0.004754274920190701
913.0	0.001998507776004342
913.5	0.001170067126473701
914.0	0.0006581279150782079
914.5	0.00039092948777601347
915.0	0.00030175822061530923
915.5	0.00024880215399330276
916.0	0.0004418899027853271
916.5	0.00029821428273296864
917.0	0.0007774117647947629
917.5	0.0007272530856121242
918.0	0.0011950190631603928
918.5	0.0021312072230988935
919.0	0.004292957796523506
919.5	0.05976422323923637
920.0	0.00538339058966905
920.5	0.002929877403976654
921.0	0.002312982662444537
921.5	0.0046580484672562135
922.0	0.002642114218593994
922.5	0.0012157646070888942
923.0	0.0007738688719752524
923.5	0.0007189480811815247
924.0	0.0005623837699936301
924.5	0.0005911262955577908
925.0	0.00095264652284742
925.5	0.0012011915076814933
926.0	0.0020913796261256756
926.5	0.00455710103566088
927.0	0.028823819429395235
927.5	0.0036708161212828778
928.0	0.0017139104482842696
928.5	0.0012209740962802573
929.0	0.000547633776534274
929.5	0.00040683897638501166
930.0	0.00033412702504976953
930.5	0.00020458737598166288
931.0	0.0001481484831974642
931.5	0.00026976156915618397
932.0	0.0003917683107953063
932.5	0.0006552394619003411
933.0	0.0011583492938448796
933.5	0.0021474504837313965
934.0	0.005285671191425186
934.5	0.015197088755711567
935.0	0.003412898586343011
935.5	0.0016143057321443977
936.0	0.0009729970906485691
936.5	0.0009910955737214193
937.0	0.00046517030414085247
937.5	0.00041568236495132476
938.0	0.0005015438456991522
938.5	0.0006317200879074524
939.0	0.0008532985177227132
939.5	0.0015072767443072366
940.0	0.0031793469654661575
940.5	0.004345280439341934
941.0	0.0033970686819631887
941.5	0.006875258961679834
942.0	0.010835219585770894
942.5	0.003178075354531344
943.0	0.0019274607098544035
943.5	0.0009697211125096907
944.0	0.0007245104512543358
944.5	0.00044201859434707304
945.0	0.000273428825924785
945.5	0.00019287885602693844
946.0	0.00022537726981597536
946.5	0.00030922950256121346
947.0	0.00043618054793263453
947.5	0.0008175780737249168
948.0	0.0014040280033858123
948.5	0.0026845021260092886
949.0	0.007570208535158478
949.5	0.008475320767028898
950.0	0.0025825125378417697
950.5	0.0013302665750231624
951.0	0.0008118099637644408
951.5	0.0004471019763446052
952.0	0.00030420526413974306
952.5	0.00019837817579991757
953.0	0.00039351873017710236
953.5	0.00021548689461309642
954.0	0.00037099003631345807
954.5	0.0006549706056739677
955.0	0.0009177228702568646
955.5	0.0015768786564429578
956.0	0.0031757049559657962
956.5	0.0101142798801888
957.0	0.006874914756023111
957.5	0.0031413567728405924
958.0	0.002111738209874771
958.5	0.00257327326697362
959.0	0.006077403767370125
959.5	0.0015863417774402283
960.0	0.0008791179067110023
960.5	0.0006971039366225183
961.0	0.0007421039960884619
961.5	0.0005470563414023764
962.0	0.000876566051420025
962.5	0.0010844069373172817
963.0	0.0016920301315292898
963.5	0.0032454499142972786
964.0	0.014051191926709627
964.5	0.005440729737374513
965.0	0.002190174710492622
965.5	0.0012123951871174305
966.0	0.0007535077924116485
966.5	0.0005513079352141144
967.0	0.0002578649520652057
967.5	0.0010889666218327368
968.0	0.00017695907734369677
968.5	0.00024711823324471586
969.0	0.00042488341692156946
969.5	0.0006014027137499834
970.0	0.0010288191989685533
970.5	0.0017707266426153349
971.0	0.0037775457727573358
971.5	0.024830520810255875
972.0	0.00492091883869382
972.5	0.0026999261430827788
973.0	0.0015710843661231651
973.5	0.0009620154215484024
974.0	0.0009588515254793351
974.5	0.0005476038691766817
975.0	0.0005123366610664287
975.5	0.0007117350491042431
976.0	0.0007961178277926834
976.5	0.001252721025035922
977.0	0.002123132502003616
977.5	0.011100633659687735
978.0	0.0034590064785672047
978.5	0.004893381030490061
979.0	0.06741831007972478
979.5	0.004465900074856993
980.0	0.0022614842945955765
980.5	0.001499480902547115
981.0	0.0010579928342428256
981.5	0.000899957760457227
982.0	0.0009055658379571977
982.5	0.0005113720351498874
983.0	0.0003961025648837081
983.5	0.0004077076709833944
984.0	0.0005272629335277834
984.5	0.000756847030901588
985.0	0.0011379287493842208
985.5	0.002311922173722518
986.0	0.004630588440126006
986.5	0.024731562193538583
987.0	0.0036517513051836942
987.5	0.0017003017901614822
988.0	0.0010385783812129508
988.5	0.0005917953691929454
989.0	0.00041244804776350495
989.5	0.00023004538680780132
990.0	0.0003624300062752795
990.5	0.00027184207547022567
991.0	0.000328798523790912
991.5	0.0004821639716301177
992.0	0.0011228079839361526
992.5	0.0013062864727629133
993.0	0.0023379239594030848
993.5	0.0057061938723639224
994.0	0.014341090474483698
994.5	0.0038055251142238775
995.0	0.0022418226992750503
995.5	0.0021290694435218043
996.0	0.005058924108843811
996.5	0.0023068958882441243
997.0	0.0013167800052140313
997.5	0.0007056831107146225
998.0	0.0005854015478639323
998.5	0.0007717755653300054
999.0	0.0008259330837664774
999.5	0.0008762149354753623
1000.0	0.0014246183468040615
1000.5	0.0024536706856114975
1001.0	0.006470552758281369
1001.5	0.009912540476476512
1002.0	0.0028930899763947517
1002.5	0.0014554157611359768
1003.0	0.0008119539357548271
1003.5	0.000795322856885228
1004.0	0.00026891786060171617
1004.5	0.00021004860379542198
1005.0	0.00021975396799631718
1005.5	0.0001806361429857129
1006.0	0.00041451980100407944
1006.5	0.0004612553090323733
1007.0	0.0007916198327988494
1007.5	0.0013242900809229382
1008.0	0.0027400147055897904
1008.5	0.007993637031526692
1009.0	0.007752956403489094
1009.5	0.002597552132021385
1010.0	0.0022818752982152702
1010.5	0.0008454229808526795
1011.0	0.0005672747697107088
1011.5	0.0005023014526685238
1012.0	0.00040040995018862
1012.5	0.0005524847903856213
1013.0	0.0006129413546702202
1013.5	0.0009879814099849928
1014.0	0.0015042354411672028
1014.5	0.003585184649947245
1015.0	0.0043141278599193745
1015.5	0.0039104991126657765
1016.0	0.010994870137996283
1016.5	0.006842485883771087
1017.0	0.0026955865282171343
1017.5	0.0014813869632739165
1018.0	0.0009992489187937573
1018.5	0.0005665208719654025
1019.0	0.0003704841595601817
1019.5	0.00027447914709266
1020.0	0.00025987735830606504
1020.5	0.0002580925781455257
1021.0	0.0003577625923623483
1021.5	0.0006833320131810779
1022.0	0.0009322877305770213
1022.5	0.0016866509375624286
1023.0	0.004297904382491784
1023.5	0.015000022580977195
1024.0	0.0053325329456488935
1024.5	0.002348490439239721
1025.0	0.001518154595437696
1025.5	0.0012376934126985969
1026.0	0.0006860558067670178
1026.5	0.000390257639143611
1027.0	0.000347486295177864
1027.5	0.0002600370019943252
1028.0	0.00036753590798700107
1028.5	0.0004282513515565623
1029.0	0.0006811038517767993
1029.5	0.0013104637215184047
1030.0	0.0018634950123330297
1030.5	0.0038711013258559217
1031.0	0.027793430822322933
1031.5	0.0050236334142507956
1032.0	0.0025101067073701536
1032.5	0.002024075676370683
1033.0	0.0026603494587085622
1033.5	0.004728090685963227
1034.0	0.0014636601260875944
1034.5	0.0008700082269011101
1035.0	0.000676073527108789
1035.5	0.0005351826012556006
1036.0	0.0007928848866668948
1036.5	0.000780029271009931
1037.0	0.0011476421385801054
1037.5	0.0020637233112548513
1038.0	0.004136435731884172
1038.5	0.06372785920238397
1039.0	0.004156800264960377
1039.5	0.0018762343286703785
1040.0	0.0009838915181922922
1040.5	0.000674041220986267
1041.0	0.0003607986103941824
1041.5	0.00023142252636530554
1042.0	0.0001443144923464753
1042.5	0.00022471770500480682
1043.0	0.00021910824387396687
1043.5	0.0003478950802675508
1044.0	0.0009571070317552487
1044.5	0.001094204249390921
1045.0	0.0020642221446623165
1045.5	0.004713125863117152
1046.0	0.022960739053096
1046.5	0.0035256777744899323
1047.0	0.0017239909693873574
1047.5	0.0010266938674436618
1048.0	0.0006426155981842045
1048.5	0.0005238126456874084
1049.0	0.00044893135138282265
1049.5	0.0004854921255010652
1050.0	0.0005111860453524867
1050.5	0.001578581251628868
1051.0	0.0011857363214316501
1051.5	0.0022558611542263796
1052.0	0.010774821053838743
1052.5	0.003590578996022194
1053.0	0.006241256698635146
1053.5	0.014016264880342045
1054.0	0.003566449852963143
1054.5	0.0017635986071650861
1055.0	0.001066677572193195
1055.5	0.0006905547293819275
1056.0	0.00039793393784077065
1056.5	0.00028299527228305344
1057.0	0.000409270030646805
1057.5	0.00029511054550175267
1058.0	0.00027385754451561285
1058.5	0.0006041687271612034
1059.0	0.0007168898386012955
1059.5	0.0012477841549457661
1060.0	0.0023931478211461714
1060.5	0.0064836436800889095
1061.0	0.009690339412712329
1061.5	0.0028084560217282884
1062.0	0.00149756853500362
1062.5	0.0007859753190306881
1063.0	0.0005648026970637201
1063.5	0.00039383000523311983
1064.0	0.00021510480228707177
1064.5	0.00017919117310596558
1065.0	0.0004004062188029995
1065.5	0.00035126430247381683
1066.0	0.000524559265781029
1066.5	0.000980175233859047
1067.0	0.0015016588708539804
1067.5	0.0028787434739362986
1068.0	0.008254805712376127
1068.5	0.007956415995001326
1069.0	0.003037384469990449
1069.5	0.002063267117115054
1070.0	0.0021702828816937804
1070.5	0.007268526893491297
1071.0	0.0020870087635067123
1071.5	0.0016496679872024952
1072.0	0.0007952287864083536
1072.5	0.000582736218925928
1073.0	0.0006964409544905546
1073.5	0.0007293951074620195
1074.0	0.0010214257021702291
1074.5	0.0016525759779056203
1075.0	0.0030429632248508373
1075.5	0.010598230976662367
1076.0	0.006340858126609352
1076.5	0.00260809388567791
1077.0	0.0014073080892559673
1077.5	0.001032957019353587
1078.0	0.002420203075680742
1078.5	0.0005462006962381997
1079.0	0.000353811215675828
1079.5	0.00032338895285834016
1080.0	0.00042698888410284746
1080.5	0.00040766533647470577
1081.0	0.0007029548092656974
1081.5	0.0010012428648950378
1082.0	0.0016770814071779558
1082.5	0.0033291733479451813
1083.0	0.015412109948346707
1083.5	0.005408873116172661
1084.0	0.002335630349987048
1084.5	0.0015713089216873731
1085.0	0.0011651178030558478
1085.5	0.0012088404921464775
1086.0	0.0007370770135762847
1086.5	0.0006312331960117044
1087.0	0.0006209037732308978
1087.5	0.000760153465103074
1088.0	0.0011902345606104043
1088.5	0.0017552946398606095
1089.0	0.004668402540684985
1089.5	0.004228726363519203
1090.0	0.004695060788847915
1090.5	0.028703755922157154
1091.0	0.004971692706358782
1091.5	0.0022839326521392556
1092.0	0.0013125841288550552
1092.5	0.0008192862484735664
1093.0	0.0005912302777744107
1093.5	0.00038804896763023966
1094.0	0.00023979317775095856
1094.5	0.0005298708243432251
1095.0	0.0002603817911107099
1095.5	0.0003968215176836291
1096.0	0.0006473188596512749
1096.5	0.0010369814267792111
1097.0	0.0018420285937881388
1097.5	0.0040825466104490995
1098.0	0.06249400191361006
1098.5	0.003951729700745161
1099.0	0.0019005666293780829
1099.5	0.0018835907179215795
1100.0	0.0005968818776977024
1100.5	0.0003408936701839817
1101.0	0.00028986487202319137
1101.5	0.0001957705440761799
1102.0	0.00018507984293864997
1102.5	0.0003586780835640677
1103.0	0.0004624973014728476
1103.5	0.0008369570283526729
1104.0	0.0011983324609691473
1104.5	0.002335380056484266
1105.0	0.0048956387061784255
1105.5	0.022889735469987522
1106.0	0.003982205867024714
1106.5	0.002249457292822429
1107.0	0.001952794968975236
1107.5	0.003088243818266053
1108.0	0.003500041286699622
1108.5	0.0012631013220856325
1109.0	0.000804327965865605
1109.5	0.0006695412270047567
1110.0	0.0006195589533497702
1110.5	0.0006238740565739734
1111.0	0.0009687658708337119
1111.5	0.0013273280332605443
1112.0	0.00225899702273192
1112.5	0.005696335129875349
1113.0	0.01345405201088596
1113.5	0.003157483349536166
1114.0	0.0015520706347950763
1114.5	0.0009183564249504132
1115.0	0.0005111870834724677
1115.5	0.0003331604455870663
1116.0	0.0007618417377924362
1116.5	0.00014129771027852268
1117.0	0.00031698868611550055
1117.5	0.00028210914161617913
1118.0	0.00044860891758948765
1118.5	0.0007011975334258886
1119.0	0.0012834835397221305
1119.5	0.002427939812827582
1120.0	0.006530991476935581
1120.5	0.009665185793944767
1121.0	0.0030497751510793897
1121.5	0.0017410864311204935
1122.0	0.0008845729567442043
1122.5	0.0006952962699240014
1123.0	0.0004525180704549252
1123.5	0.00040021596964490635
1124.0	0.0004790703875208068
1124.5	0.0005927119929054931
1125.0	0.0008815913093601471
1125.5	0.0013607525010134358
1126.0	0.0029871122715442624
1126.5	0.006270195247291467
1127.0	0.0039171298264656365
1127.5	0.009014420442312383
1128.0	0.008022097514418323
1128.5	0.002941483053642213
1129.0	0.0016795575685104064
1129.5	0.001098899535501978
1130.0	0.0007897506587487499
1130.5	0.00124671617958675
1131.0	0.0006215555494250404
1131.5	0.0003987650757773657
1132.0	0.00033457367776564505
1132.5	0.0005672034103687548
1133.0	0.0005814844707066465
1133.5	0.0008658790855671221
1134.0	0.0015855349023790538
1134.5	0.0029274092082383885
1135.0	0.01069818068121953
1135.5	0.006188604977533172
1136.0	0.0023734684985624753
1136.5	0.001216466667796803
1137.0	0.0007275295153945173
1137.5	0.00048653757920083903
1138.0	0.00028393363769950534
1138.5	0.00021346671562140463
1139.0	0.0005142858750823274
1139.5	0.0004059545741978982
1140.0	0.00035818243758783865
1140.5	0.0006813787487828589
1141.0	0.0009938562087301668
1141.5	0.0017140535359527406
1142.0	0.003475744353308074
1142.5	0.015490647206768538
1143.0	0.005572005124097272
1143.5	0.002624177900156502
1144.0	0.0021922249699006433
1144.5	0.0022396132360238716
1145.0	0.010046338589256118
1145.5	0.0017533187414865293
1146.0	0.0009310612365381445
1146.5	0.0006356134479646942
1147.0	0.0005725948875014738
1147.5	0.0006569421157514758
1148.0	0.0007197552308426484
1148.5	0.0011943670918187238
1149.0	0.0018311647000116326
1149.5	0.003724965361346973
1150.0	0.028435035674074956
1150.5	0.005519038219769091
1151.0	0.0021037525498865213
1151.5	0.001056776452440887
1152.0	0.0006783891090126917
1152.5	0.0003593023022541556
1153.0	0.0002886336003331473
1153.5	0.0001663441939549314
1154.0	0.00022073325310640915
1154.5	0.00018974994798662539
1155.0	0.0003495775848278752
1155.5	0.0006652160372857205
1156.0	0.0009979014978535549
1156.5	0.0018399015514179733
1157.0	0.004222365305801331
1157.5	0.06187578758866067
1158.0	0.003947062421277871
1158.5	0.001934330496580309
1159.0	0.001064329344927272
1159.5	0.0006800670105038446
1160.0	0.0005278140006621295
1160.5	0.0004396555951763426
1161.0	0.0004066290841130619
1161.5	0.000492305555573771
1162.0	0.0009661824000216463
1162.5	0.0010909416025082729
1163.0	0.002029826407427534
1163.5	0.008160184447363763
1164.0	0.0037378953043911635
1164.5	0.0055041486785670475
1165.0	0.023050339453635757
1165.5	0.0038781443173475983
1166.0	0.0019064404591318405
1166.5	0.0012269701662093492
1167.0	0.0007329342250016862
1167.5	0.0005127527274079637
1168.0	0.0002844551386008332
1168.5	0.0011159803741054993
1169.0	0.00022442901300054625
1169.5	0.0002696732886466844
1170.0	0.0005065137686082327
1170.5	0.0006878054311848092
1171.0	0.0012159135916272048
1171.5	0.002189692722592893
1172.0	0.005555101028676394
1172.5	0.013457405593604276
1173.0	0.0031517870690802464
1173.5	0.0016048644565373638
1174.0	0.000868182542254623
1174.5	0.0005301357095318699
1175.0	0.0005885446477393015
1175.5	0.00030615667963543894
1176.0	0.0001946285481559719
1176.5	0.000393377637269483
1177.0	0.00034990381032290035
1177.5	0.0005442741892518945
1178.0	0.0008737085131578297
1178.5	0.0014539362507904581
1179.0	0.0026040503671159185
1179.5	0.006801342456988431
1180.0	0.010205613251544543
1180.5	0.0033311872451708704
1181.0	0.0023285017038439243
1181.5	0.0022208401199107428
1182.0	0.0046767390043854756
1182.5	0.002613526360463355
1183.0	0.0016372872790750908
1183.5	0.0012581279554140928
1184.0	0.0008056931472030433
1184.5	0.0007910099453629126
1185.0	0.0008377419831347391
1185.5	0.0012440178257408273
1186.0	0.0015918148899255764
1186.5	0.003009620406428227
1187.0	0.008205676959662324
1187.5	0.007794132855874915
1188.0	0.002909951502872837
1188.5	0.0017508558132954594
1189.0	0.0014112240620022948
1189.5	0.000783813957492929
1190.0	0.0006875143632685232
1190.5	0.0003071749375843907
1191.0	0.00029660562798834755
1191.5	0.00037896099883516905
1192.0	0.00036895577092085414
1192.5	0.000599551680100636
1193.0	0.0009523396908315791
1193.5	0.0015364043556791206
1194.0	0.002929310516865102
1194.5	0.010687125333215513
1195.0	0.00627735448034587
1195.5	0.002430043140431236
1196.0	0.001331570747996201
1196.5	0.0009300130924992915
1197.0	0.0005776179376613025
1197.5	0.00043704175748468787
1198.0	0.0005270414978982377
1198.5	0.00047639903610302553
1199.0	0.0007867341076265555
1199.5	0.0009703289253294289
1200.0	0.001612776548511295
1200.5	0.0036202946103933223
1201.0	0.004351841139938363
1201.5	0.004335891515365961
1202.0	0.015731712966765742
1202.5	0.005664402862585884
1203.0	0.0025346907085004216
1203.5	0.0015019372737475158
1204.0	0.0008168826643938305
1204.5	0.0006176496869168689
1205.0	0.00034702775054592844
1205.5	0.0002545787030749245
1206.0	0.00021219304969923294
1206.5	0.00030620975155718427
1207.0	0.0003757688550559031
1207.5	0.0005487881221489346
1208.0	0.0011876435969994969
1208.5	0.0016752411814075178
1209.0	0.0036319150906849703
1209.5	0.027537674974469687
1210.0	0.00451826448645129
1210.5	0.0019332277386084756
1211.0	0.0010538744810828081
1211.5	0.0006825713562020111
1212.0	0.0003581410460779486
1212.5	0.0003043176970727223
1213.0	0.0004168787514598225
1213.5	0.0002517992326673824
1214.0	0.0002486840642402236
1214.5	0.00045686807443949843
1215.0	0.0007061492165758624
1215.5	0.001126205446218288
1216.0	0.002001116345226531
1216.5	0.004306578326088718
1217.0	0.06438581353480935
1217.5	0.0043325693811295625
1218.0	0.003431051502857094
1218.5	0.0019161025965412535
1219.0	0.0027259731729717433
1219.5	0.004268550523549203
1220.0	0.001379200561136161
1220.5	0.0008310313884126358
1221.0	0.0006112805915896863
1221.5	0.0006291891983667701
1222.0	0.0005947053888702093
1222.5	0.0009056560931060577
1223.0	0.001494278239480933
1223.5	0.0020983343668298524
1224.0	0.004719586122709051
1224.5	0.023379540979718335
1225.0	0.0035520023852777284
1225.5	0.0016745488406123407
1226.0	0.0009923734949400238
1226.5	0.0005918149023292521
1227.0	0.00045844925599003645
1227.5	0.00019932712007814015
1228.0	0.00038204347102159796
1228.5	0.00015912808724913833
1229.0	0.00026334930202984825
1229.5	0.0004783190021775341
1230.0	0.000681691806387621
1230.5	0.0012051096403919367
1231.0	0.0022044054628897356
1231.5	0.005663417943060421
1232.0	0.013737186573899095
1232.5	0.0032482938536648543
1233.0	0.001730278866798395
1233.5	0.0010077395562877603
1234.0	0.000705916143732188
1234.5	0.0006601164947790799
1235.0	0.0005986870280671665
1235.5	0.0007192485848424594
1236.0	0.001498139659996342
1236.5	0.0010410721608853256
1237.0	0.0014260152942665227
1237.5	0.0026584378578048606
1238.0	0.008038264382898539
1238.5	0.0037474395099658356
1239.0	0.0071989862572058375
1239.5	0.010488866244016973
1240.0	0.003194271637168444
1240.5	0.0018247121862806932
1241.0	0.0010849451534224435
1241.5	0.0006856418353124675
1242.0	0.0003950840495742422
1242.5	0.0002954089904470252
1243.0	0.00026510334369491626
1243.5	0.00022863038977981762
1244.0	0.00031754546076347866
1244.5	0.0010997196280253944
1245.0	0.0008681139805213755
1245.5	0.0013236600507949706
1246.0	0.002712175301053469
1246.5	0.007897255624917266
1247.0	0.007638901527793242
1247.5	0.0025593415992598667
1248.0	0.0013455846832527809
1248.5	0.0007648826047415005
1249.0	0.0004353855125330294
1249.5	0.0006402371419396226
1250.0	0.00017980512855184086
1250.5	0.0002489169837396791
1251.0	0.0002728208576481996
1251.5	0.00036203559190794754
1252.0	0.0005642583349278074
1252.5	0.0009310531163624439
1253.0	0.0016152386436630109
1253.5	0.003040697451137584
1254.0	0.010562242515928693
1254.5	0.006747479282980265
1255.0	0.0029223020965771585
1255.5	0.0019899942337214017
1256.0	0.002286534415590026
1256.5	0.011095413930055368
1257.0	0.0017579308967484658
1257.5	0.0009747843485371187
1258.0	0.0006809315431749912
1258.5	0.0005755076176836736
1259.0	0.00055543504796667
1259.5	0.0009308193267007833
1260.0	0.001002857771013005
1260.5	0.0016820503924927428
1261.0	0.0033556809885697952
1261.5	0.014607385687934746
1262.0	0.005316509419747608
1262.5	0.002174773584210606
1263.0	0.0012030809149983642
1263.5	0.0006561248420856057
1264.0	0.0005925665919086386
1264.5	0.00028737102552221994
1265.0	0.00017619299867385643
1265.5	0.0001339025860122944
1266.0	0.00036990677136552466
1266.5	0.0003318767438326459
1267.0	0.0005546320753503989
1267.5	0.0009828616279749574
1268.0	0.0016841954864770345
1268.5	0.0037195561154245898
1269.0	0.025920388323743358
1269.5	0.004677903716007733
1270.0	0.0020155243159404
1270.5	0.0011528639805433597
1271.0	0.0010599708266344527
1271.5	0.0005065728014922955
1272.0	0.0004240503451716234
1272.5	0.0004568185678411382
1273.0	0.0006124522734394192
1273.5	0.0006789924464133315
1274.0	0.0011276750747246946
1274.5	0.0019314454045201864
1275.0	0.0072086870434731965
1275.5	0.0036045125614735667
1276.0	0.005283740689636394
1276.5	0.06687870474206044
1277.0	0.004361814546186015
1277.5	0.002201918282508812
1278.0	0.0012167586252490059
1278.5	0.0008311924373581358
1279.0	0.0004813973935270389
1279.5	0.0003868514252737424
1280.0	0.0002595609223857597
1280.5	0.000228165414868567
1281.0	0.0005211887684176688
1281.5	0.00041274456467087087
1282.0	0.000728103011754353
1282.5	0.0011334148020452667
1283.0	0.0021077039844814016
1283.5	0.0046274289419981395
1284.0	0.024807644817244973
1284.5	0.00366625165356722
1285.0	0.0017246633573804362
1285.5	0.0010127222971884548
1286.0	0.0007905252937464285
1286.5	0.0004915638396207084
1287.0	0.00035259604567525264
1287.5	0.0004993203805665987
1288.0	0.0005198240971478417
1288.5	0.0011157731334873052
1289.0	0.0008505493512239406
1289.5	0.0010875905369598757
1290.0	0.0014883395867509909
1290.5	0.002540151314019693
1291.0	0.005949929796420902
1291.5	0.014826520698188028
1292.0	0.0042183165393195375
1292.5	0.0028189909740861272
1293.0	0.002403088775457753
1293.5	0.0046382026152370125
1294.0	0.002604934675876012
1294.5	0.001342686409692402
1295.0	0.0008201774886936575
1295.5	0.0006850110518090425
1296.0	0.000687236472532664
1296.5	0.0009154368624684088
1297.0	0.000913629124257839
1297.5	0.0014518115018561152
1298.0	0.0025035450175386474
1298.5	0.006427715140432064
1299.0	0.010156269852501721
1299.5	0.0030791829721207717
1300.0	0.001516516572106865
1300.5	0.0008367610533020337
1301.0	0.000740382893412858
1301.5	0.00030863566450558416
1302.0	0.0002236749079013661
1302.5	0.00020696634360419937
1303.0	0.00022303435588544125
1303.5	0.0002765883092432148
1304.0	0.00044956480065134504
1304.5	0.0017443832215014725
1305.0	0.0013380104632946357
1305.5	0.0027351105981138933
1306.0	0.007821612517261824
1306.5	0.007887115364581282
1307.0	0.002628638425899029
1307.5	0.0014202457888841805
1308.0	0.0009063832985092033
1308.5	0.0005978672580529024
1309.0	0.0004568216390401437
1309.5	0.0006372111101838581
1310.0	0.0005685858258254467
1310.5	0.0005944195602755174
1311.0	0.0009861391507484374
1311.5	0.0015285187244600475
1312.0	0.0036629694658911033
1312.5	0.00410960810894626
1313.0	0.00392554922031529
1313.5	0.01058273975364724
1314.0	0.006764992677785633
1314.5	0.0028887995877986987
1315.0	0.0014486700342905081
1315.5	0.0009535653866923892
1316.0	0.0005580822960252876
1316.5	0.0003744433139215189
1317.0	0.00023500896074561415
1317.5	0.00019859280808145444
1318.0	0.00033634482903988094
1318.5	0.0003098035160062434
1319.0	0.0005940766724929588
1319.5	0.0009392605405627352
1320.0	0.0015981040263156098
1320.5	0.003166848637536488
1321.0	0.013971173951281817
1321.5	0.005378852290396386
1322.0	0.0021319546810397707
1322.5	0.0011556025846423275
1323.0	0.0007962776381480358
1323.5	0.0004514574384082946
1324.0	0.00024314667680938853
1324.5	0.00031716810988698606
1325.0	0.00018945249884080265
1325.5	0.00025560823396258585
1326.0	0.0003996649389061963
1326.5	0.0006903276946254748
1327.0	0.0010479771216719812
1327.5	0.0018192621688134121
1328.0	0.004061016880025653
1328.5	0.024183899589378017
1329.0	0.005119155725688346
1329.5	0.0026024878341917657
1330.0	0.002062421068853766
1330.5	0.0028886623615863144
1331.0	0.003896599392903615
1331.5	0.001399340449833132
1332.0	0.000812676686162611
1332.5	0.0006710122171383142
1333.0	0.0010578684849842576
1333.5	0.0006920579285121333
1334.0	0.0007510305165677567
1334.5	0.0011965979423785539
1335.0	0.0019215877569684183
1335.5	0.004047945352151873
1336.0	0.06502528365973274
1336.5	0.004140729228180176
1337.0	0.001917466983423318
1337.5	0.00104174670926395
1338.0	0.001864525202703989
1338.5	0.0003925619643878333
1339.0	0.00028945955547996345
1339.5	0.00028037212990012574
1340.0	0.0002825127212915363
1340.5	0.0004287297558704915
1341.0	0.0008566670753285246
1341.5	0.0011636695730309575
1342.0	0.0012336214840915458
1342.5	0.002194904555208025
1343.0	0.005198892406782631
1343.5	0.027412194053089572
1344.0	0.0036840055412961418
1344.5	0.001824349630316023
1345.0	0.0010992185226128591
1345.5	0.000680838755982076
1346.0	0.0005594592190342228
1346.5	0.00046992917799614794
1347.0	0.0005686014065232556
1347.5	0.0005564253569876339
1348.0	0.0011910833334987123
1348.5	0.00127911160878741
1349.0	0.0025353981262980314
1349.5	0.006503060558007248
1350.0	0.0033908877230509017
1350.5	0.005960284256982645
1351.0	0.015518617778397305
1351.5	0.0037104206934376696
1352.0	0.001793359919832921
1352.5	0.001076497399439743
1353.0	0.0008803792589596878
1353.5	0.0004084415898071748
1354.0	0.000361016047313443
1354.5	0.0002957701884361047
1355.0	0.0002500029952968431
1355.5	0.00025979018327432375
1356.0	0.0005936460450637517
1356.5	0.0007105250153780561
1357.0	0.001228495917137677
1357.5	0.0023070220231540097
1358.0	0.006174972642109901
1358.5	0.01058970049685102
1359.0	0.002875041616551747
1359.5	0.0019029036105432677
1360.0	0.0007994123200466618
1360.5	0.00063612680332444
1361.0	0.0003428244634737598
1361.5	0.00022645903927870259
1362.0	0.00016619305856284517
1362.5	0.0002325116803556655
1363.0	0.0003667465315575068
1363.5	0.0005057893216900643
1364.0	0.0009114650291758413
1364.5	0.0015052222546826381
1365.0	0.002886693255857933
1365.5	0.007673097566108051
1366.0	0.008834045173795272
1366.5	0.0031418100667008984
1367.0	0.0021474932861691707
1367.5	0.0024524809144505053
1368.0	0.009391229268291437
1368.5	0.0017131236314381318
1369.0	0.0009278666235806104
1369.5	0.0008386848561862632
1370.0	0.0005133854456889799
1370.5	0.0005571667029403643
1371.0	0.0007585089655415305
1371.5	0.0009354154754206427
1372.0	0.0015161643213014212
1372.5	0.0029734014911810516
1373.0	0.009522676012212336
1373.5	0.0066568377069730214
1374.0	0.002634806602941133
1374.5	0.00127584544627028
1375.0	0.0007447824377333559
1375.5	0.0004321296972144733
1376.0	0.0002931528603038652
1376.5	0.00016847551577895705
1377.0	0.00016630768211612243
1377.5	0.0004181144434322077
1378.0	0.00028656647357548
1378.5	0.0006841471613201674
1379.0	0.0009297603532471823
1379.5	0.0015565692121710336
1380.0	0.003085063863729574
1380.5	0.012830814542324556
1381.0	0.005643686942654778
1381.5	0.002257487769474081
1382.0	0.001311567493428399
1382.5	0.0008390038184915596
1383.0	0.0007547074345424363
1383.5	0.000444422468534006
1384.0	0.0012533947139997538
1384.5	0.0005173379866341399
1385.0	0.0007152847766570838
1385.5	0.0011584310360285574
1386.0	0.001979347328706519
1386.5	0.010101499182145842
1387.0	0.003290861615915912
1387.5	0.00449985524661965
1388.0	0.020805485722717336
1388.5	0.005240549234879949
1389.0	0.0024065048365462765
1389.5	0.001358278163316781
1390.0	0.0009091171598254957
1390.5	0.0010351829665191242
1391.0	0.00045043919024150453
1391.5	0.0003325225338397964
1392.0	0.0006654894743674929
1392.5	0.00042697599864047604
1393.0	0.0006387685859031251
1393.5	0.0010463775217581257
1394.0	0.001783393852556369
1394.5	0.00216606557509833
1395.0	0.004256662603666823
1395.5	0.0494826987087635
1396.0	0.004643783352547923
1396.5	0.0023479076108813357
1397.0	0.0017989916380279478
1397.5	0.0007853852110562274
1398.0	0.0004785533925764486
1398.5	0.0003993250830502951
1399.0	0.00028570757305388105
1399.5	0.00028049026636374746
1400.0	0.0003947637934786475
1400.5	0.0005128804705838676
1401.0	0.0009566865724082387
1401.5	0.0012247893039414146
1402.0	0.0022285215326835494
1402.5	0.004607577172299734
1403.0	0.03673183452464099
1403.5	0.005254723853943717
1404.0	0.002453086955902974
1404.5	0.002272289343803862
1405.0	0.00607307479216929
1405.5	0.002410753310501633
1406.0	0.00108346838980722
1406.5	0.0007913748229017892
1407.0	0.0005730635200849679
1407.5	0.0005267499995894504
1408.0	0.0006091066445655335
1408.5	0.0008664609749951093
1409.0	0.0012655085554568873
1409.5	0.002150840118433677
1410.0	0.005939623908521369
1410.5	0.017596550492053567
1411.0	0.003543704370276019
1411.5	0.0016743270945520613
1412.0	0.0009217037947961509
1412.5	0.0005657030250427659
1413.0	0.00033116612623792645
1413.5	0.00023180126980153386
1414.0	0.00013141294905602205
1414.5	0.0003234388028626152
1415.0	0.00027067378635495384
1415.5	0.0004464433268415942
1416.0	0.0006853586058850402
1416.5	0.0013427199474237818
1417.0	0.0022536830768787514
1417.5	0.005816643734553461
1418.0	0.011897331199993793
1418.5	0.003041923815937405
1419.0	0.001677812616206772
1419.5	0.0009664797149135702
1420.0	0.000678851492885609
1420.5	0.00045401017026704186
1421.0	0.0004555526651282839
1421.5	0.0004846911720665162
1422.0	0.0006129199904442279
1422.5	0.0009337871812498537
1423.0	0.0016201323611934597
1423.5	0.004484973749832668
1424.0	0.003479327443142598
1424.5	0.004174955076529058
1425.0	0.00749992429094
1425.5	0.009276749083821553
1426.0	0.0030721706153768714
1426.5	0.0015947135558140948
1427.0	0.0009512568454298565
1427.5	0.0006025788121745702
1428.0	0.00047478253195977813
1428.5	0.000228781318623239
1429.0	0.000265965903578339
1429.5	0.00022650498092813875
1430.0	0.0003937945251784223
1430.5	0.00046838277936337466
1431.0	0.0008400442583736466
1431.5	0.0013762824876211892
1432.0	0.0026668598750443466
1432.5	0.00899716941986588
1433.0	0.007085137470852195
1433.5	0.0025217980302498287
1434.0	0.0013664269555675888
1434.5	0.000771207842709374
1435.0	0.0004663041980672663
1435.5	0.00031343974070694694
1436.0	0.0002214919873324325
1436.5	0.00017728738660396213
1437.0	0.0003365971881104468
1437.5	0.00038442170950343715
1438.0	0.0006465118212744985
1438.5	0.0009717757035440053
1439.0	0.001725386526052074
1439.5	0.003183653118382855
1440.0	0.011528568439427326
1440.5	0.006590210834220433
1441.0	0.0029061057005541277
1441.5	0.0023310745251446377
1442.0	0.0036551376159792846
1442.5	0.0032276380271651288
1443.0	0.0012994595383798882
1443.5	0.0008837449543480776
1444.0	0.0006330064455585189
1444.5	0.0005734900563695866
1445.0	0.000697616369038654
1445.5	0.0008443466646078994
1446.0	0.0013153650399472276
1446.5	0.0024854114626738917
1447.0	0.003772111318056337
1447.5	0.016590685965301118
1448.0	0.005242102354040532
1448.5	0.0023045641433270827
1449.0	0.001194956808224359
1449.5	0.0007036260899795677
1450.0	0.0006150989629782518
1450.5	0.0003023938779776027
1451.0	0.0001689905176128016
1451.5	0.00037934718303294626
1452.0	0.00021427555949164048
1452.5	0.0003576573987928109
1453.0	0.0005831779832689479
1453.5	0.0009769896949888154
1454.0	0.0017783983101424144
1454.5	0.0036854918151722504
1455.0	0.03158942082766046
1455.5	0.004457390226600821
1456.0	0.0021801717113670155
1456.5	0.0012400619295771197
1457.0	0.0007565519550029738
1457.5	0.0005928808022275715
1458.0	0.0009199636589793013
1458.5	0.00045170330510019594
1459.0	0.0005545210230702777
1459.5	0.000889368276900758
1460.0	0.0013041159273789423
1460.5	0.0030452029675532627
1461.0	0.004510195620949266
1461.5	0.003006667611207791
1462.0	0.004752008675948566
1462.5	0.05820431736716574
1463.0	0.0042530680936759485
1463.5	0.0019995130510528994
1464.0	0.0011759219168903923
1464.5	0.0007600189943066542
1465.0	0.0005650498882664127
1465.5	0.00029323958335007467
1466.0	0.0006840097198864946
1466.5	0.0001841376712097726
1467.0	0.0002655923035857487
1467.5	0.00046777875777753806
1468.0	0.0006326266242603468
1468.5	0.0010840001838691561
1469.0	0.002009600906109376
1469.5	0.004791460784855225
1470.0	0.02227900838713673
1470.5	0.0035401049360817135
1471.0	0.0016514793283946185
1471.5	0.0009136402117114151
1472.0	0.0005614362811530935
1472.5	0.00037114301213298374
1473.0	0.00022843022188171957
1473.5	0.00017497283986843615
1474.0	0.0004512041213538034
1474.5	0.0003078084387484704
1475.0	0.0005472060359548433
1475.5	0.0009177919525029047
1476.0	0.001327134851179023
1476.5	0.002371263677811152
1477.0	0.005746166000306614
1477.5	0.014017646519797923
1478.0	0.003668824571434652
1478.5	0.0025001248585631206
1479.0	0.0028236917367306918
1479.5	0.005353416694661954
1480.0	0.0015555981953087887
1480.5	0.0009370994027082032
1481.0	0.0007007902879019972
1481.5	0.0005033096744044152
1482.0	0.0006107574630153592
1482.5	0.0006022184576671766
1483.0	0.0008882371076754634
1483.5	0.0016388882117929493
1484.0	0.002595887813082699
1484.5	0.006457347322927529
1485.0	0.009995167611844807
1485.5	0.0028657586298228882
1486.0	0.001456707898173436
1486.5	0.0008572902655384633
1487.0	0.0005017471793668339
1487.5	0.0003338904759092429
1488.0	0.00020097317076888402
1488.5	0.00038023206667401314
1489.0	0.00018216470348734632
1489.5	0.0003585557226029465
1490.0	0.000582949407759709
1490.5	0.0007953115493913031
1491.0	0.0013771187363313384
1491.5	0.003462390039943774
1492.0	0.007895180514663593
1492.5	0.007835860832773319
1493.0	0.002931617951484864
1493.5	0.001471414641324309
1494.0	0.0009833414263684356
1494.5	0.0007070768280462671
1495.0	0.0005871293842226164
1495.5	0.0005573663684140881
1496.0	0.0006609533877412287
1496.5	0.0009328564458732946
1497.0	0.0013013371811696134
1497.5	0.0025392897697274572
1498.0	0.008911931158804167
1498.5	0.0035876810397983444
1499.0	0.004553650186593114
1499.5	0.01148507959766497
1500.0	0.007050995183543185
1500.5	0.002841130694802214
1501.0	0.0017094913498033708
1501.5	0.0010054561767506688
1502.0	0.0007136114388295459
1502.5	0.00047614497907683427
1503.0	0.00040881225331421286
1503.5	0.0002600424072622424
1504.0	0.00032186280740459264
1504.5	0.00040259366618825915
1505.0	0.0005655688226681472
1505.5	0.0009464881224255816
1506.0	0.0016266738305031974
1506.5	0.00321413196772818
1507.0	0.013811315491266216
1507.5	0.005788583367729009
1508.0	0.0021739348156173425
1508.5	0.001203829328438938
1509.0	0.0007843790205617044
1509.5	0.00042953874962116097
1510.0	0.0003510065365616829
1510.5	0.00024081959859018783
1511.0	0.00025645480239940287
1511.5	0.0002671344485360028
1512.0	0.0006241503294600484
1512.5	0.0006768269375999537
1513.0	0.0010998909677671107
1513.5	0.001866418611136685
1514.0	0.003823229539610565
1514.5	0.023382841892501158
1515.0	0.0051706798090313325
1515.5	0.0031828788511827745
1516.0	0.0025706787858737726
1516.5	0.011498258038675924
1517.0	0.0019700082282435114
1517.5	0.0010462911851084817
1518.0	0.0006606837158021176
1518.5	0.0006606114419883018
1519.0	0.0004861672254374189
1519.5	0.0005255332240352076
1520.0	0.0007552012531127998
1520.5	0.0011155556559381673
1521.0	0.001969072875298681
1521.5	0.004055846758543401
1522.0	0.06207338001557999
1522.5	0.004094823914992376
1523.0	0.0018518045861944266
1523.5	0.0015776419722688232
1524.0	0.0005812005264469425
1524.5	0.0003468922494281177
1525.0	0.00028269949851763643
1525.5	0.00022132310405525537
1526.0	0.0001313328240750729
1526.5	0.00031079351360529644
1527.0	0.00037671928274420963
1527.5	0.0006176309040946184
1528.0	0.0010639879171710051
1528.5	0.001977475588768662
1529.0	0.004491811425501342
1529.5	0.029167411636089782
1530.0	0.0037875815137764193
1530.5	0.001779386927618328
1531.0	0.0011660063233983064
1531.5	0.0018458563999727423
1532.0	0.0005317049832545696
1532.5	0.0004421185425614285
1533.0	0.0005581944708621674
1533.5	0.0006469759281481249
1534.0	0.0009531417511579415
1534.5	0.0017891776528314442
1535.0	0.007678875722151021
1535.5	0.003027513567749136
1536.0	0.002942192422875322
1536.5	0.005730982151771271
1537.0	0.016000044169875414
1537.5	0.003513681551782978
1538.0	0.0018483171682533905
1538.5	0.0010213521327747377
1539.0	0.0006768627843585507
1539.5	0.0011555677000586314
1540.0	0.0004162587897703906
1540.5	0.00019903787114764642
1541.0	0.00030099440333419456
1541.5	0.0002690666166662511
1542.0	0.00042399098035271915
1542.5	0.0007339200637912071
1543.0	0.0012220391211984166
1543.5	0.0023031070113937666
1544.0	0.006092758433259726
1544.5	0.010969866187521937
1545.0	0.0029110058779442606
1545.5	0.0015194690526322797
1546.0	0.0009185935229843061
1546.5	0.0005157336376776756
1547.0	0.0003247017318558843
1547.5	0.0007236784667291775
1548.0	0.00023305306900236377
1548.5	0.00025786053145638086
1549.0	0.0005297955685936136
1549.5	0.0005960073278875559
1550.0	0.0010212777938142113
1550.5	0.0015987330211668033
1551.0	0.002927175422513887
1551.5	0.007877094684738259
1552.0	0.009599053709049598
1552.5	0.003693243582487648
1553.0	0.0027100979823937014
1553.5	0.005596638807941626
1554.0	0.0025780420379766748
1554.5	0.0013518641981178495
1555.0	0.0007746072115753547
1555.5	0.001090884171390016
1556.0	0.0005053751841361765
1556.5	0.0005140896153648069
1557.0	0.0007202965350639218
1557.5	0.0009381081010429177
1558.0	0.00152368983642302
1558.5	0.0028520790012776243
1559.0	0.009423983191587186
1559.5	0.006767665458596246
1560.0	0.00248737869424685
1560.5	0.0013068450011485037
1561.0	0.000762350989275514
1561.5	0.00043179790209491454
1562.0	0.0003353012103926882
1562.5	0.0001808331631551101
1563.0	0.0001470175434519108
1563.5	0.0006682086140242989
1564.0	0.00028500844103415376
1564.5	0.0005645582163033169
1565.0	0.0009013435332208203
1565.5	0.0015293561724773884
1566.0	0.0030638419204113455
1566.5	0.012465333987233871
1567.0	0.005715141278932144
1567.5	0.0022713373080302727
1568.0	0.0013333279593913902
1568.5	0.0008314526878529169
1569.0	0.0006874092115315498
1569.5	0.0004878164574283988
1570.0	0.0006010733910310374
1570.5	0.0005740625719891704
1571.0	0.0008422496672973456
1571.5	0.0016499718391303495
1572.0	0.0038566688469623897
1572.5	0.003277692267800016
1573.0	0.002643162957858335
1573.5	0.0041448777245934485
1574.0	0.01974521679517721
1574.5	0.005193430531359781
1575.0	0.0022580417638484933
1575.5	0.001256227712061689
1576.0	0.0008194422718268763
1576.5	0.0005059864904052357
1577.0	0.000305004077090001
1577.5	0.0002014130176041292
1578.0	0.0004046499378352867
1578.5	0.00021798184736970474
1579.0	0.0004104019038762347
1579.5	0.0007517849709165967
1580.0	0.0009780099455029595
1580.5	0.0017326079275030387
1581.0	0.0038353340424979484
1581.5	0.04483330709612875
1582.0	0.004211742971003482
1582.5	0.0019250899654067435
1583.0	0.0010435703565163537
1583.5	0.000749543125117246
1584.0	0.0003676688381383931
1584.5	0.00031046945176464475
1585.0	0.00019003254318700018
1585.5	0.0002274099660406153
1586.0	0.0004278592776360496
1586.5	0.0005214419386017927
1587.0	0.0007539673294550416
1587.5	0.0013636624811705958
1588.0	0.0022625620648859678
1588.5	0.0045984212099477685
1589.0	0.03921247940503632
1589.5	0.004365326082580054
1590.0	0.0027768329569837925
1590.5	0.0036493460769489792
1591.0	0.003456813957774165
1591.5	0.001415825534004496
1592.0	0.0008543603694194808
1592.5	0.0006597521067749266
1593.0	0.0004830570168782465
1593.5	0.0005243935317852033
1594.0	0.0007049127563674633
1594.5	0.0008836285399712758
1595.0	0.00125647228083619
1595.5	0.002502947467279951
1596.0	0.0050266460002897145
1596.5	0.0181721043787845
1597.0	0.0034622809810611567
1597.5	0.001715071983717371
1598.0	0.0009674460388107536
1598.5	0.0007081331101139399
1599.0	0.000423733282300585
1599.5	0.00031099187926716097
1600.0	0.00035445433548144246
1600.5	0.00039269985899813894
1601.0	0.0005198784900268881
1601.5	0.0008948848570861565
1602.0	0.001435065348766083
1602.5	0.0015348072875678025
1603.0	0.0025616334877021493
1603.5	0.006231925758792632
1604.0	0.012334533065242565
1604.5	0.0037976757215314075
1605.0	0.002219285834490767
1605.5	0.0012005866328552645
1606.0	0.0008845836659033902
1606.5	0.0006652738055505571
1607.0	0.0006400284232201637
1607.5	0.0007777440645776586
1608.0	0.0009010123645801674
1608.5	0.001385300757980045
1609.0	0.003165193030457671
1609.5	0.003634143563558341
1610.0	0.002474101972306797
1610.5	0.003112160790925492
1611.0	0.007335715846256864
1611.5	0.009534613659447614
1612.0	0.002976106776480701
1612.5	0.001612727821217955
1613.0	0.0009985766711200403
1613.5	0.0006763062022240553
1614.0	0.00036164639894116507
1614.5	0.00043312036625803573
1615.0	0.0002124855236011964
1615.5	0.00026950300383464174
1616.0	0.00030453648878241455
1616.5	0.0005306787872825403
1617.0	0.0008910031105730573
1617.5	0.0013891684576158717
1618.0	0.0027631618088362624
1618.5	0.008511393556982973
1619.0	0.007142450169974394
1619.5	0.00289541824018308
1620.0	0.0012990220975926071
1620.5	0.0007350548715041374
1621.0	0.0005556077654781665
1621.5	0.0002835925656435125
1622.0	0.00023846792382474353
1622.5	0.00023102856547615157
1623.0	0.0003519089421434594
1623.5	0.0003760161394000393
1624.0	0.0007940517167459217
1624.5	0.001018480643026278
1625.0	0.0017475132727638625
1625.5	0.0032430785487061464
1626.0	0.01164812573811055
1626.5	0.006593573633330738
1627.0	0.0033159404535301282
1627.5	0.004407622642618979
1628.0	0.003483002963291953
1628.5	0.0014364685510270313
1629.0	0.0009514441735314061
1629.5	0.0005904363024435691
1630.0	0.00043823564153529937
1630.5	0.0005604453840031487
1631.0	0.0004750596889410306
1631.5	0.0006604075870212506
1632.0	0.0009891108699794785
1632.5	0.0017237046034738453
1633.0	0.003302757215658761
1633.5	0.016522972988826316
1634.0	0.005140581522322522
1634.5	0.002180711597690321
1635.0	0.001112239892318515
1635.5	0.0008654266385697514
1636.0	0.00038009108608044045
1636.5	0.00023613056914990147
1637.0	0.0002643924834383132
1637.5	0.00015201622933447292
1638.0	0.0001849279449658226
1638.5	0.0003651018687741111
1639.0	0.0005608777929565286
1639.5	0.0009412415708286763
1640.0	0.0017960427411657632
1640.5	0.003696109799564648
1641.0	0.03161035983904462
1641.5	0.00448175317284257
1642.0	0.002100308287509651
1642.5	0.001181447761419476
1643.0	0.0008886669073491561
1643.5	0.0007308445170855748
1644.0	0.0006440510519175749
1644.5	0.0005635809836161776
1645.0	0.0009736598036643159
1645.5	0.0012356364117739555
1646.0	0.0030845316222693087
1646.5	0.003432437739749587
1647.0	0.0020723898001297793
1647.5	0.002457124173320339
1648.0	0.004566265069655099
1648.5	0.05753797290119898
1649.0	0.004113008382809626
1649.5	0.0019809638493404782
1650.0	0.0011539270063310864
1650.5	0.0006912017451712827
1651.0	0.0004248266558518113
1651.5	0.0004447576180778425
1652.0	0.00021187972783096563
1652.5	0.00029005274610890817
1653.0	0.00043655245400540905
1653.5	0.0005759382533205925
1654.0	0.0006555267198286304
1654.5	0.0012469372026058677
1655.0	0.0020536217524867798
1655.5	0.004803692206020959
1656.0	0.022130363566495823
1656.5	0.0036914968864832434
1657.0	0.002125136539610677
1657.5	0.0013592546726904472
1658.0	0.0007947803492099213
1658.5	0.0004517309282393705
1659.0	0.000334918837038213
1659.5	0.00039896321711504356
1660.0	0.0002987920691765727
1660.5	0.00037879041587435215
1661.0	0.0007452157887374932
1661.5	0.0008652885444808546
1662.0	0.0014713189147063513
1662.5	0.002549223296020143
1663.0	0.006062881442760282
1663.5	0.014089338608450639
1664.0	0.0042828179004781065
1664.5	0.004277031739715835
1665.0	0.0036790234417632384
1665.5	0.0015502381873497171
1666.0	0.0009845955198771867
1666.5	0.0006136606239333777
1667.0	0.0004625632801502196
1667.5	0.0005485045372165337
1668.0	0.00042153055748097456
1668.5	0.0005558461291864324
1669.0	0.0009500218016034542
1669.5	0.0013242598792231747
1670.0	0.0024449424002006667
1670.5	0.006547499647315077
1671.0	0.009777303457021618
1671.5	0.0028761934121514575
1672.0	0.001508295400512674
1672.5	0.0009766883542139094
1673.0	0.0004500700961776362
1673.5	0.0003836303966694145
1674.0	0.00020739501041522215
1674.5	0.00017317218579156085
1675.0	0.0001620439695560446
1675.5	0.00044483352780413503
1676.0	0.00045142945948862054
1676.5	0.0007710382610362984
1677.0	0.0014847777604394758
1677.5	0.002625230476796157
1678.0	0.007932467804517776
1678.5	0.0077595435417848555
1679.0	0.00267127265406323
1679.5	0.001463976951434106
1680.0	0.0009613070379645407
1680.5	0.00067842323780088
1681.0	0.0006393269476919945
1681.5	0.0005960792068122955
1682.0	0.0009498625247525827
1682.5	0.0011905565378567949
1683.0	0.002993593556753447
1683.5	0.0035220490265295123
1684.0	0.0018712165037708091
1684.5	0.0020449008530975176
1685.0	0.003407310528057481
1685.5	0.010419935510927182
1686.0	0.006528791324897863
1686.5	0.0025591137111553113
1687.0	0.001363592821181847
1687.5	0.0008218359424373868
1688.0	0.0005033551372971862
1688.5	0.00039250408633988485
1689.0	0.00020659255331622977
1689.5	0.00035614902361832935
1690.0	0.00025687362688731806
1690.5	0.00036105659684740516
1691.0	0.0005097399142961252
1691.5	0.0011489148456959963
1692.0	0.0015341380671159517
1692.5	0.0031565588730150425
1693.0	0.014097455434271034
1693.5	0.005369405568852524
1694.0	0.002166955495597104
1694.5	0.0012149784654557792
1695.0	0.0007520403414996861
1695.5	0.00042299846475547846
1696.0	0.00036145114533388744
1696.5	0.0002565353844134801
1697.0	0.00041457811172281186
1697.5	0.0003307920019895516
1698.0	0.0006129766933700314
1698.5	0.0007395291326082966
1699.0	0.0012081688860522976
1699.5	0.002400628143546205
1700.0	0.003974364467996159
1700.5	0.023958399711027933
1701.0	0.005934446235277147
1701.5	0.00469350283305865
1702.0	0.004058809994586271
1702.5	0.0018299677566731756
1703.0	0.0011251212923722334
1703.5	0.0009968104347003973
1704.0	0.0006979579136178062
1704.5	0.0009149026399257061
1705.0	0.001026135878100362
1705.5	0.0009279605912863812
1706.0	0.0010365432251373977
1706.5	0.0012681644385556246
1707.0	0.0020007334546417363
1707.5	0.004890327474132392
1708.0	0.062358591716185685
1708.5	0.004310983075978292
1709.0	0.002155082836129181
1709.5	0.0014636460156476799
1710.0	0.0011625230338608683
1710.5	0.0006081779431781343
1711.0	0.00045449358859536785
1711.5	0.00026029355736098986
1712.0	0.0004039940382597129
1712.5	0.00033237204847096503
1713.0	0.00051243366262633
1713.5	0.0007049108932481381
1714.0	0.0012416326749505467
1714.5	0.0020140939749421854
1715.0	0.004564122351963741
1715.5	0.02974388238532682
1716.0	0.003764875066068097
1716.5	0.0018490143396840497
1717.0	0.0011957269449092331
1717.5	0.0008170846558203233
1718.0	0.000635985841228582
1718.5	0.0007078317813653583
1719.0	0.000780691284183197
1719.5	0.001305592424509632
1720.0	0.002746408985895773
1720.5	0.0036238276785278065
1721.0	0.001739187450231005
1721.5	0.001799395444617863
1722.0	0.002662930234971496
1722.5	0.005460333780910645
1723.0	0.015997556205364947
1723.5	0.0035782057119531233
1724.0	0.0017139178290834724
1724.5	0.0009728954077017689
1725.0	0.0006500956534558807
1725.5	0.0003633198371991366
1726.0	0.0002721309084238668
1726.5	0.00018867386302376287
1727.0	0.0003406600106847803
1727.5	0.0002460644518761253
1728.0	0.0004885921032648392
1728.5	0.0007380697136577624
1729.0	0.001218166176212966
1729.5	0.0022696260124758284
1730.0	0.006306843676053994
1730.5	0.010897987420775895
1731.0	0.0029244404792028215
1731.5	0.0015515665183642258
1732.0	0.0008296401650654586
1732.5	0.000516706626616697
1733.0	0.00034222200951911525
1733.5	0.00030523370925478893
1734.0	0.00019910043817054606
1734.5	0.0004332778603237593
1735.0	0.0004070439787935705
1735.5	0.0006529558312626923
1736.0	0.0009549511785161615
1736.5	0.0016736439166987963
1737.0	0.002893058649708819
1737.5	0.007836592095496898
1738.0	0.010203000803349389
1738.5	0.005045459929018209
1739.0	0.0046113199395447476
1739.5	0.0019274139472015808
1740.0	0.0011170830571799564
1740.5	0.0006889774530273898
1741.0	0.0005467853912847758
1741.5	0.0003808829692889568
1742.0	0.00045645000001072006
1742.5	0.00041489355167704823
1743.0	0.0007172063304000444
1743.5	0.0008461183867131866
1744.0	0.0014749369994096736
1744.5	0.0028788053302021854
1745.0	0.009148001829456546
1745.5	0.006767379305961833
1746.0	0.0026118160480505265
1746.5	0.0012649180675057975
1747.0	0.0007063381206952742
1747.5	0.00048151912755123506
1748.0	0.0002468823180721844
1748.5	0.00017562626097713938
1749.0	0.00015779275536596782
1749.5	0.00025295015611805994
1750.0	0.0003048474168396939
1750.5	0.000668291831793284
1751.0	0.0009065017165465013
1751.5	0.0016014420742067274
1752.0	0.003080720093550429
1752.5	0.012655505939772053
1753.0	0.005743855077373642
1753.5	0.002349900079171621
1754.0	0.001498267848486676
1754.5	0.0009053762260140129
1755.0	0.0006966822142490423
1755.5	0.0006928372634254697
1756.0	0.0007877643570919399
1756.5	0.0011014238279687385
1757.0	0.002472492438489776
1757.5	0.004037152261531494
1758.0	0.00175396916906814
1758.5	0.0015972676541146915
1759.0	0.002339032693344112
1759.5	0.0037443228138791364
1760.0	0.019722202238970313
1760.5	0.006211218165013435
1761.0	0.00229642302174601
1761.5	0.001354856945607976
1762.0	0.001172512472005033
1762.5	0.001064209379189787
1763.0	0.000485710539913646
1763.5	0.00035684235738775346
1764.0	0.00027188850731182587
1764.5	0.0002887482963914178
1765.0	0.00039877228205213077
1765.5	0.0006771808411491909
1766.0	0.0009836230298543422
1766.5	0.001843180679713624
1767.0	0.003932913582209937
1767.5	0.04628833714293847
1768.0	0.004225310815948157
1768.5	0.0021106056649285382
1769.0	0.001043996838756311
1769.5	0.0006406187057109441
1770.0	0.00044584211730080113
1770.5	0.0002877086877529645
1771.0	0.00022290303189274264
1771.5	0.0003194101085151047
1772.0	0.00037087059459566034
1772.5	0.0005115605222344165
1773.0	0.00084733112799391
1773.5	0.0013689651457510995
1774.0	0.002332614138424181
1774.5	0.004880662211912273
1775.0	0.03864131394617863
1775.5	0.00578682214281111
1776.0	0.005936322484988011
1776.5	0.0022145793348379785
1777.0	0.0012540402516506388
1777.5	0.0007714728440895664
1778.0	0.0005906333959793497
1778.5	0.0004037869375713064
1779.0	0.0003313389845562545
1779.5	0.0003882880844598251
1780.0	0.0005080901871435148
1780.5	0.0007237167272556513
1781.0	0.0011677935288061114
1781.5	0.002242558771764007
1782.0	0.004987651167838252
1782.5	0.017599964575604886
1783.0	0.003506047320469921
1783.5	0.0016627241653421059
1784.0	0.0008715146637341507
1784.5	0.0006946822496749797
1785.0	0.00030163803779769863
1785.5	0.00018811465414934168
1786.0	0.00016443028896946427
1786.5	0.0001841058151183781
1787.0	0.00024693826020555864
1787.5	0.00041723634392136066
1788.0	0.0007810115837508913
1788.5	0.0012114925337072993
1789.0	0.0023401030647768506
1789.5	0.0063868297471454585
1790.0	0.011736108311506436
1790.5	0.003091959751680513
1791.0	0.0018259477324003264
1791.5	0.0010417784175646742
1792.0	0.0007884140121601615
1792.5	0.0007026881305030986
1793.0	0.0007659372630789126
1793.5	0.0010216926879115698
1794.0	0.0020837815612342256
1794.5	0.00559235652825344
1795.0	0.0016912497421460422
1795.5	0.0014599288144526111
1796.0	0.0019039628513605764
1796.5	0.00285164503483426
1797.0	0.007308057866981959
1797.5	0.009105346970892448
1798.0	0.0028380473431398974
1798.5	0.001563593902794245
1799.0	0.0009088624506869788
1799.5	0.0005736285899240333
1800.0	0.00033576009036859536
1800.5	0.0002556095206966031
1801.0	0.00022544857649330088
1801.5	0.00021501532340060373
1802.0	0.00032143462320790883
1802.5	0.0005907232759329291
1803.0	0.0008331652774099652
1803.5	0.0014283285284614814
1804.0	0.0030767466714434156
1804.5	0.00893233004686357
1805.0	0.007096755772627934
1805.5	0.002579673683604396
1806.0	0.0014842295240128111
1806.5	0.0008703206767705308
1807.0	0.000692028181587866
1807.5	0.0005997875201366969
1808.0	0.0007672339924101836
1808.5	0.0007287725209194777
1809.0	0.0006474656481860672
1809.5	0.000642272002244442
1810.0	0.0008413809857600488
1810.5	0.002396850390199904
1811.0	0.0019724479564378825
1811.5	0.0036883811859538865
1812.0	0.012958463091554653
1812.5	0.007710092098773489
1813.0	0.00940364241086603
1813.5	0.002783930157442388
1814.0	0.0016262717714977339
1814.5	0.0012497323789654802
1815.0	0.0013697291065078929
1815.5	0.0007921656243193864
1816.0	0.0005013737769972965
1816.5	0.0004703881217530191
1817.0	0.0007553217292223848
1817.5	0.0006837225895923154
1818.0	0.0010366083353445647
1818.5	0.0017921824008211074
1819.0	0.0034895257871226477
1819.5	0.01873092932932503
1820.0	0.005084044814155562
1820.5	0.0020948636243954735
1821.0	0.0012065681213208547
1821.5	0.0006627526850221399
1822.0	0.00046412550686458396
1822.5	0.00027974220720001147
1823.0	0.00018532879790430145
1823.5	0.0002960045321507151
1824.0	0.00022911822741520545
1824.5	0.0003578305924922882
1825.0	0.0007155771315098974
1825.5	0.0011004319899868076
1826.0	0.0017941620624622335
1826.5	0.003934067047640597
1827.0	0.04439295089850042
1827.5	0.00448226929213721
1828.0	0.0020310875932875202
1828.5	0.001339138206573496
1829.0	0.0008581514089352376
1829.5	0.000747505844621524
1830.0	0.0008036634318702003
1830.5	0.0009620931505304887
1831.0	0.0016904886372949607
1831.5	0.01098266458013641
1832.0	0.0018566116055098237
1832.5	0.00136893544286934
1833.0	0.0015916619322838687
1833.5	0.0022499792901592725
1834.0	0.004702665834502794
1834.5	0.03681607204395818
1835.0	0.0039470233916530624
1835.5	0.0018287980147354537
1836.0	0.0011947560614028936
1836.5	0.0006585965878307155
1837.0	0.00041624337118298735
1837.5	0.00023162815917327468
1838.0	0.0007204619308283706
1838.5	0.00015682097644944843
1839.0	0.00024339543180428442
1839.5	0.00043808207136309047
1840.0	0.0006342572239587072
1840.5	0.0010985751404533595
1841.0	0.0020789024273158577
1841.5	0.005029560308191945
1842.0	0.017033163830132095
1842.5	0.0033988361085077333
1843.0	0.0016135094790219854
1843.5	0.0009898777014904579
1844.0	0.0005424768274196099
1844.5	0.0005293995464847121
1845.0	0.00025305937841215234
1845.5	0.000263897382628136
1846.0	0.0005438959875291123
1846.5	0.000395495556330998
1847.0	0.0005818732949253748
1847.5	0.0011137188017335518
1848.0	0.0015336505921345106
1848.5	0.002740578474051407
1849.0	0.00670030735047109
1849.5	0.012688966234140252
1850.0	0.011299024064027602
1850.5	0.0031347500125984812
1851.0	0.0017081723128370967
1851.5	0.0009898414092175333
1852.0	0.000795883498689369
1852.5	0.0004982565967166946
1853.0	0.00042992746062713944
1853.5	0.0003201446273122532
1854.0	0.00046139409453487126
1854.5	0.0005894311345582562
1855.0	0.0008105735951543861
1855.5	0.0014681987040535565
1856.0	0.0025225420870020844
1856.5	0.007201977712602049
1857.0	0.00870603004451181
1857.5	0.002703202384643077
1858.0	0.0013565683713391199
1858.5	0.0008656447995476321
1859.0	0.0004560468835662285
1859.5	0.00032768546869509454
1860.0	0.0002083912302190985
1860.5	0.0003319722874462158
1861.0	0.00018452984306163473
1861.5	0.000379684445345554
1862.0	0.0005074509589419564
1862.5	0.0008825369548825943
1863.0	0.0014651622915794608
1863.5	0.0028732930586657175
1864.0	0.00928355875424767
1864.5	0.006907407801224581
1865.0	0.0026247858329482283
1865.5	0.0015139825421236373
1866.0	0.0011544518488082803
1866.5	0.0008912451953879376
1867.0	0.0010681376645961162
1867.5	0.0017195495289076626
1868.0	0.0017737332906152268
1868.5	0.005088721511168994
1869.0	0.002440722826891905
1869.5	0.0016472115066707527
1870.0	0.001483672716745424
1870.5	0.0019293104490922927
1871.0	0.003354359882250137
1871.5	0.01213056006290494
1872.0	0.006028789090321084
1872.5	0.0025196165927525707
1873.0	0.0013274514763844242
1873.5	0.0007869655723981175
1874.0	0.00046592938534632887
1874.5	0.00034708442328219234
1875.0	0.0001838781946253008
1875.5	0.00041510457427549344
1876.0	0.0002023483368221998
1876.5	0.0004526238907786247
1877.0	0.000532234352346207
1877.5	0.0009656457338683772
1878.0	0.0016699325101742196
1878.5	0.003305181652249224
1879.0	0.01711180375735461
1879.5	0.005016168512953229
1880.0	0.002077659436886466
1880.5	0.0011569144314784664
1881.0	0.000678209008764479
1881.5	0.0005644458062868032
1882.0	0.000302759256793907
1882.5	0.00024897388634250486
1883.0	0.0003254523189764394
1883.5	0.00032267861744312063
1884.0	0.0007600847385964362
1884.5	0.000770421797738152
1885.0	0.0013412463087005095
1885.5	0.002127556961510842
1886.0	0.004348726192422603
1886.5	0.032150794177226126
1887.0	0.007671436729473707
1887.5	0.004466768941324399
1888.0	0.002023879099983793
1888.5	0.0012159043693318464
1889.0	0.0007746444290923801
1889.5	0.0005354519147840834
1890.0	0.0004772157995287237
1890.5	0.00035670466013258304
1891.0	0.00037545972679842697
1891.5	0.0005793875970468974
1892.0	0.0006456427490599366
1892.5	0.0011667251532073359
1893.0	0.0018524442115065182
1893.5	0.0042415093692534005
1894.0	0.06322295783225917
1894.5	0.004028806773910731
1895.0	0.0017985802597277828
1895.5	0.000980241698332995
1896.0	0.0007640913614242456
1896.5	0.0003297469240900346
1897.0	0.00025052632502192424
1897.5	0.00015142022333871434
1898.0	0.0002064674135425024
1898.5	0.0002642217109105118
1899.0	0.00047893227312068167
1899.5	0.0007578130657988548
1900.0	0.001220249607492881
1900.5	0.0020310824125845525
1901.0	0.004717267809162124
1901.5	0.024947395093136922
1902.0	0.003854283666876769
1902.5	0.0018419520203569457
1903.0	0.0012518530730365395
1903.5	0.000862384574166528
1904.0	0.0007508996262750366
1904.5	0.0008729296341117758
1905.0	0.001141699457818165
1905.5	0.002630663683127646
1906.0	0.0037003521645805155
1906.5	0.0016481163650488748
1907.0	0.0013670024691493697
1907.5	0.0017748644428172335
1908.0	0.0028795951790879766
1908.5	0.005591658298519011
1909.0	0.015167312865197785
1909.5	0.003473624417484507
1910.0	0.0018115109968278621
1910.5	0.0012321722555302702
1911.0	0.0009476038243798742
1911.5	0.0010301791241584912
1912.0	0.0005364266989444716
1912.5	0.0003718938110066701
1913.0	0.0003555220632636854
1913.5	0.0003683514523249089
1914.0	0.0008103834252296606
1914.5	0.000777584150800513
1915.0	0.0014389685617313315
1915.5	0.0023820715683354416
1916.0	0.006251904832356857
1916.5	0.010804422582502337
1917.0	0.0031410545897610945
1917.5	0.0015835261989908032
1918.0	0.0010320738227553809
1918.5	0.0006633977268584931
1919.0	0.0005774512202455325
1919.5	0.0005222343426094269
1920.0	0.0011737076937958254
1920.5	0.0006027578446443945
1921.0	0.0006150600900376341
1921.5	0.0007820935909059487
1922.0	0.001123279026882335
1922.5	0.0021397798974116585
1923.0	0.003109677532746108
1923.5	0.008252986520873863
1924.0	0.010163077678447856
1924.5	0.008646248924695909
1925.0	0.0027464737594666802
1925.5	0.001549257616380486
1926.0	0.000988217091216055
1926.5	0.000702617211590784
1927.0	0.00048270668305091196
1927.5	0.0005312711716058444
1928.0	0.00035793940957862535
1928.5	0.0005994005256201718
1929.0	0.0005510369875601256
1929.5	0.0009063870163865137
1930.0	0.0014500751113931305
1930.5	0.0028080225421382296
1931.0	0.009428834876496062
1931.5	0.006790299122016833
1932.0	0.0024532931661478243
1932.5	0.001272954572768643
1933.0	0.0007197073982989874
1933.5	0.0004904476429790279
1934.0	0.0002623030818376668
1934.5	0.0001978390659903136
1935.0	0.00016526627607376084
1935.5	0.00021563541454834923
1936.0	0.00036665295806674223
1936.5	0.0004975032599602334
1937.0	0.0010202564932289323
1937.5	0.0015542693053376005
1938.0	0.003232980160310077
1938.5	0.012213838626989406
1939.0	0.005902191409000608
1939.5	0.002939597448769756
1940.0	0.001401616911858701
1940.5	0.0009420550097491979
1941.0	0.0007785916694679335
1941.5	0.0007214769857711833
1942.0	0.0010383534130364819
1942.5	0.0015741885502094316
1943.0	0.009473259316214467
1943.5	0.0019214693508142514
1944.0	0.0013301172646059982
1944.5	0.001467772264567357
1945.0	0.0019523899982709007
1945.5	0.0036742976446959073
1946.0	0.018603753566899216
1946.5	0.005071709836904392
1947.0	0.002188942586552353
1947.5	0.0012328272444524539
1948.0	0.0007697850395973746
1948.5	0.0005206847489595852
1949.0	0.0002615711211326055
1949.5	0.0003209921598668526
1950.0	0.00014191042915213058
1950.5	0.0004965710382482128
1951.0	0.0003100656945011935
1951.5	0.0005867271781217297
1952.0	0.001071996606778173
1952.5	0.001728220671488699
1953.0	0.004138261418664922
1953.5	0.03950778303132464
1954.0	0.004294830098845474
1954.5	0.001896492246047428
1955.0	0.0010483947544950713
1955.5	0.0007328879412531437
1956.0	0.0003866182537905745
1956.5	0.0003070031323044096
1957.0	0.00024256177850603595
1957.5	0.0002485255924080608
1958.0	0.0004387450344218537
1958.5	0.000517818288568638
1959.0	0.0009060277303532759
1959.5	0.0013411599645859007
1960.0	0.002411648388027208
1960.5	0.004928370387222977
1961.0	0.04636896766734028
1961.5	0.007990709947089504
1962.0	0.003910666302467039
1962.5	0.0018883908086103568
1963.0	0.0012049842366223826
1963.5	0.0007235540573465695
1964.0	0.0006124370046367188
1964.5	0.00037041834405504657
1965.0	0.00034754545990348476
1965.5	0.00037892681184239585
1966.0	0.000491714562659265
1966.5	0.0009016556231353788
1967.0	0.0011618208463478742
1967.5	0.0021023547239109363
1968.0	0.004892457905101926
1968.5	0.01941751105342361
1969.0	0.0043956419748372505
1969.5	0.0016912089648930821
1970.0	0.0009612061568444354
1970.5	0.0006471573241353535
1971.0	0.00039049592956177557
1971.5	0.0005577632400534111
1972.0	0.0003939258272556705
1972.5	0.001049958108697566
1973.0	0.0005644251408366395
1973.5	0.0007384574540070634
1974.0	0.00088199202684112
1974.5	0.0013276034005488986
1975.0	0.0023747869731249715
1975.5	0.005786226081417096
1976.0	0.01253150799369758
1976.5	0.003287360208777522
1977.0	0.0016859680675681576
1977.5	0.001139724938842305
1978.0	0.0008199309802385832
1978.5	0.0007310178405090976
1979.0	0.0008732627935870567
1979.5	0.0011521012013375376
1980.0	0.0026653241805850805
1980.5	0.003486052616968746
1981.0	0.001538185207749869
1981.5	0.0014013426549344872
1982.0	0.00169781542307048
1982.5	0.0028379040811795774
1983.0	0.007002609329585275
1983.5	0.00927936982866084
1984.0	0.002906860466611961
1984.5	0.001485207653719946
1985.0	0.0010771974153398949
1985.5	0.0005115394021652031
1986.0	0.00034411376299780914
1986.5	0.00021153689604874618
1987.0	0.00017768224964511428
1987.5	0.0009581308327037646
1988.0	0.000290232052262539
1988.5	0.000502983887765214
1989.0	0.0008103655598593759
1989.5	0.001339620476008138
1990.0	0.002845156908318017
1990.5	0.00841463814367038
1991.0	0.007269170073658678
1991.5	0.002488728792513667
1992.0	0.001401403691214636
1992.5	0.0008200887959154614
1993.0	0.000564783272418006
1993.5	0.0004923205632298806
1994.0	0.00036805342989602505
1994.5	0.0002332880972904556
1995.0	0.0004894905495666827
1995.5	0.0004348055606659744
1996.0	0.0008365339845825881
1996.5	0.0011038442240949786
1997.0	0.0019116199922862714
1997.5	0.0034996944477717587
1998.0	0.012055163721736964
1998.5	0.007763870219224712
1999.0	0.009195804362362092
1999.5	0.0025449350486077987
2000.0	0.0014760661311394544
2000.5	0.0008817755098739784
2001.0	0.0007091011306234176
2001.5	0.0004268047109964878
2002.0	0.00036881914832609765
2002.5	0.00036888312825074035
2003.0	0.00043804099344145876
2003.5	0.0006992810865951484
2004.0	0.0009720700341020841
2004.5	0.0016444378021146513
2005.0	0.0033647737034150633
2005.5	0.016872195314587314
2006.0	0.005154299225548693
2006.5	0.002094007407849723
2007.0	0.0011444517617400691
2007.5	0.00070238110710041
2008.0	0.0003985695734792547
2008.5	0.00036583637806913435
2009.0	0.00019508062610093684
2009.5	0.00020108529891639526
2010.0	0.0002772183968664135
2010.5	0.00039978170990348044
2011.0	0.0007551505213150769
2011.5	0.001060363510222889
2012.0	0.0018601072765813563
2012.5	0.0039051755145822664
2013.0	0.03615953408331501
2013.5	0.004784061328980821
2014.0	0.00234955987503605
2014.5	0.00186930050627909
2015.0	0.0012642362363547606
2015.5	0.0009361058202073612
2016.0	0.0009695667978852689
2016.5	0.0011041882068887421
2017.0	0.0015803068858730573
2017.5	0.00663118762079614
2018.0	0.002235059154217155
2018.5	0.001703315880490473
2019.0	0.0016240057208572842
2019.5	0.0024072187934665226
2020.0	0.0045791088746987
2020.5	0.04524009208679534
2021.0	0.004141867783474147
2021.5	0.0020579889460433424
2022.0	0.001128906673716964
2022.5	0.0008668445899331032
2023.0	0.00047063883398522273
2023.5	0.0005851287013344259
2024.0	0.0003270331513580341
2024.5	0.0005042414579339422
2025.0	0.0009067021030522249
2025.5	0.0007984946826182125
2026.0	0.0009289185852957798
2026.5	0.0012702728943267032
2027.0	0.0021295855085590363
2027.5	0.005012015801941289
2028.0	0.018698794458184908
2028.5	0.0035539884785924726
2029.0	0.0016605649003889847
2029.5	0.000977138643032278
2030.0	0.0006127532526240345
2030.5	0.0003999579703154341
2031.0	0.0003826014637295763
2031.5	0.000256778745788385
2032.0	0.000317130702035397
2032.5	0.00042447242396557647
2033.0	0.0005843377003592578
2033.5	0.0010621236764475643
2034.0	0.0015005661073265954
2034.5	0.002674757278328021
2035.0	0.006414323764797468
2035.5	0.012955627264548485
2036.0	0.006011284976952917
2036.5	0.0041496349186393305
2037.0	0.0018784891393879087
2037.5	0.0011267053315684363
2038.0	0.0007221246653609852
2038.5	0.000582124418070035
2039.0	0.0003858708730616937
2039.5	0.0003529415446381295
2040.0	0.00043176299458675
2040.5	0.0005153179718907061
2041.0	0.0009031697216066816
2041.5	0.0013211994039712858
2042.0	0.0025249822466763042
2042.5	0.0070091102809456485
2043.0	0.00880664962147168
2043.5	0.002764274429334205
2044.0	0.0014269123451233674
2044.5	0.000778787793553209
2045.0	0.0005586258353883764
2045.5	0.0002632616224775379
2046.0	0.00037857902015615765
2046.5	0.00012996782008474448
2047.0	0.00030527336831954083
2047.5	0.0003225726005239686
2048.0	0.0005715814573758528
2048.5000000000005	0.0008394794076092642
2049.0000000000005	0.0014989794450368627
2049.5000000000005	0.0027464030150534877
2050.0000000000005	0.008983198334423572
2050.5000000000005	0.006992362643438175
2051.0000000000005	0.0026442323016646714
2051.5000000000005	0.0014180541315970162
2052.0000000000005	0.0009616220353353001
2052.5000000000005	0.0007395946510710382
2053.0000000000005	0.0006471008332232176
2053.5000000000005	0.0007441847219367116
2054.0000000000005	0.0010295856865748742
2054.5000000000005	0.0020055194523667845
2055.0000000000005	0.006111130926871863
2055.5000000000005	0.0017664549799841864
2056.0000000000005	0.0015860263254375195
2056.5000000000005	0.0019524564733358768
2057.0000000000005	0.0033599041300957032
2057.5000000000005	0.012374140556708197
2058.0000000000005	0.005879677322663258
2058.5000000000005	0.0024191792444841222
2059.0000000000005	0.0012823403662891482
2059.5000000000005	0.0007512254179370279
2060.0000000000005	0.0005527415581430537
2060.5000000000005	0.0002754775139826429
2061.0000000000005	0.0002128127777218638
2061.5000000000005	0.00017990807748842833
2062.0000000000005	0.00019730889325751252
2062.5000000000005	0.00041631060697415006
2063.0000000000005	0.0005144840478720443
2063.5000000000005	0.0009259860712727556
2064.0000000000005	0.0016037045136095465
2064.5000000000005	0.0034350060156663445
2065.0000000000005	0.019430924160385183
2065.5000000000005	0.004851391506311007
2066.0000000000005	0.0020422425621146054
2066.5000000000005	0.0011443029168390754
2067.0000000000005	0.0006426757208189964
2067.5000000000005	0.0006456928716193463
2068.0000000000005	0.00027377542346742814
2068.5000000000005	0.00029358178571680624
2069.0000000000005	0.00024273588182378915
2069.5000000000005	0.00041008230128901444
2070.0000000000005	0.0008593588055640519
2070.5000000000005	0.000870796647870974
2071.0000000000005	0.0013288418095049374
2071.5000000000005	0.002254729439473275
2072.0000000000005	0.004313445881539661
2072.5000000000005	0.051209534186870166
2073.0000000000005	0.005546352636654245
2073.5000000000005	0.009072915993881027
2074.0000000000005	0.0028685308877094565
2074.5000000000005	0.0015302488808951996
2075.0000000000005	0.0021352841261059814
2075.5000000000005	0.0006995408650941116
2076.0000000000005	0.0005246408210980878
2076.5000000000005	0.0005304729208790524
2077.0000000000005	0.0005759073879221655
2077.5000000000005	0.0022259763073816247
2078.0000000000005	0.0010715918580989608
2078.5000000000005	0.0013139540464943342
2079.0000000000005	0.0020839904963921483
2079.5000000000005	0.004502149405690091
2080.0000000000005	0.03410303278076427
2080.5000000000005	0.0037366665592545047
2081.0000000000005	0.0017648627390731658
2081.5000000000005	0.0009941539457085063
2082.0000000000005	0.0005793587124767995
2082.5000000000005	0.00078471989431949
2083.0000000000005	0.0002156995105952137
2083.5000000000005	0.00022217934559321429
2084.0000000000005	0.00018625867296246884
2084.5000000000005	0.00024253551505250693
2085.0000000000005	0.0008306152803256439
2085.5000000000005	0.0006641283134124652
2086.0000000000005	0.001183194193516918
2086.5000000000005	0.0021534887384922247
2087.0000000000005	0.005175542347372441
2087.5000000000005	0.016301633741683797
2088.0000000000005	0.0033806345827164506
2088.5000000000005	0.001717891534261265
2089.0000000000005	0.0010930245471962737
2089.5000000000005	0.0007458163210669145
2090.0000000000005	0.0008185289783567035
2090.5000000000005	0.0006086519813959276
2091.0000000000005	0.0008566993518756783
2091.5000000000005	0.0012139466672968966
2092.0000000000005	0.0031431326863524964
2092.5000000000005	0.003268370866253276
2093.0000000000005	0.001888928698434361
2093.5000000000005	0.0018374459702082525
2094.0000000000005	0.002846964645601253
2094.5000000000005	0.006366628018495552
2095.0000000000005	0.011162404667039098
2095.5000000000005	0.0030695911113697892
2096.0000000000005	0.001669970889591071
2096.5000000000005	0.0009201031314845819
2097.0000000000005	0.0005944990630409288
2097.5000000000005	0.00045788060719734674
2098.0000000000005	0.00024797310930723516
2098.5000000000005	0.00018820015842055377
2099.0000000000005	0.00027148028258638024
2099.5000000000005	0.00026240050448444037
2100.0000000000005	0.0005581447254751004
2100.5000000000005	0.0007592765526380169
2101.0000000000005	0.0013338601946224328
2101.5000000000005	0.00252505595588682
2102.0000000000005	0.007461883682392496
2102.5000000000005	0.008243171899199625
2103.0000000000005	0.002620829452593076
2103.5000000000005	0.0013798980180168457
2104.0000000000005	0.0007882189829825304
2104.5000000000005	0.000474240087425254
2105.0000000000005	0.00040324410954035447
2105.5000000000005	0.00023067281724228208
2106.0000000000005	0.0002519958856513021
2106.5000000000005	0.0002934040571706981
2107.0000000000005	0.00040984559399783745
2107.5000000000005	0.0007277315214739511
2108.0000000000005	0.0010143545382954695
2108.5000000000005	0.0017479092786959352
2109.0000000000005	0.0031947973624103744
2109.5000000000005	0.010203805471455992
2110.0000000000005	0.007439915820708527
2110.5000000000005	0.004179879179928299
2111.0000000000005	0.007804177070544888
2111.5000000000005	0.002107345045469681
2112.0000000000005	0.0012689049221976968
2112.5000000000005	0.0008846138493088368
2113.0000000000005	0.0005517269297066087
2113.5000000000005	0.0005467685458163651
2114.0000000000005	0.0004369186379808368
2114.5000000000005	0.0006219526137223868
2115.0000000000005	0.0007518507596572739
2115.5000000000005	0.001172697489774569
2116.0000000000005	0.001761581015499666
2116.5000000000005	0.003471609912425259
2117.0000000000005	0.013996799067548424
2117.5000000000005	0.006196384676005719
2118.0000000000005	0.002564252833205807
2118.5000000000005	0.0014508477363905255
2119.0000000000005	0.0008764475117343904
2119.5000000000005	0.0005407161493302504
2120.0000000000005	0.0006045317694985505
2120.5000000000005	0.00028469489972525225
2121.0000000000005	0.000220426777780857
2121.5000000000005	0.0003553927963920567
2122.0000000000005	0.0003863158457622918
2122.5000000000005	0.0006649167399743572
2123.0000000000005	0.0009947119997388697
2123.5000000000005	0.001759525420257517
2124.0000000000005	0.003710419013742436
2124.5000000000005	0.024823394781647627
2125.0000000000005	0.004744265836209191
2125.5000000000005	0.002140797843979813
2126.0000000000005	0.0012614115207371984
2126.5000000000005	0.001043719475660257
2127.0000000000005	0.0006812754618209781
2127.5000000000005	0.0006393147852579624
2128.0000000000005	0.0007529057365660248
2128.5000000000005	0.0009609820566888309
2129.0000000000005	0.001660628347889076
2129.5000000000005	0.0058258728782104
2130.0000000000005	0.002957691016048154
2130.5000000000005	0.002460286198315648
2131.0000000000005	0.002613273186895104
2131.5000000000005	0.004555011664101781
2132.0000000000005	0.06662690715891399
2132.5000000000005	0.004246545249851601
2133.0000000000005	0.0021800199249481554
2133.5000000000005	0.0011560582667942037
2134.0000000000005	0.0007735735581332221
2134.5000000000005	0.0004894301204516146
2135.0000000000005	0.0003748229401002599
2135.5000000000005	0.00024405159924062388
2136.0000000000005	0.00033889241506900557
2136.5000000000005	0.000250341621881987
2137.0000000000005	0.0006775290915647988
2137.5000000000005	0.0006362757104199661
2138.0000000000005	0.0011880979760864267
2138.5000000000005	0.0019985799724557725
2139.0000000000005	0.0047338122583917225
2139.5000000000005	0.022840199756349665
2140.0000000000005	0.003524213483415045
2140.5000000000005	0.0017071218243895094
2141.0000000000005	0.000992975113343127
2141.5000000000005	0.0005446206541717913
2142.0000000000005	0.0004206408495474582
2142.5000000000005	0.00023955716627199698
2143.0000000000005	0.00021035538810463032
2143.5000000000005	0.000502481527885951
2144.0000000000005	0.0003422973791123075
2144.5000000000005	0.0005302347534971403
2145.0000000000005	0.0008592685248485698
2145.5000000000005	0.0013795241863817848
2146.0000000000005	0.0025382199010639864
2146.5000000000005	0.005905457057555089
2147.0000000000005	0.013777095632867798
2147.5000000000005	0.004148314386602584
2148.0000000000005	0.0039189850145727075
2148.5000000000005	0.0041470989007555865
2149.0000000000005	0.0015943124535427553
2149.5000000000005	0.000989372101712997
2150.0000000000005	0.0015574965852555318
2150.5000000000005	0.0005513051999337336
2151.0000000000005	0.0003992649005070418
2151.5000000000005	0.000582162575664324
2152.0000000000005	0.0005352668663173881
2152.5000000000005	0.0009513727070108232
2153.0000000000005	0.0013157902334061473
2153.5000000000005	0.0024977136580068664
2154.0000000000005	0.006716968493003786
2154.5000000000005	0.009387017777993093
2155.0000000000005	0.002787703175360843
2155.5000000000005	0.001422407319403435
2156.0000000000005	0.0007900357718030163
2156.5000000000005	0.0005851426153343218
2157.0000000000005	0.0002629027455466198
2157.5000000000005	0.00019532544522106476
2158.0000000000005	0.00017894678429880472
2158.5000000000005	0.0001579236421508663
2159.0000000000005	0.0003270496941099622
2159.5000000000005	0.00045996502381289984
2160.0000000000005	0.0007756041885229858
2160.5000000000005	0.0015930892134938981
2161.0000000000005	0.002690910981973435
2161.5000000000005	0.008407610043523375
2162.0000000000005	0.007351405394547063
2162.5000000000005	0.0025593016808256037
2163.0000000000005	0.0014867239720125765
2163.5000000000005	0.0008826872567381561
2164.0000000000005	0.0007102842088836774
2164.5000000000005	0.001386679475529968
2165.0000000000005	0.0006614937336360124
2165.5000000000005	0.0006558283194683065
2166.0000000000005	0.001091930927381371
2166.5000000000005	0.0018278398197809087
2167.0000000000005	0.010845909549264518
2167.5000000000005	0.002299549566792931
2168.0000000000005	0.0022645752877884116
2168.5000000000005	0.003735163525601788
2169.0000000000005	0.011730967285297737
2169.5000000000005	0.006138181713989968
2170.0000000000005	0.002489126778160327
2170.5000000000005	0.0013314201691713651
2171.0000000000005	0.0008470684209065189
2171.5000000000005	0.0004995354881926057
2172.0000000000005	0.00030546909481723067
2172.5000000000005	0.000368263217228562
2173.0000000000005	0.00018801599802411556
2173.5000000000005	0.0002360543049319868
2174.0000000000005	0.00033801352164477064
2174.5000000000005	0.0005589057958711247
2175.0000000000005	0.000957116518819198
2175.5000000000005	0.0016247510482446093
2176.0000000000005	0.0033808159832820466
2176.5000000000005	0.017965361888839564
2177.0000000000005	0.0049372100068015455
2177.5000000000005	0.002190128720085442
2178.0000000000005	0.0011343913287142798
2178.5000000000005	0.0007889370805480138
2179.0000000000005	0.0005275575124574685
2179.5000000000005	0.0004275848832465662
2180.0000000000005	0.0002426983119869294
2180.5000000000005	0.0004140053300482255
2181.0000000000005	0.00035324252439082447
2181.5000000000005	0.0006100769166073898
2182.0000000000005	0.0009640634183839108
2182.5000000000005	0.0015111841865196299
2183.0000000000005	0.0027841101276854575
2183.5000000000005	0.00434158389864092
2184.0000000000005	0.043955626477206605
2184.5000000000005	0.005043787790991619
2185.0000000000005	0.003081897446700631
2185.5000000000005	0.004767878245097365
2186.0000000000005	0.0028775246962481522
2186.5000000000005	0.0013440709846064618
2187.0000000000005	0.001275586797123896
2187.5000000000005	0.0005816791970538507
2188.0000000000005	0.00048785898025802046
2188.5000000000005	0.0004892847546291071
2189.0000000000005	0.000544725284907996
2189.5000000000005	0.0007705202289684722
2190.0000000000005	0.001168314281892059
2190.5000000000005	0.0019770189309115407
2191.0000000000005	0.0049357107711587725
2191.5000000000005	0.03485885470633977
2192.0000000000005	0.0037648129219522352
2192.5000000000005	0.0017528797575216827
2193.0000000000005	0.001023563732606248
2193.5000000000005	0.0005887010168397967
2194.0000000000005	0.00044068023844049753
2194.5000000000005	0.0001990883017179696
2195.0000000000005	0.0004559866098643488
2195.5000000000005	0.00014521047556897157
2196.0000000000005	0.00033395227654416885
2196.5000000000005	0.00039634719469997296
2197.0000000000005	0.0006959706865931432
2197.5000000000005	0.001198010250138143
2198.0000000000005	0.0021416742698311484
2198.5000000000005	0.005122238923799296
2199.0000000000005	0.016320127724762948
2199.5000000000005	0.0033135835465969523
2200.0000000000005	0.0016840347568876238
2200.5000000000005	0.0011004908016369343
2201.0000000000005	0.000689444961965141
2201.5000000000005	0.0005710720281244448
2202.0000000000005	0.0005028442278755629
2202.5000000000005	0.0005433817926811913
2203.0000000000005	0.0008432900918245731
2203.5000000000005	0.0011663296367660006
2204.0000000000005	0.0023612140689063194
2204.5000000000005	0.005609770851510725
2205.0000000000005	0.0024519198932560567
2205.5000000000005	0.003088331375916478
2206.0000000000005	0.006561644487136257
2206.5000000000005	0.011046661613598973
2207.0000000000005	0.003344192685234951
2207.5000000000005	0.0017687218245255995
2208.0000000000005	0.0009715277712117685
2208.5000000000005	0.0007045738570841337
2209.0000000000005	0.00036329663280037345
2209.5000000000005	0.00033709290841340216
2210.0000000000005	0.0002013211613523142
2210.5000000000005	0.00024181856082902215
2211.0000000000005	0.0010848273924825378
2211.5000000000005	0.0004768392263819747
2212.0000000000005	0.0007699398632546853
2212.5000000000005	0.001368258781640755
2213.0000000000005	0.002561429037430271
2213.5000000000005	0.007594175795458247
2214.0000000000005	0.008015171111437012
2214.5000000000005	0.002628620340388893
2215.0000000000005	0.001639467318090488
2215.5000000000005	0.000801107270172368
2216.0000000000005	0.0005284303731313809
2216.5000000000005	0.00042550570184321463
2217.0000000000005	0.0002987934800621966
2217.5000000000005	0.0002886497646854193
2218.0000000000005	0.0004104211619993148
2218.5000000000005	0.0004721938107291057
2219.0000000000005	0.0009993493586544734
2219.5000000000005	0.001176657054591832
2220.0000000000005	0.0021596342109495704
2220.5000000000005	0.0036717262789143397
2221.0000000000005	0.010522710009041761
2221.5000000000005	0.007051174917347601
2222.0000000000005	0.0032637790295290663
2222.5000000000005	0.0026886096407135406
2223.0000000000005	0.008083429716829224
2223.5000000000005	0.0022238172325866373
2224.0000000000005	0.0011608496968660625
2224.5000000000005	0.000850241838714034
2225.0000000000005	0.0006125703136567255
2225.5000000000005	0.0005277324393540368
2226.0000000000005	0.0005773142598254583
2226.5000000000005	0.0007864100517578177
2227.0000000000005	0.0010713400981406571
2227.5000000000005	0.0016907161422594695
2228.0000000000005	0.00328650123900158
2228.5000000000005	0.014666334514213928
2229.0000000000005	0.005357944631514938
2229.5000000000005	0.0022966445138209233
2230.0000000000005	0.0012123432240917842
2230.5000000000005	0.0008292130782642015
2231.0000000000005	0.0004731801636319595
2231.5000000000005	0.0003397707992965385
2232.0000000000005	0.00030089235307958936
2232.5000000000005	0.001236407622819752
2233.0000000000005	0.00026443356095617296
2233.5000000000005	0.0004222208518233592
2234.0000000000005	0.0006946347822217506
2234.5000000000005	0.0010980613729892979
2235.0000000000005	0.0020004064298144598
2235.5000000000005	0.004438890680082077
2236.0000000000005	0.02707688825544817
2236.5000000000005	0.004933989972325148
2237.0000000000005	0.0021626482742298204
2237.5000000000005	0.00123893762749381
2238.0000000000005	0.0009335406844586493
2238.5000000000005	0.0005804338859345363
2239.0000000000005	0.0006533119390359799
2239.5000000000005	0.0005053143805788852
2240.0000000000005	0.0006659439442838735
2240.5000000000005	0.0009513562355322991
2241.0000000000005	0.0014234880640912574
2241.5000000000005	0.0033023634798661863
2242.0000000000005	0.003960802065214413
2242.5000000000005	0.0028886978316653806
2243.0000000000005	0.004725949242716095
2243.5000000000005	0.06316039491854744
2244.0000000000005	0.004240898201691778
2244.5000000000005	0.0020920760892338083
2245.0000000000005	0.0011788288353263444
2245.5000000000005	0.0007339264593840249
2246.0000000000005	0.0005577371638445361
2246.5000000000005	0.0004640650277457572
2247.0000000000005	0.00021223707979834528
2247.5000000000005	0.0003774665326569153
2248.0000000000005	0.00025849888749799715
2248.5000000000005	0.0004924909921118298
2249.0000000000005	0.0006262924563122548
2249.5000000000005	0.0011111561859227202
2250.0000000000005	0.0022122136417053306
2250.5000000000005	0.004697454036773822
2251.0000000000005	0.021821538119447578
2251.5000000000005	0.003475942690441588
2252.0000000000005	0.0016274982191325988
2252.5000000000005	0.0009427052899316958
2253.0000000000005	0.0005472269699847882
2253.5000000000005	0.00032007486452143296
2254.0000000000005	0.0013996033878042233
2254.5000000000005	0.00017132148622186946
2255.0000000000005	0.00026574531149881417
2255.5000000000005	0.0003253913239235098
2256.0000000000005	0.0006094169728771916
2256.5000000000005	0.0007971367994406682
2257.0000000000005	0.0013988064124041836
2257.5000000000005	0.002376638024159857
2258.0000000000005	0.006058549902591217
2258.5000000000005	0.013252653703201535
2259.0000000000005	0.0036180304157212347
2259.5000000000005	0.0023739566962464836
2260.0000000000005	0.002514969310293463
2260.5000000000005	0.00842339624981652
2261.0000000000005	0.0016732365998640263
2261.5000000000005	0.000930979200407377
2262.0000000000005	0.0008897716983833351
2262.5000000000005	0.0005384279678629947
2263.0000000000005	0.0005074110986895535
2263.5000000000005	0.0007797477692011781
2264.0000000000005	0.0008440217526078007
2264.5000000000005	0.0014682619008455607
2265.0000000000005	0.002492626811987978
2265.5000000000005	0.006763352928956426
2266.0000000000005	0.00934690208056605
2266.5000000000005	0.002804548180436816
2267.0000000000005	0.001401146175218039
2267.5000000000005	0.0008765593522829969
2268.0000000000005	0.00045974541866293625
2268.5000000000005	0.0002782144909672351
2269.0000000000005	0.00019600731247604384
2269.5000000000005	0.00012537870824911007
2270.0000000000005	0.0002512631732154265
2270.5000000000005	0.0002518729938465702
2271.0000000000005	0.0005179514335260878
2271.5000000000005	0.0008844259336919588
2272.0000000000005	0.0014764189884657619
2272.5000000000005	0.0027789199530843293
2273.0000000000005	0.008489205883922915
2273.5000000000005	0.007230530102679886
2274.0000000000005	0.0026049750569979275
2274.5000000000005	0.0013694396591056607
2275.0000000000005	0.0008437944360808113
2275.5000000000005	0.00081887601831029
2276.0000000000005	0.00045209208067836137
2276.5000000000005	0.00042687407139820933
2277.0000000000005	0.0004991880835721338
2277.5000000000005	0.0006779395477655389
2278.0000000000005	0.0010020368732567536
2278.5000000000005	0.001762904899662833
2279.0000000000005	0.0053587373971261945
2279.5000000000005	0.004324456458918032
2280.0000000000005	0.0038632626861620245
2280.5000000000005	0.01197604719351177
2281.0000000000005	0.006324792190821892
2281.5000000000005	0.002576786879251794
2282.0000000000005	0.0014637514815058464
2282.5000000000005	0.000883433832945174
2283.0000000000005	0.0005444438440218441
2283.5000000000005	0.0005735573998244723
2284.0000000000005	0.0002685779916612721
2284.5000000000005	0.00023832025537317772
2285.0000000000005	0.0003333115875931325
2285.5000000000005	0.00038205558114900225
2286.0000000000005	0.0006556411449481946
2286.5000000000005	0.0009872178186601395
2287.0000000000005	0.0018188606244836964
2287.5000000000005	0.0036294296937732584
2288.0000000000005	0.018049484058302732
2288.5000000000005	0.0053863526291095766
2289.0000000000005	0.0023277876411741598
2289.5000000000005	0.0012095001878803943
2290.0000000000005	0.0007720384956909499
2290.5000000000005	0.0004599779147491858
2291.0000000000005	0.00029579375502826943
2291.5000000000005	0.00032898346739338027
2292.0000000000005	0.00022349112625700396
2292.5000000000005	0.00029686668867942725
2293.0000000000005	0.0004991613701810511
2293.5000000000005	0.0006953692444561596
2294.0000000000005	0.0011117981758221602
2294.5000000000005	0.0019873285406962968
2295.0000000000005	0.003967441079549196
2295.5000000000005	0.039674243456222426
2296.0000000000005	0.004694970539305198
2296.5000000000005	0.002542147024771192
2297.0000000000005	0.0020806277012114308
2297.5000000000005	0.002871748800258604
2298.0000000000005	0.0040790971652529115
2298.5000000000005	0.0013959743153693948
2299.0000000000005	0.0008186374206903772
2299.5000000000005	0.0006742176254966272
2300.0000000000005	0.0005527581406272464
2300.5000000000005	0.0005886652725257385
2301.0000000000005	0.0009497990409639925
2301.5000000000005	0.0011577823287880211
2302.0000000000005	0.0020520610002663256
2302.5000000000005	0.004367414146519158
2303.0000000000005	0.040662748008232844
2303.5000000000005	0.0038343676838565803
2304.0000000000005	0.0018189089501597353
2304.5000000000005	0.0009807578019108466
2305.0000000000005	0.0007983282953495049
2305.5000000000005	0.0003276570223337243
2306.0000000000005	0.00022909136090357583
2306.5000000000005	0.0001747940515325925
2307.0000000000005	0.00024936077369555365
2307.5000000000005	0.0002729262373574608
2308.0000000000005	0.00038186871978343836
2308.5000000000005	0.0006616437930148807
2309.0000000000005	0.0015193961137598502
2309.5000000000005	0.002184581494142173
2310.0000000000005	0.004975035367217958
2310.5000000000005	0.017880672952698948
2311.0000000000005	0.0033661011451674625
2311.5000000000005	0.0017482126409465563
2312.0000000000005	0.0009858970816914235
2312.5000000000005	0.0006603969347218026
2313.0000000000005	0.0010243321026673778
2313.5000000000005	0.0004083172355924076
2314.0000000000005	0.0004337057966297481
2314.5000000000005	0.0005802728282111115
2315.0000000000005	0.0007715813909063376
2315.5000000000005	0.0012183897450455366
2316.0000000000005	0.0022225808330809927
2316.5000000000005	0.01150956913674905
2317.0000000000005	0.004079501278416173
2317.5000000000005	0.0066790206751471985
2318.0000000000005	0.012120310874027524
2318.5000000000005	0.0034135167255776285
2319.0000000000005	0.001823976992502272
2319.5000000000005	0.001101906615381139
2320.0000000000005	0.000736387038640441
2320.5000000000005	0.00047692461607544466
2321.0000000000005	0.0004818614721822303
2321.5000000000005	0.0003654607195247459
2322.0000000000005	0.00038531356499767633
2322.5000000000005	0.0006327713368547611
2323.0000000000005	0.0009673752376944489
2323.5000000000005	0.0012499322354718257
2324.0000000000005	0.0015336873817198852
2324.5000000000005	0.0027240194048632647
2325.0000000000005	0.007318326356500075
2325.5000000000005	0.008701064695284907
2326.0000000000005	0.0027662013917183234
2326.5000000000005	0.0015519637526993126
2327.0000000000005	0.0008232912468833228
2327.5000000000005	0.0005336129042230609
2328.0000000000005	0.0003446152301920895
2328.5000000000005	0.00024115396496676182
2329.0000000000005	0.0002765242224805095
2329.5000000000005	0.0002605973420007074
2330.0000000000005	0.00041617483626084644
2330.5000000000005	0.0006863693284772645
2331.0000000000005	0.000956287553535647
2331.5000000000005	0.0015616413565127038
2332.0000000000005	0.003087265693668284
2332.5000000000005	0.009314489299759046
2333.0000000000005	0.0072531093219234824
2333.5000000000005	0.0028980184743671953
2334.0000000000005	0.0019717643472787613
2334.5000000000005	0.002403617849639133
2335.0000000000005	0.003885873060626491
2335.5000000000005	0.002728333536585342
2336.0000000000005	0.0012201174749297114
2336.5000000000005	0.0007892977962989542
2337.0000000000005	0.0006657042396314638
2337.5000000000005	0.0006746768660076779
2338.0000000000005	0.0007736524869277139
2338.5000000000005	0.0013003358225018354
2339.0000000000005	0.001725496320380794
2339.5000000000005	0.0034067044801184
2340.0000000000005	0.01292170858001819
2340.5000000000005	0.006212126895381096
2341.0000000000005	0.0026814432197929563
2341.5000000000005	0.0014447822076193771
2342.0000000000005	0.0008178398959576104
2342.5000000000005	0.0005326843534487805
2343.0000000000005	0.00032009234243374343
2343.5000000000005	0.00022232958655839604
2344.0000000000005	0.00033392090287941194
2344.5000000000005	0.00022626496602061325
2345.0000000000005	0.0004142734020317214
2345.5000000000005	0.0006313469488268753
2346.0000000000005	0.000985959879296653
2346.5000000000005	0.0016586781709662616
2347.0000000000005	0.003622674898649316
2347.5000000000005	0.02054338633990018
2348.0000000000005	0.004902241607130283
2348.5000000000005	0.002078543396595519
2349.0000000000005	0.0011844626781300873
2349.5000000000005	0.001129601292111851
2350.0000000000005	0.0005050094909541829
2350.5000000000005	0.00042443811568410023
2351.0000000000005	0.00043044511269687516
2351.5000000000005	0.0004434861844951072
2352.0000000000005	0.0006149739123660196
2352.5000000000005	0.0009402256015754467
2353.0000000000005	0.0014521515801081558
2353.5000000000005	0.0030567227923743914
2354.0000000000005	0.006611654227380653
2354.5000000000005	0.005241362104235421
2355.0000000000005	0.05672342766473936
2355.5000000000005	0.0046279916729305695
2356.0000000000005	0.002171698004476977
2356.5000000000005	0.0012968356615354838
2357.0000000000005	0.0007603087296461365
2357.5000000000005	0.0006301275177325148
2358.0000000000005	0.000333391037049476
2358.5000000000005	0.00022108536652882117
2359.0000000000005	0.00033263971584968565
2359.5000000000005	0.00025195636422194385
2360.0000000000005	0.0004117258388595543
2360.5000000000005	0.0006946061366331211
2361.0000000000005	0.0011853214717375859
2361.5000000000005	0.0019254557146213918
2362.0000000000005	0.004529798602357797
2362.5000000000005	0.030320198615412422
2363.0000000000005	0.0036880572528717
2363.5000000000005	0.0016767138069822371
2364.0000000000005	0.0009423067930470377
2364.5000000000005	0.0016959592372330196
2365.0000000000005	0.0003191548548646327
2365.5000000000005	0.00021050771997608428
2366.0000000000005	0.00020211934635226586
2366.5000000000005	0.00019634531863053803
2367.0000000000005	0.0002796635318215487
2367.5000000000005	0.0005086302389698251
2368.0000000000005	0.000725649886201878
2368.5000000000005	0.0014446014234402846
2369.0000000000005	0.0022315745417902325
2369.5000000000005	0.005395769619755185
2370.0000000000005	0.01589444595278515
2370.5000000000005	0.003594734586667337
2371.0000000000005	0.0020493171648282293
2371.5000000000005	0.0017196559088375047
2372.0000000000005	0.0018879775612659
2372.5000000000005	0.0087579799443709
2373.0000000000005	0.0018430960886062068
2373.5000000000005	0.001004045545721918
2374.0000000000005	0.001069109937953741
2374.5000000000005	0.0006224518727391372
2375.0000000000005	0.0006871372549417801
2375.5000000000005	0.0009483276171013981
2376.0000000000005	0.001379090747968951
2376.5000000000005	0.002480554552668235
2377.0000000000005	0.006461032120986108
2377.5000000000005	0.009999722724086502
2378.0000000000005	0.0029883500397391606
2378.5000000000005	0.001448557542506938
2379.0000000000005	0.0008966259867370756
2379.5000000000005	0.0005955044763316288
2380.0000000000005	0.00035072563771004577
2380.5000000000005	0.0001830729393438055
2381.0000000000005	0.0001879728202228522
2381.5000000000005	0.00016229909098046006
2382.0000000000005	0.0003106992202092815
2382.5000000000005	0.00044861732114711124
2383.0000000000005	0.0007699081389615806
2383.5000000000005	0.0017934974557028548
2384.0000000000005	0.002641245476290098
2384.5000000000005	0.008262014794855364
2385.0000000000005	0.007416178156628622
2385.5000000000005	0.0026063679143183806
2386.0000000000005	0.0013732780950466142
2386.5000000000005	0.0009223899191570836
2387.0000000000005	0.0006054059918825889
2387.5000000000005	0.0005367015474998742
2388.0000000000005	0.000365756828219846
2388.5000000000005	0.0004284003971193415
2389.0000000000005	0.0006587257669512393
2389.5000000000005	0.0007608525789620538
2390.0000000000005	0.0011797734723938854
2390.5000000000005	0.00200939103291599
2391.0000000000005	0.004603595325321164
2391.5000000000005	0.005636961065850096
2392.0000000000005	0.012800031272152932
2392.5000000000005	0.006606748526521329
2393.0000000000005	0.004068835723637543
2393.5000000000005	0.0018997949857083275
2394.0000000000005	0.001185253860208249
2394.5000000000005	0.000724527993839905
2395.0000000000005	0.0005028470273451664
2395.5000000000005	0.00035047179225307314
2396.0000000000005	0.00030524024297334953
2396.5000000000005	0.0002883978920239366
2397.0000000000005	0.0004844998398012919
2397.5000000000005	0.0005975070143526098
2398.0000000000005	0.0009443798486191879
2398.5000000000005	0.001758908396404768
2399.0000000000005	0.0034274074495949957
2399.5000000000005	0.020150995552363545
2400.0000000000005	0.004811103548412758
2400.5000000000005	0.00208768573180381
2401.0000000000005	0.0011399064875956572
2401.5000000000005	0.000704161017697266
2402.0000000000005	0.000374968792195737
2402.5000000000005	0.0011566001327265524
2403.0000000000005	0.00017402098180418026
2403.5000000000005	0.00019968105944027126
2404.0000000000005	0.00028925376093138697
2404.5000000000005	0.0004088438109114863
2405.0000000000005	0.0006716037543990841
2405.5000000000005	0.0010885889198210253
2406.0000000000005	0.0019510103582504553
2406.5000000000005	0.0042015014817312684
2407.0000000000005	0.06463582483981815
2407.5000000000005	0.004334642783703385
2408.0000000000005	0.002375405803859036
2408.5000000000005	0.0015478641521180715
2409.0000000000005	0.0015368000115034029
2409.5000000000005	0.002333921318853307
2410.0000000000005	0.005265948937504875
2410.5000000000005	0.0014798720514579281
2411.0000000000005	0.0008773034848999637
2411.5000000000005	0.0006978847211967554
2412.0000000000005	0.0010500060534607808
2412.5000000000005	0.0008778638257742834
2413.0000000000005	0.0013034456670574664
2413.5000000000005	0.0021805013635603928
2414.0000000000005	0.004749779026342897
2414.5000000000005	0.023342051402235605
2415.0000000000005	0.0035650069801316246
2415.5000000000005	0.0017801341543672562
2416.0000000000005	0.0010931541633056434
2416.5000000000005	0.0006300637813026357
2417.0000000000005	0.000338955748806336
2417.5000000000005	0.00030180760625026783
2418.0000000000005	0.00016775623865249064
2418.5000000000005	0.00020192635419077445
2419.0000000000005	0.0002757734818661143
2419.5000000000005	0.00041291842825556547
2420.0000000000005	0.0007801385293531385
2420.5000000000005	0.001197709316273523
2421.0000000000005	0.00226469609243783
2421.5000000000005	0.005831940473776661
2422.0000000000005	0.012669635141604624
2422.5000000000005	0.0031411959189688314
2423.0000000000005	0.001714299583636569
2423.5000000000005	0.0009861506680925143
2424.0000000000005	0.0007419055190257261
2424.5000000000005	0.0005332187282535624
2425.0000000000005	0.0005262776052195212
2425.5000000000005	0.0008817320388166306
2426.0000000000005	0.001011869651892851
2426.5000000000005	0.001036653167612163
2427.0000000000005	0.0012217350062198374
2427.5000000000005	0.001639221348673038
2428.0000000000005	0.0028012325818766947
2428.5000000000005	0.010960722210194425
2429.0000000000005	0.008726828582646185
2429.5000000000005	0.009726360211121865
2430.0000000000005	0.0032712174698325287
2430.5000000000005	0.001863986852072799
2431.0000000000005	0.001188565932253251
2431.5000000000005	0.000727807133176597
2432.0000000000005	0.00047832370713896794
2432.5000000000005	0.00037122847316394946
2433.0000000000005	0.000267427883099873
2433.5000000000005	0.00032073963519025137
2434.0000000000005	0.0003621224392288194
2434.5000000000005	0.0005340035341601371
2435.0000000000005	0.0013212850186806
2435.5000000000005	0.0014357098727627352
2436.0000000000005	0.0028290700191594413
2436.5000000000005	0.009322002716400282
2437.0000000000005	0.006765689243009905
2437.5000000000005	0.0024404616960530816
2438.0000000000005	0.0013470109170451966
2438.5000000000005	0.0007874032803672545
2439.0000000000005	0.0006280329886723757
2439.5000000000005	0.0002812526085011688
2440.0000000000005	0.00022299626410726768
2440.5000000000005	0.00030230240666230144
2441.0000000000005	0.00025273729376422866
2441.5000000000005	0.0004057052611570958
2442.0000000000005	0.0006177904273449796
2442.5000000000005	0.001019207368658891
2443.0000000000005	0.00175454865382069
2443.5000000000005	0.00337861631479728
2444.0000000000005	0.014034739206715666
2444.5000000000005	0.005979308549723226
2445.0000000000005	0.002678431929367702
2445.5000000000005	0.0021964810853600547
2446.0000000000005	0.0017384435461684077
2446.5000000000005	0.001732332385049315
2447.0000000000005	0.00386567208129005
2447.5000000000005	0.0025693609389243915
2448.0000000000005	0.0011870010973263337
2448.5000000000005	0.0017057466157885514
2449.0000000000005	0.0007819803597229844
2449.5000000000005	0.0008779175859043346
2450.0000000000005	0.0012531291906347237
2450.5000000000005	0.001867556489088968
2451.0000000000005	0.0037968923789917907
2451.5000000000005	0.0273863836218138
2452.0000000000005	0.004674871568105116
2452.5000000000005	0.0021379335839302243
2453.0000000000005	0.0011506192349474964
2453.5000000000005	0.000642718108302907
2454.0000000000005	0.000487539328495809
2454.5000000000005	0.00023077263703536846
2455.0000000000005	0.00018687505914761926
2455.5000000000005	0.00017452852776784496
2456.0000000000005	0.00021942387027301669
2456.5000000000005	0.00040320378965861967
2457.0000000000005	0.0005818292035604888
2457.5000000000005	0.0010310621612476924
2458.0000000000005	0.0020833707488886206
2458.5000000000005	0.004211829769387266
2459.0000000000005	0.05245592597556638
2459.5000000000005	0.003975261579204585
2460.0000000000005	0.0018370981347038456
2460.5000000000005	0.0010857207377678402
2461.0000000000005	0.0006591554251155152
2461.5000000000005	0.0004371462108417239
2462.0000000000005	0.000581324540186157
2462.5000000000005	0.00031538258925876495
2463.0000000000005	0.0003763602219390075
2463.5000000000005	0.0005660733567446625
2464.0000000000005	0.0007887535923199105
2464.5000000000005	0.0012221162600045564
2465.0000000000005	0.002077434830705573
2465.5000000000005	0.004188960685752453
2466.0000000000005	0.008935727664215132
2466.5000000000005	0.019268258984744595
2467.0000000000005	0.00405671685096239
2467.5000000000005	0.0021557736683579486
2468.0000000000005	0.001229812645609132
2468.5000000000005	0.0007569871639765674
2469.0000000000005	0.0005129023942867694
2469.5000000000005	0.00033508949745281695
2470.0000000000005	0.0002793318536997925
2470.5000000000005	0.00024933216436922884
2471.0000000000005	0.00028563013957644414
2471.5000000000005	0.0007032919548118178
2472.0000000000005	0.0007030550119495139
2472.5000000000005	0.0012664434779776142
2473.0000000000005	0.0023176891599333634
2473.5000000000005	0.006010773319496996
2474.0000000000005	0.01111026260336985
2474.5000000000005	0.002969157271163428
2475.0000000000005	0.0014370026204244756
2475.5000000000005	0.0008964225841506425
2476.0000000000005	0.0004696426204386251
2476.5000000000005	0.0002793218524666729
2477.0000000000005	0.00036631528444085556
2477.5000000000005	0.00014582996992343694
2478.0000000000005	0.00021723542514333178
2478.5000000000005	0.00031065125138358285
2479.0000000000005	0.0005263546329871223
2479.5000000000005	0.0008233175068829887
2480.0000000000005	0.0014695910318248363
2480.5000000000005	0.0026466232548305064
2481.0000000000005	0.007838351987081044
2481.5000000000005	0.00824990227598573
2482.0000000000005	0.0028964565109742615
2482.5000000000005	0.0017630078963363376
2483.0000000000005	0.0012839944821290566
2483.5000000000005	0.0012872567610887882
2484.0000000000005	0.0020353750238968817
2484.5000000000005	0.008151361748631916
2485.0000000000005	0.0015782742388987653
2485.5000000000005	0.0009655488687460339
2486.0000000000005	0.0007626709740613692
2486.5000000000005	0.0010960487454979228
2487.0000000000005	0.0010521905540433105
2487.5000000000005	0.0016907361543213415
2488.0000000000005	0.003014724937381212
2488.5000000000005	0.010178107733555857
2489.0000000000005	0.006427041668637361
2489.5000000000005	0.0024202406514326163
2490.0000000000005	0.001280295426352276
2490.5000000000005	0.0009237387313032707
2491.0000000000005	0.0004623606953780113
2491.5000000000005	0.0002725588816827159
2492.0000000000005	0.0002651771475757165
2492.5000000000005	0.0001955420548352481
2493.0000000000005	0.000282402830468369
2493.5000000000005	0.00033158425859954646
2494.0000000000005	0.0006064479884762603
2494.5000000000005	0.0009740889614215359
2495.0000000000005	0.0016433621776555988
2495.5000000000005	0.003270115100720671
2496.0000000000005	0.01557218671729864
2496.5000000000005	0.005279620623059676
2497.0000000000005	0.0022805919019611
2497.5000000000005	0.0014222372319077764
2498.0000000000005	0.0013348197603429634
2498.5000000000005	0.0008731390056192271
2499.0000000000005	0.0005156910236704452
2499.5000000000005	0.0004585663616691333
2500.0000000000005	0.0016098945475465133
2500.5000000000005	0.0005861266997159512
2501.0000000000005	0.0007259112335150611
2501.5000000000005	0.0011863462186463695
2502.0000000000005	0.001709191946318639
2502.5000000000005	0.003157178006988953
2503.0000000000005	0.01114106292424867
2503.5000000000005	0.03560174596777457
2504.0000000000005	0.005345853968388648
2504.5000000000005	0.002462023467899119
2505.0000000000005	0.0014408813155187862
2505.5000000000005	0.00095105422480603
2506.0000000000005	0.0005874212468988762
2506.5000000000005	0.0004264910119491417
2507.0000000000005	0.0003357975229388844
2507.5000000000005	0.0002464487244000632
2508.0000000000005	0.00042739407303102
2508.5000000000005	0.00040779303876210224
2509.0000000000005	0.0006915572381571284
2509.5000000000005	0.0011819528380423302
2510.0000000000005	0.0020850699782438043
2510.5000000000005	0.00425918001413083
2511.0000000000005	0.04285211468075822
2511.5000000000005	0.0037734473480021307
2512.0000000000005	0.0017789313954413638
2512.5000000000005	0.0009734822910567405
2513.0000000000005	0.000555562908213717
2513.5000000000005	0.0013899244046319335
2514.0000000000005	0.00020815045057070712
2514.5000000000005	0.0002124308567747465
2515.0000000000005	0.0002238168320376103
2515.5000000000005	0.0003399141975090758
2516.0000000000005	0.0004447651290966205
2516.5000000000005	0.0007689343842499443
2517.0000000000005	0.0012064809334213767
2517.5000000000005	0.002326024148035874
2518.0000000000005	0.00512946563269821
2518.5000000000005	0.017480600548536337
2519.0000000000005	0.0036275979882429113
2519.5000000000005	0.0019270534734300796
2520.0000000000005	0.0013869938414290278
2520.5000000000005	0.0012427479162994714
2521.0000000000005	0.0015485869508255477
2521.5000000000005	0.004627809628769084
2522.0000000000005	0.0022636850379783397
2522.5000000000005	0.001104684897933603
2523.0000000000005	0.0010431442002741007
2523.5000000000005	0.0008263966363325839
2524.0000000000005	0.0010785681857045646
2524.5000000000005	0.0014770271889334703
2525.0000000000005	0.00251205450930792
2525.5000000000005	0.006226033430794372
2526.0000000000005	0.011105113157537603
2526.5000000000005	0.003073199137348807
2527.0000000000005	0.002174687879967792
2527.5000000000005	0.0009999645654156202
2528.0000000000005	0.0006815891242551736
2528.5000000000005	0.0006398990249139636
2529.0000000000005	0.0007708036026291334
2529.5000000000005	0.0006357035756973726
2530.0000000000005	0.00039871270053005526
2530.5000000000005	0.0004841718098105069
2531.0000000000005	0.0007230003977293084
2531.5000000000005	0.0008697713335532132
2532.0000000000005	0.0013770890854892352
2532.5000000000005	0.002703331349948227
2533.0000000000005	0.007551129857040279
2533.5000000000005	0.008127659208248386
2534.0000000000005	0.0026996231140167517
2534.5000000000005	0.0014126495590560332
2535.0000000000005	0.0009479227043820591
2535.5000000000005	0.0005525649284723721
2536.0000000000005	0.00043535320783772335
2536.5000000000005	0.00042039095911135325
2537.0000000000005	0.0004023481562947736
2537.5000000000005	0.0004581004635529599
2538.0000000000005	0.0007102335477074539
2538.5000000000005	0.0009151729300167142
2539.0000000000005	0.0015481970928489673
2539.5000000000005	0.002520298269531006
2540.0000000000005	0.005899891748020789
2540.5000000000005	0.01272457212775713
2541.0000000000005	0.007555932197135951
2541.5000000000005	0.002984604034599235
2542.0000000000005	0.0016956862164260208
2542.5000000000005	0.0011903809125691056
2543.0000000000005	0.0006923581916719214
2543.5000000000005	0.00047153973004630714
2544.0000000000005	0.0004415978065366322
2544.5000000000005	0.0008209284681565911
2545.0000000000005	0.00029379397897249854
2545.5000000000005	0.0005700946163385982
2546.0000000000005	0.0006143668746368461
2546.5000000000005	0.0009876953701052913
2547.0000000000005	0.0017117888625491177
2547.5000000000005	0.0032839505394678735
2548.0000000000005	0.014612459260523736
2548.5000000000005	0.0055819193377986505
2549.0000000000005	0.0022244325151150528
2549.5000000000005	0.0012823394690361176
2550.0000000000005	0.0011220035168463642
2550.5000000000005	0.0011238763679287708
2551.0000000000005	0.0005798598880284574
2551.5000000000005	0.00049312678113971
2552.0000000000005	0.00029777139456820765
2552.5000000000005	0.00037353821829128704
2553.0000000000005	0.0005660046874278895
2553.5000000000005	0.0006446546302702861
2554.0000000000005	0.0012617902283052638
2554.5000000000005	0.0018667496419113728
2555.0000000000005	0.0038204679225470888
2555.5000000000005	0.028514355467572007
2556.0000000000005	0.00478356531074878
2556.5000000000005	0.0022895338296380283
2557.0000000000005	0.00149622236954515
2557.5000000000005	0.0012605740784986021
2558.0000000000005	0.0020967071018307337
2558.5000000000005	0.0027265759897653254
2559.0000000000005	0.003298542755970707
2559.5000000000005	0.0013028891618099903
2560.0000000000005	0.0008562358591457107
2560.5000000000005	0.0008579330219585192
2561.0000000000005	0.0009055970869443262
2561.5000000000005	0.0013100684588694758
2562.0000000000005	0.0021318326694643288
2562.5000000000005	0.0043268965730487085
2563.0000000000005	0.05605895117386146
2563.5000000000005	0.004060544276070439
2564.0000000000005	0.0018138082777472348
2564.5000000000005	0.0010356635705267843
2565.0000000000005	0.0006209663804397986
2565.5000000000005	0.0003473511819671144
2566.0000000000005	0.0002699926443157298
2566.5000000000005	0.0001589686631043794
2567.0000000000005	0.0001617700794100313
2567.5000000000005	0.00038330610963282195
2568.0000000000005	0.00039142814549096284
2568.5000000000005	0.0006208990351292674
2569.0000000000005	0.0011631056864554006
2569.5000000000005	0.0020079956484930508
2570.0000000000005	0.004917555193592383
2570.5000000000005	0.01980996471200846
2571.0000000000005	0.0034543524839133633
2571.5000000000005	0.002841045420682803
2572.0000000000005	0.0009584462237928834
2572.5000000000005	0.0006066315119572739
2573.0000000000005	0.00043608509853525646
2573.5000000000005	0.00030909920450543376
2574.0000000000005	0.00033965395753793044
2574.5000000000005	0.0003862651961784461
2575.0000000000005	0.0005264853062462372
2575.5000000000005	0.001434155347956985
2576.0000000000005	0.0012349820095400013
2576.5000000000005	0.0021485225514870773
2577.0000000000005	0.004349680474312638
2577.5000000000005	0.009848962997164623
2578.0000000000005	0.013219200245157594
2578.5000000000005	0.003735205279576455
2579.0000000000005	0.0019235415951470809
2579.5000000000005	0.001969133815154497
2580.0000000000005	0.0007412548844460101
2580.5000000000005	0.00048005737364425826
2581.0000000000005	0.0003411179134767099
2581.5000000000005	0.0002450767077747201
2582.0000000000005	0.0002883115435689859
2582.5000000000005	0.00034458188083834627
2583.0000000000005	0.00048134785664628773
2583.5000000000005	0.0008864308363736826
2584.0000000000005	0.001318850568290622
2584.5000000000005	0.0024567937065103486
2585.0000000000005	0.00714447077237484
2585.5000000000005	0.00876974587986258
2586.0000000000005	0.0028129628434935675
2586.5000000000005	0.0013587609549040045
2587.0000000000005	0.0007916958306030596
2587.5000000000005	0.0005692603124486435
2588.0000000000005	0.0002753947394438333
2588.5000000000005	0.0001920305057793482
2589.0000000000005	0.0001809789747981924
2589.5000000000005	0.00019893160100165085
2590.0000000000005	0.00039909781137756654
2590.5000000000005	0.0005313581734754676
2591.0000000000005	0.0008450639789067258
2591.5000000000005	0.0015723160147916584
2592.0000000000005	0.0028348346040014266
2592.5000000000005	0.009092343085311651
2593.0000000000005	0.0071369890577214195
2593.5000000000005	0.002800476362428567
2594.0000000000005	0.0017582747175632135
2594.5000000000005	0.0013185370525382544
2595.0000000000005	0.0013610677062024755
2595.5000000000005	0.002299268797770792
2596.0000000000005	0.004908700003371291
2596.5000000000005	0.001447907444040564
2597.0000000000005	0.0009114908840878638
2597.5000000000005	0.0007770136244658499
2598.0000000000005	0.001112899441540035
2598.5000000000005	0.0011071865844015504
2599.0000000000005	0.001747494428513047
2599.5000000000005	0.003292605391494541
2600.0000000000005	0.01238348869671424
2600.5000000000005	0.005836037118686573
2601.0000000000005	0.0024511497639433675
2601.5000000000005	0.0013111017626941974
2602.0000000000005	0.0010361875828454226
2602.5000000000005	0.0007123366600275257
2603.0000000000005	0.0010865713946480525
2603.5000000000005	0.00048814703797938876
2604.0000000000005	0.00032338578794738196
2604.5000000000005	0.00032261611056293057
2605.0000000000005	0.00039788221838503836
2605.5000000000005	0.0006162999723524942
2606.0000000000005	0.0011516272694424036
2606.5000000000005	0.0016959959096874708
2607.0000000000005	0.003456325635891858
2607.5000000000005	0.01996555035978194
2608.0000000000005	0.00484423674356389
2608.5000000000005	0.0021849262338759032
2609.0000000000005	0.001162978377372595
2609.5000000000005	0.0007433213489613677
2610.0000000000005	0.0007987212364251037
2610.5000000000005	0.00037350307012361505
2611.0000000000005	0.00033493033522647114
2611.5000000000005	0.0004399649330711581
2612.0000000000005	0.0004977010934681027
2612.5000000000005	0.0007586837581473933
2613.0000000000005	0.0011698906368046318
2613.5000000000005	0.0018413270934101666
2614.0000000000005	0.004152317307624638
2614.5000000000005	0.00964673884709852
2615.0000000000005	0.054620003345974964
2615.5000000000005	0.004894857020262818
2616.0000000000005	0.002427459997094503
2616.5000000000005	0.0013818430881215478
2617.0000000000005	0.0008837177149882557
2617.5000000000005	0.0005871275916266943
2618.0000000000005	0.001331485768153904
2618.5000000000005	0.0002675930589661879
2619.0000000000005	0.00031237154112813176
2619.5000000000005	0.0003201531841652128
2620.0000000000005	0.00041250183190895835
2620.5000000000005	0.0007580715465892164
2621.0000000000005	0.0010761666492504695
2621.5000000000005	0.001966161905458453
2622.0000000000005	0.004829026761838384
2622.5000000000005	0.031476494487599406
2623.0000000000005	0.003660405483790844
2623.5000000000005	0.0019291239159684235
2624.0000000000005	0.0009475711785760473
2624.5000000000005	0.0006493878173529251
2625.0000000000005	0.0005006522715872117
2625.5000000000005	0.0002524742144052314
2626.0000000000005	0.000373475217727683
2626.5000000000005	0.00039014473149177225
2627.0000000000005	0.0003153873739900187
2627.5000000000005	0.0005016144239681357
2628.0000000000005	0.000930523663112995
2628.5000000000005	0.0013171117244994664
2629.0000000000005	0.002310663054776127
2629.5000000000005	0.005494253400566857
2630.0000000000005	0.016233559262863448
2630.5000000000005	0.003635059265117573
2631.0000000000005	0.0023041525482771366
2631.5000000000005	0.0017281184762411624
2632.0000000000005	0.002005583335984491
2632.5000000000005	0.0026305241752574145
2633.0000000000005	0.006398229881365566
2633.5000000000005	0.0015922923245094275
2634.0000000000005	0.001126229998356174
2634.5000000000005	0.0008060897041701883
2635.0000000000005	0.0008412799631115008
2635.5000000000005	0.0010667771997126998
2636.0000000000005	0.001446966607144871
2636.5000000000005	0.0026119531501333348
2637.0000000000005	0.006274113797050648
2637.5000000000005	0.010806849595312557
2638.0000000000005	0.0030383479759774424
2638.5000000000005	0.001626569769422937
2639.0000000000005	0.0008908348966347355
2639.5000000000005	0.0005839303395939092
2640.0000000000005	0.0003577687781508113
2640.5000000000005	0.00043695026972911434
2641.0000000000005	0.00016307392702255338
2641.5000000000005	0.0002554537796240005
2642.0000000000005	0.00031306708024246685
2642.5000000000005	0.00045304297526273425
2643.0000000000005	0.0008576940645450776
2643.5000000000005	0.0013276247695006018
2644.0000000000005	0.002568672428787855
2644.5000000000005	0.008678973327930927
2645.0000000000005	0.008140756543002713
2645.5000000000005	0.0026657338506729977
2646.0000000000005	0.0015752751468454972
2646.5000000000005	0.0008379000588898
2647.0000000000005	0.000653057002490236
2647.5000000000005	0.00046612299356976983
2648.0000000000005	0.0003816393412167022
2648.5000000000005	0.0006442773015352289
2649.0000000000005	0.0005384611949720878
2649.5000000000005	0.0006904804930322929
2650.0000000000005	0.0010691225777258871
2650.5000000000005	0.0017228032795392168
2651.0000000000005	0.003269655290810602
2651.5000000000005	0.009153513636402277
2652.0000000000005	0.011026455160002781
2652.5000000000005	0.007451675126797462
2653.0000000000005	0.0029048753216150674
2653.5000000000005	0.0017815449143903635
2654.0000000000005	0.0010872770211074565
2654.5000000000005	0.0008360699751481638
2655.0000000000005	0.0008649275435660231
2655.5000000000005	0.0010851460977986769
2656.0000000000005	0.0004745710917079084
2656.5000000000005	0.0006248997276408758
2657.0000000000005	0.0004352111098344956
2657.5000000000005	0.0006277192181023745
2658.0000000000005	0.0010015216129195398
2658.5000000000005	0.0015789224356218174
2659.0000000000005	0.003234101578522221
2659.5000000000005	0.013538857980875582
2660.0000000000005	0.005481953232838067
2660.5000000000005	0.0022583734147447253
2661.0000000000005	0.0012475213117506723
2661.5000000000005	0.0006889322540593432
2662.0000000000005	0.0004959994986815242
2662.5000000000005	0.00029170947239619185
2663.0000000000005	0.0003172660328485693
2663.5000000000005	0.00017627318247180837
2664.0000000000005	0.0003173207732550964
2664.5000000000005	0.0004325273306835232
2665.0000000000005	0.0006153765293841325
2665.5000000000005	0.001091815879642509
2666.0000000000005	0.0017848339205815173
2666.5000000000005	0.0036498331949288104
2667.0000000000005	0.023312005519471737
2667.5000000000005	0.004949253325227281
2668.0000000000005	0.0023583914787127704
2668.5000000000005	0.001785761993932849
2669.0000000000005	0.0014745862611208718
2669.5000000000005	0.002278845214552811
2670.0000000000005	0.006102193087524559
2670.5000000000005	0.001499816034119947
2671.0000000000005	0.0010171610372287966
2671.5000000000005	0.0007948805517220992
2672.0000000000005	0.0006676928035869134
2672.5000000000005	0.000872423381720049
2673.0000000000005	0.0012505212993016894
2673.5000000000005	0.001952368811305912
2674.0000000000005	0.004055790173800064
2674.5000000000005	0.06448739189136828
2675.0000000000005	0.00442093723524911
2675.5000000000005	0.00184866376944854
2676.0000000000005	0.0011805066303203096
2676.5000000000005	0.0006197247434214801
2677.0000000000005	0.00039592574476777576
2677.5000000000005	0.0004010382401218955
2678.0000000000005	0.0002204749746771653
2678.5000000000005	0.00013405729309298232
2679.0000000000005	0.0016474993519285301
2679.5000000000005	0.00033890087527792994
2680.0000000000005	0.0006271827722009704
2680.5000000000005	0.0011750146910411905
2681.0000000000005	0.001944378322199699
2681.5000000000005	0.004552421041727418
2682.0000000000005	0.027139865861007754
2682.5000000000005	0.00361079610289649
2683.0000000000005	0.001985651981406211
2683.5000000000005	0.001059507437969924
2684.0000000000005	0.000627592165678972
2684.5000000000005	0.0004989974530635687
2685.0000000000005	0.000386979493403411
2685.5000000000005	0.0004698360286300885
2686.0000000000005	0.00042784622025199005
2686.5000000000005	0.0006941119660343249
2687.0000000000005	0.0010503001515987623
2687.5000000000005	0.0015462576679366113
2688.0000000000005	0.003022728637067304
2688.5000000000005	0.007619766327044801
2689.0000000000005	0.006508731483151493
2689.5000000000005	0.015535166968143768
2690.0000000000005	0.0036614417998065774
2690.5000000000005	0.001873997524582936
2691.0000000000005	0.0012291680041284655
2691.5000000000005	0.0006805111350161861
2692.0000000000005	0.00048458656420489636
2692.5000000000005	0.00032821143686517914
2693.0000000000005	0.0002855085880717765
2693.5000000000005	0.0003033277986054399
2694.0000000000005	0.0003717985572533703
2694.5000000000005	0.0004330460128009751
2695.0000000000005	0.0008136875490357585
2695.5000000000005	0.0012360701922115528
2696.0000000000005	0.002358093684475229
2696.5000000000005	0.006225603260955963
2697.0000000000005	0.010308510726550672
2697.5000000000005	0.0030236008466574364
2698.0000000000005	0.0014308195998331498
2698.5000000000005	0.0008494379618662187
2699.0000000000005	0.0005200882812248108
2699.5000000000005	0.0003167233327877246
2700.0000000000005	0.00027288447134952976
2700.5000000000005	0.00023954107631318883
2701.0000000000005	0.00021225924127306697
2701.5000000000005	0.0011901778064802992
2702.0000000000005	0.0005180659991290657
2702.5000000000005	0.0009213630930075548
2703.0000000000005	0.0015355346196775275
2703.5000000000005	0.0027570831749803956
2704.0000000000005	0.007881289351321177
2704.5000000000005	0.008291347713685839
2705.0000000000005	0.0030442759020889876
2705.5000000000005	0.002174379793214062
2706.0000000000005	0.001756631957290554
2706.5000000000005	0.0025210682244674112
2707.0000000000005	0.0052500770546633
2707.5000000000005	0.0017698572121483474
2708.0000000000005	0.0015657703937011671
2708.5000000000005	0.0008637461802855969
2709.0000000000005	0.0008258841534636628
2709.5000000000005	0.000901505663717253
2710.0000000000005	0.0011253634404485649
2710.5000000000005	0.0016288483511066416
2711.0000000000005	0.0030138188226936477
2711.5000000000005	0.009872718693071478
2712.0000000000005	0.006628302851746476
2712.5000000000005	0.002442896705944148
2713.0000000000005	0.0012994307922580735
2713.5000000000005	0.0008192093923986241
2714.0000000000005	0.00044421693610207356
2714.5000000000005	0.0003051497132865979
2715.0000000000005	0.00020422524594088142
2715.5000000000005	0.0001819399021992901
2716.0000000000005	0.0003445965944232374
2716.5000000000005	0.0003623495295535465
2717.0000000000005	0.000508411976544682
2717.5000000000005	0.0009991642797893697
2718.0000000000005	0.001536843914475085
2718.5000000000005	0.0032217500991274994
2719.0000000000005	0.013690461168945718
2719.5000000000005	0.005471645682138734
2720.0000000000005	0.0028802419814591375
2720.5000000000005	0.0012424744779217817
2721.0000000000005	0.0007744341804917084
2721.5000000000005	0.0005586145748695603
2722.0000000000005	0.0004148716655462708
2722.5000000000005	0.00043405444050493533
2723.0000000000005	0.00046489247907151435
2723.5000000000005	0.0006051092006724322
2724.0000000000005	0.001137229334901545
2724.5000000000005	0.0014560988420397275
2725.0000000000005	0.003057993747723442
2725.5000000000005	0.005963138643658863
2726.0000000000005	0.00477859571053733
2726.5000000000005	0.02384842856623833
2727.0000000000005	0.005178975809848485
2727.5000000000005	0.0023330459819290504
2728.0000000000005	0.001474189673804429
2728.5000000000005	0.0008245481769463735
2729.0000000000005	0.000564650725794336
2729.5000000000005	0.00039021652554695056
2730.0000000000005	0.0002863375056627348
2730.5000000000005	0.00033908891788444714
2731.0000000000005	0.0003228038739204903
2731.5000000000005	0.00043590083356644604
2732.0000000000005	0.000713810513231204
2732.5000000000005	0.0011398387319444556
2733.0000000000005	0.0019050664978324111
2733.5000000000005	0.004108479578429832
2734.0000000000005	0.06313675118691418
2734.5000000000005	0.004604344061764749
2735.0000000000005	0.0024366499517885208
2735.5000000000005	0.0014571269074495387
2736.0000000000005	0.0008192763812674137
2736.5000000000005	0.0005310944623752285
2737.0000000000005	0.00037200497919705314
2737.5000000000005	0.0002998023050052246
2738.0000000000005	0.0002580349875591355
2738.5000000000005	0.001570643175596737
2739.0000000000005	0.0004813695184778819
2739.5000000000005	0.0007604858492882387
2740.0000000000005	0.0012664299272748304
2740.5000000000005	0.0021317702130144675
2741.0000000000005	0.004772982304604941
2741.5000000000005	0.028986959663176125
2742.0000000000005	0.004053481025534909
2742.5000000000005	0.0024648591028003774
2743.0000000000005	0.0019514252041515313
2743.5000000000005	0.0027770505282959422
2744.0000000000005	0.004150847095420671
2744.5000000000005	0.0013626404319798508
2745.0000000000005	0.0009592079369555654
2745.5000000000005	0.0006192053289776656
2746.0000000000005	0.0006089641735206647
2746.5000000000005	0.0007167455126093899
2747.0000000000005	0.0008599069383786837
2747.5000000000005	0.0013003126889101259
2748.0000000000005	0.0022434823260416895
2748.5000000000005	0.0052557181173144224
2749.0000000000005	0.01559621579154859
2749.5000000000005	0.003280785401873722
2750.0000000000005	0.001610643501218152
2750.5000000000005	0.0009735752282793264
2751.0000000000005	0.0005263647612376778
2751.5000000000005	0.0003742627615854083
2752.0000000000005	0.00021237028430664976
2752.5000000000005	0.0002164183026778339
2753.0000000000005	0.00040788364141824913
2753.5000000000005	0.0003410443138419992
2754.0000000000005	0.0004282445275715998
2754.5000000000005	0.000813699454266837
2755.0000000000005	0.001242090164709422
2755.5000000000005	0.002403049592812691
2756.0000000000005	0.006151516998956136
2756.5000000000005	0.010761883656313916
2757.0000000000005	0.0034048029237008746
2757.5000000000005	0.001588045876848236
2758.0000000000005	0.000993258026822956
2758.5000000000005	0.0007183749880125309
2759.0000000000005	0.0005790356884429925
2759.5000000000005	0.000628491405312391
2760.0000000000005	0.0008553844757101576
2760.5000000000005	0.001141485439841213
2761.0000000000005	0.00122623421684919
2761.5000000000005	0.0015321861542608821
2762.0000000000005	0.003271081712206048
2762.5000000000005	0.004729608814051165
2763.0000000000005	0.0037555681103607305
2763.5000000000005	0.008142315894749565
2764.0000000000005	0.008708606668437622
2764.5000000000005	0.002973088152732693
2765.0000000000005	0.0017126917507081566
2765.5000000000005	0.0009588794184399649
2766.0000000000005	0.000632438186270883
2766.5000000000005	0.00040465762361821094
2767.0000000000005	0.00026746617728165675
2767.5000000000005	0.00035137213254288994
2768.0000000000005	0.00023322530947907785
2768.5000000000005	0.0003263976734340259
2769.0000000000005	0.0005285638585317305
2769.5000000000005	0.0008280283040128782
2770.0000000000005	0.0014287329273672067
2770.5000000000005	0.0028165805887113886
2771.0000000000005	0.009319923423310932
2771.5000000000005	0.007248761104569935
2772.0000000000005	0.0023835044501856347
2772.5000000000005	0.0013317369472345632
2773.0000000000005	0.0007401000275170934
2773.5000000000005	0.0004584930464546774
2774.0000000000005	0.00030561525869301554
2774.5000000000005	0.00021268377873991798
2775.0000000000005	0.0001789955168427765
2775.5000000000005	0.0004642866930817542
2776.0000000000005	0.00036020800204272454
2776.5000000000005	0.0005999222236656147
2777.0000000000005	0.0010045674110024494
2777.5000000000005	0.0016657474999852658
2778.0000000000005	0.0033450128965586234
2778.5000000000005	0.012991530428907582
2779.0000000000005	0.006012505678469948
2779.5000000000005	0.002885045225695597
2780.0000000000005	0.0022334555206797637
2780.5000000000005	0.0032727647142585313
2781.0000000000005	0.003423238314751295
2781.5000000000005	0.0012966647357409138
2782.0000000000005	0.0009241264542085903
2782.5000000000005	0.0005636820308949228
2783.0000000000005	0.0005367833160083462
2783.5000000000005	0.0005863844089582322
2784.0000000000005	0.0007050005418618772
2784.5000000000005	0.0010552274365048652
2785.0000000000005	0.0017313547649065258
2785.5000000000005	0.003473795246832139
2786.0000000000005	0.02044525096235157
2786.5000000000005	0.004822586595449948
2787.0000000000005	0.002031073777709303
2787.5000000000005	0.0011596913756870577
2788.0000000000005	0.0006179100569211538
2788.5000000000005	0.00042591365320148947
2789.0000000000005	0.0002292568696964089
2789.5000000000005	0.00020549031493455731
2790.0000000000005	0.001019250140311936
2790.5000000000005	0.0002738819268852859
2791.0000000000005	0.00032317963461611914
2791.5000000000005	0.0006307191055297752
2792.0000000000005	0.0009677684953345877
2792.5000000000005	0.0018271574471351371
2793.0000000000005	0.0038488971049220632
2793.5000000000005	0.050065804440012046
2794.0000000000005	0.004377671858578006
2794.5000000000005	0.0019215766543432661
2795.0000000000005	0.0011327128609860408
2795.5000000000005	0.0007317284310152126
2796.0000000000005	0.0005212777226947068
2796.5000000000005	0.000515574881791009
2797.0000000000005	0.00047954071771805397
2797.5000000000005	0.0005706871964232268
2798.0000000000005	0.0009692688850347766
2798.5000000000005	0.0013919967070336347
2799.0000000000005	0.003550778406357315
2799.5000000000005	0.0037324827844393677
2800.0000000000005	0.0029888010303771844
2800.5000000000005	0.005069273723232959
2801.0000000000005	0.03515411133727584
2801.5000000000005	0.004017985552774988
2802.0000000000005	0.002005456005109275
2802.5000000000005	0.001125510788447134
2803.0000000000005	0.0007174038899276019
2803.5000000000005	0.00043928211784235885
2804.0000000000005	0.0003127527267977314
2804.5000000000005	0.0005205634743942478
2805.0000000000005	0.00020341913231054076
2805.5000000000005	0.0002966065994353087
2806.0000000000005	0.0004363513946086217
2806.5000000000005	0.0006986682640198726
2807.0000000000005	0.0011677592314950555
2807.5000000000005	0.0021497862899786313
2808.0000000000005	0.005019572197077987
2808.5000000000005	0.01746302884085434
2809.0000000000005	0.0033265739533670825
2809.5000000000005	0.0016892553222597495
2810.0000000000005	0.0009692187455929063
2810.5000000000005	0.0006195906468568424
2811.0000000000005	0.0004561832826470262
2811.5000000000005	0.00036935883124257013
2812.0000000000005	0.0003777260756305943
2812.5000000000005	0.000770905026042787
2813.0000000000005	0.0008116199035583096
2813.5000000000005	0.0007183429375692866
2814.0000000000005	0.0009706463132067523
2814.5000000000005	0.0014610067299380294
2815.0000000000005	0.00265626733592241
2815.5000000000005	0.006230930149866708
2816.0000000000005	0.011961768433561979
2816.5000000000005	0.003710204248664519
2817.0000000000005	0.0026650972392761583
2817.5000000000005	0.0041064502285487565
2818.0000000000005	0.0030230133018523506
2818.5000000000005	0.001290590386067815
2819.0000000000005	0.0010177349726990454
2819.5000000000005	0.0005737048822776823
2820.0000000000005	0.0005150028439280907
2820.5000000000005	0.0005491762447028012
2821.0000000000005	0.0006229529057608054
2821.5000000000005	0.0009018476457465358
2822.0000000000005	0.0014122692473951257
2822.5000000000005	0.0025539202858314
2823.0000000000005	0.008283221670791876
2823.5000000000005	0.008694398466983012
2824.0000000000005	0.002730472794354016
2824.5000000000005	0.0014430303182175958
2825.0000000000005	0.0007986162908484634
2825.5000000000005	0.0005658464786969603
2826.0000000000005	0.0002825689572760794
2826.5000000000005	0.00026521796055704167
2827.0000000000005	0.00031213282237804046
2827.5000000000005	0.0002585834726608867
2828.0000000000005	0.0003359007952917741
2828.5000000000005	0.0005416835849794407
2829.0000000000005	0.0008007968881704111
2829.5000000000005	0.0015114180727475476
2830.0000000000005	0.002758394237480348
2830.5000000000005	0.008901700678664621
2831.0000000000005	0.007104426952673475
2831.5000000000005	0.002564710208335475
2832.0000000000005	0.0014240815188541825
2832.5000000000005	0.0009484860456341419
2833.0000000000005	0.0006492269662482573
2833.5000000000005	0.0006668959921957452
2834.0000000000005	0.0005680063149276107
2834.5000000000005	0.0006811129687012286
2835.0000000000005	0.0009648206883248492
2835.5000000000005	0.0015916070452569073
2836.0000000000005	0.004230734849139612
2836.5000000000005	0.0032682014791777436
2837.0000000000005	0.002769729722159622
2837.5000000000005	0.00431039841895167
2838.0000000000005	0.012322887174774037
2838.5000000000005	0.006561805179724513
2839.0000000000005	0.0026718456057606313
2839.5000000000005	0.001527927297934956
2840.0000000000005	0.000975304400712859
2840.5000000000005	0.0006397248785363109
2841.0000000000005	0.00037454451339494937
2841.5000000000005	0.0006482217589668443
2842.0000000000005	0.00022913136417830894
2842.5000000000005	0.0003374353516571203
2843.0000000000005	0.0003966841278859774
2843.5000000000005	0.0006256001142447747
2844.0000000000005	0.0009570967450149673
2844.5000000000005	0.0016977859694629737
2845.0000000000005	0.0032740705189894153
2845.5000000000005	0.016392372839232453
2846.0000000000005	0.005106012880895562
2846.5000000000005	0.0021854490925904955
2847.0000000000005	0.001158965972884604
2847.5000000000005	0.0007401010349678824
2848.0000000000005	0.0004907247071378057
2848.5000000000005	0.00032870255987410687
2849.0000000000005	0.00022082595594023386
2849.5000000000005	0.00034493428237738507
2850.0000000000005	0.0002841604566153442
2850.5000000000005	0.0005082090424770682
2851.0000000000005	0.0007016130576611013
2851.5000000000005	0.0011602639445137653
2852.0000000000005	0.0021346535945133186
2852.5000000000005	0.003968773691729155
2853.0000000000005	0.029164101022882267
2853.5000000000005	0.005230756150088247
2854.0000000000005	0.003129972654902873
2854.5000000000005	0.005324234561430911
2855.0000000000005	0.00269909997373837
2855.5000000000005	0.001307142440526828
2856.0000000000005	0.0016072473835956303
2856.5000000000005	0.0005819308432939036
2857.0000000000005	0.00046647633595617045
2857.5000000000005	0.00048143457666200817
2858.0000000000005	0.0005240853644106312
2858.5000000000005	0.0007758442029440074
2859.0000000000005	0.0011149478471764696
2859.5000000000005	0.0019220666867096005
2860.0000000000005	0.0042303000874156175
2860.5000000000005	0.06647050632687966
2861.0000000000005	0.004052291680596481
2861.5000000000005	0.0018746490076312385
2862.0000000000005	0.0010468225655234473
2862.5000000000005	0.0007107692424870833
2863.0000000000005	0.0004142655918979985
2863.5000000000005	0.00030478048825391553
2864.0000000000005	0.00035164644801545053
2864.5000000000005	0.00035647223523008247
2865.0000000000005	0.000763271729111785
2865.5000000000005	0.0007944332008051727
2866.0000000000005	0.0008167930846035723
2866.5000000000005	0.0013323662176905606
2867.0000000000005	0.0020815422189403073
2867.5000000000005	0.004642002822132901
2868.0000000000005	0.026605109631928397
2868.5000000000005	0.003690033929049602
2869.0000000000005	0.0018587711304296486
2869.5000000000005	0.0011084009088576006
2870.0000000000005	0.0007725518321280677
2870.5000000000005	0.001725149458804227
2871.0000000000005	0.0005760732129170352
2871.5000000000005	0.0006342637194067983
2872.0000000000005	0.0009190504206535586
2872.5000000000005	0.0014728407836045378
2873.0000000000005	0.005276822312272845
2873.5000000000005	0.0026135688754354122
2874.0000000000005	0.0020634913489914236
2874.5000000000005	0.0027867248355697466
2875.0000000000005	0.005594942107377952
2875.5000000000005	0.015708992425330796
2876.0000000000005	0.003506939983894214
2876.5000000000005	0.0017127235818550266
2877.0000000000005	0.0011295340313547048
2877.5000000000005	0.0006001457775481192
2878.0000000000005	0.0004295633490924668
2878.5000000000005	0.0003033842998735071
2879.0000000000005	0.00024239327638104894
2879.5000000000005	0.0001983661995351093
2880.0000000000005	0.0003359794279468133
2880.5000000000005	0.0004015056446193277
2881.0000000000005	0.0009848738453260948
2881.5000000000005	0.0011875412067603236
2882.0000000000005	0.0023496399010903405
2882.5000000000005	0.006002148201754423
2883.0000000000005	0.01105268312471577
2883.5000000000005	0.0029940883492317874
2884.0000000000005	0.0015266515138148793
2884.5000000000005	0.0008198601524214768
2885.0000000000005	0.0008387191739352477
2885.5000000000005	0.00029919305382309844
2886.0000000000005	0.00031799220515833565
2886.5000000000005	0.00021718019917401412
2887.0000000000005	0.00028744686023456865
2887.5000000000005	0.0004073734979461552
2888.0000000000005	0.0006118261798413042
2888.5000000000005	0.0009202569813636553
2889.0000000000005	0.0016490567314950606
2889.5000000000005	0.0027944290212514188
2890.0000000000005	0.007596267497539796
2890.5000000000005	0.009285524676054414
2891.0000000000005	0.00399614663133091
2891.5000000000005	0.007192295003717507
2892.0000000000005	0.0026229420112681
2892.5000000000005	0.0013157432250510048
2893.0000000000005	0.0008781053762062071
2893.5000000000005	0.0005490025426611049
2894.0000000000005	0.0004612602951985877
2894.5000000000005	0.0003820237659488626
2895.0000000000005	0.0004380779210089928
2895.5000000000005	0.0009531910847757671
2896.0000000000005	0.0008765794612438255
2896.5000000000005	0.0014340034919141237
2897.0000000000005	0.002781616370117173
2897.5000000000005	0.008711915462041675
2898.0000000000005	0.007067844155550907
2898.5000000000005	0.0024773523321463993
2899.0000000000005	0.0012812428043207725
2899.5000000000005	0.0009175394729748669
2900.0000000000005	0.000429174842652839
2900.5000000000005	0.00025736735018916824
2901.0000000000005	0.00018846163378667438
2901.5000000000005	0.00014173492902056883
2902.0000000000005	0.0002391154943963765
2902.5000000000005	0.0002961968948776561
2903.0000000000005	0.0004988542477895683
2903.5000000000005	0.0009324395051713618
2904.0000000000005	0.0014915668045793003
2904.5000000000005	0.0030212450200912686
2905.0000000000005	0.011313593780542978
2905.5000000000005	0.006000228231124352
2906.0000000000005	0.0024869905024522106
2906.5000000000005	0.001350476980625775
2907.0000000000005	0.0008817186009601821
2907.5000000000005	0.0007291778078644007
2908.0000000000005	0.0005833224011630871
2908.5000000000005	0.0006871787937759268
2909.0000000000005	0.0008943541068959608
2909.5000000000005	0.0015373606195639618
2910.0000000000005	0.007154498185537747
2910.5000000000005	0.0023155112913275954
2911.0000000000005	0.0017495463048169246
2911.5000000000005	0.002180560240800478
2912.0000000000005	0.0036515551648919745
2912.5000000000005	0.016396933187045534
2913.0000000000005	0.0053373556433678245
2913.5000000000005	0.0023182475359579103
2914.0000000000005	0.0015214893906680736
2914.5000000000005	0.0008131109625834395
2915.0000000000005	0.0005276915475470226
2915.5000000000005	0.0004095191610322052
2916.0000000000005	0.00028242827011696616
2916.5000000000005	0.0004102733757633004
2917.0000000000005	0.00043347519499016275
2917.5000000000005	0.0009924817803439177
2918.0000000000005	0.001017999288128305
2918.5000000000005	0.0011571323834079186
2919.0000000000005	0.001807526565258559
2919.5000000000005	0.00377438194660216
2920.0000000000005	0.02864971576063421
2920.5000000000005	0.0046765279895095825
2921.0000000000005	0.002005666550591499
2921.5000000000005	0.0011772782221545835
2922.0000000000005	0.0007186789887016737
2922.5000000000005	0.0005296244333739442
2923.0000000000005	0.0003078208177279734
2923.5000000000005	0.00032964899365397105
2924.0000000000005	0.00028964789184756214
2924.5000000000005	0.0005844745687768971
2925.0000000000005	0.0005183007126033669
2925.5000000000005	0.0009190431300192017
2926.0000000000005	0.001303048905400673
2926.5000000000005	0.0022272204931118654
2927.0000000000005	0.004703361510417416
2927.5000000000005	0.06727881583167478
2928.0000000000005	0.0053517947771738895
2928.5000000000005	0.01070544394939077
2929.0000000000005	0.0026934957411714087
2929.5000000000005	0.001464631449060391
2930.0000000000005	0.0009748283226657993
2930.5000000000005	0.0006238102675408122
2931.0000000000005	0.00048162877878002756
2931.5000000000005	0.0004416436807318336
2932.0000000000005	0.0003948302308882148
2932.5000000000005	0.0006967977725664304
2933.0000000000005	0.0007478111399559816
2933.5000000000005	0.0011784986623507062
2934.0000000000005	0.0020473392777623214
2934.5000000000005	0.004630208682874345
2935.0000000000005	0.02634178951850105
2935.5000000000005	0.0036204274659737607
2936.0000000000005	0.0017400524557433176
2936.5000000000005	0.0010692698612605929
2937.0000000000005	0.0005892781782236782
2937.5000000000005	0.0004406101163222465
2938.0000000000005	0.00028387144586240553
2938.5000000000005	0.00023257592064702297
2939.0000000000005	0.00037835922792140054
2939.5000000000005	0.00037840187210745054
2940.0000000000005	0.0006132244565177945
2940.5000000000005	0.0010785272539818968
2941.0000000000005	0.0017864902307893654
2941.5000000000005	0.002509493694868004
2942.0000000000005	0.005480211750832094
2942.5000000000005	0.015438893209392063
2943.0000000000005	0.0036217016136179943
2943.5000000000005	0.0017978900817540975
2944.0000000000005	0.0011584261333395655
2944.5000000000005	0.0008606067779554536
2945.0000000000005	0.00073284070618817
2945.5000000000005	0.0007482638913881418
2946.0000000000005	0.000962575027525747
2946.5000000000005	0.0015892744165940038
2947.0000000000005	0.009507732269938287
2947.5000000000005	0.002105200330993393
2948.0000000000005	0.0015998759162137019
2948.5000000000005	0.0017817688269697255
2949.0000000000005	0.002723117702429387
2949.5000000000005	0.006375205054029136
2950.0000000000005	0.011089638181736224
2950.5000000000005	0.0030797330138368664
2951.0000000000005	0.0018481868182680216
2951.5000000000005	0.0009202648301478207
2952.0000000000005	0.0006366749709317988
2952.5000000000005	0.0003731845083306397
2953.0000000000005	0.00029811483459784254
2953.5000000000005	0.00022575465391861042
2954.0000000000005	0.0002919864816616505
2954.5000000000005	0.0002695414106552404
2955.0000000000005	0.0006126240435160084
2955.5000000000005	0.0007443382838203435
2956.0000000000005	0.0013690262690266451
2956.5000000000005	0.002538253284923555
2957.0000000000005	0.007263879492341934
2957.5000000000005	0.008494859779866236
2958.0000000000005	0.0027209849810111977
2958.5000000000005	0.0013837741453776111
2959.0000000000005	0.0009117981213935032
2959.5000000000005	0.000484656859252569
2960.0000000000005	0.00038765624688684875
2960.5000000000005	0.00025840416158656797
2961.0000000000005	0.0002661646576182239
2961.5000000000005	0.00043888378662183624
2962.0000000000005	0.00045816538742495915
2962.5000000000005	0.0006679928755085857
2963.0000000000005	0.0011344617394735356
2963.5000000000005	0.0017391591567524661
2964.0000000000005	0.003270058880127665
2964.5000000000005	0.009671968288671853
2965.0000000000005	0.0083228173318602
2965.5000000000005	0.011220222040026984
2966.0000000000005	0.002972772799902406
2966.5000000000005	0.0015952102873540925
2967.0000000000005	0.0010431593374700982
2967.5000000000005	0.0006946317296838789
2968.0000000000005	0.0005562154499266012
2968.5000000000005	0.00045644618019911214
2969.0000000000005	0.0004943292957078259
2969.5000000000005	0.0012578298471526905
2970.0000000000005	0.0012881329814258783
2970.5000000000005	0.0012577776816246262
2971.0000000000005	0.0017171881560309997
2971.5000000000005	0.0031322306203669333
2972.0000000000005	0.011820590942872574
2972.5000000000005	0.005887864201709342
2973.0000000000005	0.002341503317755568
2973.5000000000005	0.0014260148859772943
2974.0000000000005	0.0007098145334080514
2974.5000000000005	0.00045141073888425344
2975.0000000000005	0.0002964877003880591
2975.5000000000005	0.0002028448161870211
2976.0000000000005	0.00021651142209676728
2976.5000000000005	0.0002547058020321944
2977.0000000000005	0.00032951409222971615
2977.5000000000005	0.0006703391656805844
2978.0000000000005	0.0009442895842436367
2978.5000000000005	0.001682256550895544
2979.0000000000005	0.0033804712892119377
2979.5000000000005	0.01734237704800873
2980.0000000000005	0.005175269983938199
2980.5000000000005	0.0022560480035502075
2981.0000000000005	0.0013278150272599775
2981.5000000000005	0.0010096293030740589
2982.0000000000005	0.0007162159912865527
2982.5000000000005	0.0008188587872274873
2983.0000000000005	0.0009055472084660253
2983.5000000000005	0.0015791394734463071
2984.0000000000005	0.008106931296607457
2984.5000000000005	0.0020791695504836522
2985.0000000000005	0.0013733099437382608
2985.5000000000005	0.0016490085928574847
2986.0000000000005	0.002065942167159028
2986.5000000000005	0.004040628973431536
2987.0000000000005	0.0341693361812371
2987.5000000000005	0.004581326627580403
2988.0000000000005	0.002215918223966779
2988.5000000000005	0.0013401362159730472
2989.0000000000005	0.0006586275401738354
2989.5000000000005	0.0005188448342676767
2990.0000000000005	0.0003651867131478119
2990.5000000000005	0.0002487340141782813
2991.0000000000005	0.0001591441764011165
2991.5000000000005	0.00033102012036339466
2992.0000000000005	0.0014431391302920542
2992.5000000000005	0.0006105859680444442
2993.0000000000005	0.001051540491848351
2993.5000000000005	0.0018926827252515343
2994.0000000000005	0.004111793272653808
2994.5000000000005	0.05503265416447618
2995.0000000000005	0.0038614840771991708
2995.5000000000005	0.0017898882303377806
2996.0000000000005	0.001256190451100695
2996.5000000000005	0.0006033392049913338
2997.0000000000005	0.0003777581194201536
2997.5000000000005	0.0003211931899042717
2998.0000000000005	0.00021862289476262987
2998.5000000000005	0.00032096856746214794
2999.0000000000005	0.00038031371061291553
2999.5000000000005	0.0005619865236821517
3000.0000000000005	0.0009967302893374918
3000.5000000000005	0.0014332803618232878
3001.0000000000005	0.002483501709934561
3001.5000000000005	0.005445388662811888
3002.0000000000005	0.023298669363728253
3002.5000000000005	0.01071605296726627
3003.0000000000005	0.0033547682756552943
3003.5000000000005	0.0017741432180447586
3004.0000000000005	0.0011447471154902038
3004.5000000000005	0.0006833198282826853
3005.0000000000005	0.0004958903067920454
3005.5000000000005	0.0003637474752862607
3006.0000000000005	0.0003337236206748805
3006.5000000000005	0.00045125887397314484
3007.0000000000005	0.00048546745602540847
3007.5000000000005	0.0007293549452734914
3008.0000000000005	0.001271108684630683
3008.5000000000005	0.002194091191133652
3009.0000000000005	0.005481689779114091
3009.5000000000005	0.013507825810250765
3010.0000000000005	0.0031319588152394612
3010.5000000000005	0.0016841844535476606
3011.0000000000005	0.0008799738363677134
3011.5000000000005	0.0004972298692661175
3012.0000000000005	0.00036018713886020425
3012.5000000000005	0.00018832664240579398
3013.0000000000005	0.0002039475445565079
3013.5000000000005	0.0001837700468845464
3014.0000000000005	0.00030272067679649474
3014.5000000000005	0.000950843177541343
3015.0000000000005	0.0007902309773791131
3015.5000000000005	0.0012967596811092703
3016.0000000000005	0.0025089419907582955
3016.5000000000005	0.006509385489199637
3017.0000000000005	0.010008518724484224
3017.5000000000005	0.0030044716485200847
3018.0000000000005	0.0016910238103741138
3018.5000000000005	0.001322502476781861
3019.0000000000005	0.000909469164677455
3019.5000000000005	0.0008082556937821164
3020.0000000000005	0.0010552422821229282
3020.5000000000005	0.0014980034945680633
3021.0000000000005	0.0060319261477358495
3021.5000000000005	0.0022581840859328636
3022.0000000000005	0.0016423727018585281
3022.5000000000005	0.0021790056449337986
3023.0000000000005	0.0020787912126216104
3023.5000000000005	0.00303084831321941
3024.0000000000005	0.008217877650052554
3024.5000000000005	0.007938300365093406
3025.0000000000005	0.002913227468432141
3025.5000000000005	0.00146508873480279
3026.0000000000005	0.0009227891192739992
3026.5000000000005	0.0005814785022885369
3027.0000000000005	0.00038028529881775055
3027.5000000000005	0.0002501089987129283
3028.0000000000005	0.00023732267029018223
3028.5000000000005	0.00021227971615334643
3029.0000000000005	0.0006671025089064539
3029.5000000000005	0.00048732539564004166
3030.0000000000005	0.0008622044556923994
3030.5000000000005	0.0014698934596559497
3031.0000000000005	0.0028722309530758642
3031.5000000000005	0.010038140482447286
3032.0000000000005	0.006390407202373291
3032.5000000000005	0.0023718969027485075
3033.0000000000005	0.0013634046642651148
3033.5000000000005	0.0007490184152521129
3034.0000000000005	0.0005240296072853154
3034.5000000000005	0.00034053791103251947
3035.0000000000005	0.00028195625520637777
3035.5000000000005	0.0003506631521049884
3036.0000000000005	0.0003673360879885133
3036.5000000000005	0.0005399587639497815
3037.0000000000005	0.0007862209392318327
3037.5000000000005	0.0012266007438678402
3038.0000000000005	0.0021025317809143934
3038.5000000000005	0.003844964704821588
3039.0000000000005	0.014914951215610593
3039.5000000000005	0.010052938615512938
3040.0000000000005	0.004201748542687954
3040.5000000000005	0.0022114107012325477
3041.0000000000005	0.0012904650070615063
3041.5000000000005	0.0008921814059731126
3042.0000000000005	0.0006354268605702468
3042.5000000000005	0.0005002677859947651
3043.0000000000005	0.0005618551599034207
3043.5000000000005	0.0005778882600054609
3044.0000000000005	0.0008842875890253042
3044.5000000000005	0.0011444139366643801
3045.0000000000005	0.001243178626332925
3045.5000000000005	0.0019468444615063165
3046.0000000000005	0.0036090813005470643
3046.5000000000005	0.022437259335169556
3047.0000000000005	0.004768435473536567
3047.5000000000005	0.0020733747911195976
3048.0000000000005	0.0012314534890892654
3048.5000000000005	0.0006850851347387026
3049.0000000000005	0.00042747800473604886
3049.5000000000005	0.00032001961522766206
3050.0000000000005	0.00018435471938919136
3050.5000000000005	0.0002895171146875899
3051.0000000000005	0.00026826736244241705
3051.5000000000005	0.00044134267255146304
3052.0000000000005	0.0006266608010331641
3052.5000000000005	0.0011187426516965993
3053.0000000000005	0.001910779358348716
3053.5000000000005	0.004026968439505796
3054.0000000000005	0.05829169172641384
3054.5000000000005	0.004329890044657332
3055.0000000000005	0.002022128858686068
3055.5000000000005	0.001423031028578922
3056.0000000000005	0.0009037726062498929
3056.5000000000005	0.0008924512878568324
3057.0000000000005	0.000914442793959395
3057.5000000000005	0.0013492205850382996
3058.0000000000005	0.0035967217221792506
3058.5000000000005	0.002679402206749433
3059.0000000000005	0.0013650662299638996
3059.5000000000005	0.0012833150518893907
3060.0000000000005	0.0014864538956315715
3060.5000000000005	0.002348297191330343
3061.0000000000005	0.004629937360763353
3061.5000000000005	0.031791450857570354
3062.0000000000005	0.0037804734186974364
3062.5000000000005	0.0018630133699311276
3063.0000000000005	0.0010967100508149732
3063.5000000000005	0.0006708518664063542
3064.0000000000005	0.0004003470692793061
3064.5000000000005	0.0003098445790601179
3065.0000000000005	0.00017143567715970036
3065.5000000000005	0.00026782302315121216
3066.0000000000005	0.0002667631947102714
3066.5000000000005	0.0004622771417077733
3067.0000000000005	0.0006512823977325054
3067.5000000000005	0.0011797376377888048
3068.0000000000005	0.002136331571254636
3068.5000000000005	0.005101155929639549
3069.0000000000005	0.016493971318249596
3069.5000000000005	0.0033246951330324613
3070.0000000000005	0.001619059287807029
3070.5000000000005	0.001023087987168426
3071.0000000000005	0.0005844131148190111
3071.5000000000005	0.00045674503737441887
3072.0000000000005	0.0003347527003407763
3072.5000000000005	0.0003278973168607278
3073.0000000000005	0.00041843452062563513
3073.5000000000005	0.0005421214485554649
3074.0000000000005	0.0008148484949617121
3074.5000000000005	0.001259446020396013
3075.0000000000005	0.002470698744245478
3075.5000000000005	0.003226730140882706
3076.0000000000005	0.0070896538491167175
3076.5000000000005	0.01409040677403641
3077.0000000000005	0.005893440325063205
3077.5000000000005	0.002590660549947713
3078.0000000000005	0.0015737693661937071
3078.5000000000005	0.0009500329872411551
3079.0000000000005	0.0006737656076399277
3079.5000000000005	0.00046164265218589834
3080.0000000000005	0.0003576433936706708
3080.5000000000005	0.0003771181370388833
3081.0000000000005	0.00039723137660326
3081.5000000000005	0.0005562492106652212
3082.0000000000005	0.0008154129539546961
3082.5000000000005	0.0013473798020328142
3083.0000000000005	0.0025832093238810348
3083.5000000000005	0.007137069191505046
3084.0000000000005	0.008592661715614437
3084.5000000000005	0.00267763442809686
3085.0000000000005	0.0013848839339783265
3085.5000000000005	0.0008392705995825062
3086.0000000000005	0.0004717868769797783
3086.5000000000005	0.00030443266474442925
3087.0000000000005	0.00022098367533637656
3087.5000000000005	0.00014206763279082945
3088.0000000000005	0.0002837683941720166
3088.5000000000005	0.00028851505117239
3089.0000000000005	0.0005692097223359625
3089.5000000000005	0.0008127648218914269
3090.0000000000005	0.001493055190869889
3090.5000000000005	0.0028524651916595257
3091.0000000000005	0.009096720207378992
3091.5000000000005	0.0069946125002602446
3092.0000000000005	0.0026592381798935254
3092.5000000000005	0.0014669470949966298
3093.0000000000005	0.0011539432431341996
3093.5000000000005	0.0008013426288336846
3094.0000000000005	0.0009200024384316734
3094.5000000000005	0.001084331769028638
3095.0000000000005	0.002240662425510604
3095.5000000000005	0.004617061535969392
3096.0000000000005	0.0015599889337292547
3096.5000000000005	0.0011944126752071336
3097.0000000000005	0.0013433259902087267
3097.5000000000005	0.0018148585842323026
3098.0000000000005	0.003358269886643946
3098.5000000000005	0.012220900564233927
3099.0000000000005	0.005918559031200458
3099.5000000000005	0.002316217900928214
3100.0000000000005	0.0012801366652020981
3100.5000000000005	0.0008749862457778318
3101.0000000000005	0.0004543220463207193
3101.5000000000005	0.00029186547657360554
3102.0000000000005	0.00021031481405213318
3102.5000000000005	0.0001463572677582629
3103.0000000000005	0.000263930358075044
3103.5000000000005	0.0003054170410472877
3104.0000000000005	0.0005629172948339437
3104.5000000000005	0.0008832752952443703
3105.0000000000005	0.0016174267262998934
3105.5000000000005	0.0033952043309043666
3106.0000000000005	0.018653892834436532
3106.5000000000005	0.004923859875850189
3107.0000000000005	0.0020542091664109614
3107.5000000000005	0.0011122259749689492
3108.0000000000005	0.0007285960082153115
3108.5000000000005	0.0004129599522465287
3109.0000000000005	0.00032766035615413615
3109.5000000000005	0.00026482943110726974
3110.0000000000005	0.00026644328030687325
3110.5000000000005	0.0004113552882161027
3111.0000000000005	0.0005409375206939024
3111.5000000000005	0.000866077065933461
3112.0000000000005	0.001363157799545572
3112.5000000000005	0.002281408425218126
3113.0000000000005	0.004641509831662512
3113.5000000000005	0.04422552804180769
3114.0000000000005	0.012939517521646085
3114.5000000000005	0.0033056917884170126
3115.0000000000005	0.0017736453396199887
3115.5000000000005	0.0011732085152736606
3116.0000000000005	0.0006972848440453376
3116.5000000000005	0.0005255722179576226
3117.0000000000005	0.0003644582339803376
3117.5000000000005	0.00033086816919142715
3118.0000000000005	0.00039693877924630816
3118.5000000000005	0.00047812114254275654
3119.0000000000005	0.0006935447559160025
3119.5000000000005	0.001123797194836477
3120.0000000000005	0.001933083315104855
3120.5000000000005	0.004442670828235985
3121.0000000000005	0.038294277845188365
3121.5000000000005	0.0038278997554958677
3122.0000000000005	0.0017485827665382286
3122.5000000000005	0.0010270577125390803
3123.0000000000005	0.000662691495796849
3123.5000000000005	0.0004371136285040622
3124.0000000000005	0.00026188598735091116
3124.5000000000005	0.000277890337562248
3125.0000000000005	0.00022181846489408607
3125.5000000000005	0.00048311659234041377
3126.0000000000005	0.0005050243823461574
3126.5000000000005	0.0009159368788075191
3127.0000000000005	0.001419046415266931
3127.5000000000005	0.003014654656100083
3128.0000000000005	0.005450885377151903
3128.5000000000005	0.017691901460907742
3129.0000000000005	0.003581004150739426
3129.5000000000005	0.0019331852506750998
3130.0000000000005	0.001202858687155269
3130.5000000000005	0.001095161799828771
3131.0000000000005	0.0008284708067103402
3131.5000000000005	0.0010211590087852909
3132.0000000000005	0.0014949456368748635
3132.5000000000005	0.006192391879986427
3133.0000000000005	0.002227374921533118
3133.5000000000005	0.0013319465025779047
3134.0000000000005	0.001276463074350611
3134.5000000000005	0.0016367541406220327
3135.0000000000005	0.002566885686523108
3135.5000000000005	0.006301134208430091
3136.0000000000005	0.011529760554716873
3136.5000000000005	0.0031455652384426982
3137.0000000000005	0.0015932007907881443
3137.5000000000005	0.0009587090389249405
3138.0000000000005	0.0007530375124472288
3138.5000000000005	0.00036572649921916717
3139.0000000000005	0.00024872437866660054
3139.5000000000005	0.00021211224017415268
3140.0000000000005	0.00021294991941377294
3140.5000000000005	0.0005406099314571934
3141.0000000000005	0.0004588198830926643
3141.5000000000005	0.0007957216714060426
3142.0000000000005	0.0013275863408892356
3142.5000000000005	0.002527799799304631
3143.0000000000005	0.00750815945274383
3143.5000000000005	0.0085313881526445
3144.0000000000005	0.0027545743556932735
3144.5000000000005	0.0014673948552203098
3145.0000000000005	0.0008828320885224345
3145.5000000000005	0.0013073360245626378
3146.0000000000005	0.00046362956945320764
3146.5000000000005	0.00044641227842973476
3147.0000000000005	0.0005435810015238492
3147.5000000000005	0.0008768501572568222
3148.0000000000005	0.0016176597883481147
3148.5000000000005	0.0009198172373965341
3149.0000000000005	0.0012899301620999822
3149.5000000000005	0.0019469743567603315
3150.0000000000005	0.003474945923461069
3150.5000000000005	0.010553451705935532
3151.0000000000005	0.009861047987583981
3151.5000000000005	0.005066928684678409
3152.0000000000005	0.002362256039652479
3152.5000000000005	0.0013656344114002263
3153.0000000000005	0.0010696079639892872
3153.5000000000005	0.0006105262072731334
3154.0000000000005	0.00045729604732271687
3154.5000000000005	0.00036117934150916203
3155.0000000000005	0.00040386333683422893
3155.5000000000005	0.000532697878164829
3156.0000000000005	0.0006112753896693391
3156.5000000000005	0.0010819014010817949
3157.0000000000005	0.0016078436801585244
3157.5000000000005	0.003085864839529064
3158.0000000000005	0.012813830710197305
3158.5000000000005	0.005596001827865503
3159.0000000000005	0.0022557695179620287
3159.5000000000005	0.0012113462532941245
3160.0000000000005	0.0007194577106266083
3160.5000000000005	0.00046884380058494733
3161.0000000000005	0.0003061199863386168
3161.5000000000005	0.0001673362863789965
3162.0000000000005	0.00024974479363360674
3162.5000000000005	0.00020573372073342194
3163.0000000000005	0.00047205457684390117
3163.5000000000005	0.000552723655148391
3164.0000000000005	0.001028196666637072
3164.5000000000005	0.0017177386726342423
3165.0000000000005	0.0035720882996654172
3165.5000000000005	0.021160363374240203
3166.0000000000005	0.004933038707331984
3166.5000000000005	0.002165800332248213
3167.0000000000005	0.0014016175558239181
3167.5000000000005	0.0009074683530734932
3168.0000000000005	0.0008632515564693145
3168.5000000000005	0.0007861276499405629
3169.0000000000005	0.0011005374906262846
3169.5000000000005	0.002110512083242014
3170.0000000000005	0.00537202280518812
3170.5000000000005	0.0016469948011680273
3171.0000000000005	0.0013140770200479788
3171.5000000000005	0.0014536717310513485
3172.0000000000005	0.002205879537453921
3172.5000000000005	0.004148995783355594
3173.0000000000005	0.05966931869323658
3173.5000000000005	0.004270940441747411
3174.0000000000005	0.001979619869070618
3174.5000000000005	0.0011621850551333003
3175.0000000000005	0.000788633255732381
3175.5000000000005	0.000452889487211696
3176.0000000000005	0.0002920338151489151
3176.5000000000005	0.00023015649701425443
3177.0000000000005	0.0002902686160207777
3177.5000000000005	0.00027976771451932467
3178.0000000000005	0.0004837822947340068
3178.5000000000005	0.0007114885260029981
3179.0000000000005	0.001197099588420478
3179.5000000000005	0.002284282868377589
3180.0000000000005	0.0052820538005344175
3180.5000000000005	0.02860849273632895
3181.0000000000005	0.0037625119466475755
3181.5000000000005	0.0018049115294473483
3182.0000000000005	0.00110352510129948
3182.5000000000005	0.0006405969797028656
3183.0000000000005	0.0004483191325537889
3183.5000000000005	0.0003189235642706871
3184.0000000000005	0.0002681028261185696
3184.5000000000005	0.0003975239134125911
3185.0000000000005	0.00039940255398522107
3185.5000000000005	0.0006409151127367344
3186.0000000000005	0.0009425809334099329
3186.5000000000005	0.001513303331457669
3187.0000000000005	0.002708967799800477
3187.5000000000005	0.006035412194673685
3188.0000000000005	0.0162438633280429
3188.5000000000005	0.011518480102096275
3189.0000000000005	0.0032332207019634697
3189.5000000000005	0.0018325273647280306
3190.0000000000005	0.0010291285777109702
3190.5000000000005	0.0007404795705965986
3191.0000000000005	0.0004735424358205542
3191.5000000000005	0.0003939398072937347
3192.0000000000005	0.0004478440917804176
3192.5000000000005	0.0004141088587101725
3193.0000000000005	0.0005123071417084169
3193.5000000000005	0.0009289802564944419
3194.0000000000005	0.001263246671236385
3194.5000000000005	0.002589561331547123
3195.0000000000005	0.006297470172239674
3195.5000000000005	0.010179553063777075
3196.0000000000005	0.0028544547103699783
3196.5000000000005	0.0014890454734105022
3197.0000000000005	0.001012880858850204
3197.5000000000005	0.0005259463982432212
3198.0000000000005	0.0002783879707030676
3198.5000000000005	0.0002618380865742706
3199.0000000000005	0.00012880172106801576
3199.5000000000005	0.00054134977007498
3200.0000000000005	0.0003091000415990022
3200.5000000000005	0.0005132704657446141
3201.0000000000005	0.000780340836785465
3201.5000000000005	0.0014059503831430902
3202.0000000000005	0.003248505640011716
3202.5000000000005	0.007952012642257826
3203.0000000000005	0.007760431495925631
3203.5000000000005	0.0027243179886418476
3204.0000000000005	0.001474085923777003
3204.5000000000005	0.001764997891444653
3205.0000000000005	0.000743709377370806
3205.5000000000005	0.0007179691442352105
3206.0000000000005	0.0008067869833170188
3206.5000000000005	0.0012233118596947721
3207.0000000000005	0.0037811879307336396
3207.5000000000005	0.002955303344075927
3208.0000000000005	0.0015046094980518273
3208.5000000000005	0.0014404787248663556
3209.0000000000005	0.0018462642022397853
3209.5000000000005	0.0038395171712819367
3210.0000000000005	0.010647936423674608
3210.5000000000005	0.0063443493621050395
3211.0000000000005	0.002482842527098227
3211.5000000000005	0.0013104395243636626
3212.0000000000005	0.001043458715576583
3212.5000000000005	0.0004722916565505542
3213.0000000000005	0.00029074084610288177
3213.5000000000005	0.0002064873303743558
3214.0000000000005	0.00016493723875815104
3214.5000000000005	0.0002983908708638572
3215.0000000000005	0.0003067518435835331
3215.5000000000005	0.0005117803954333507
3216.0000000000005	0.0009028246423926989
3216.5000000000005	0.0015517723190950487
3217.0000000000005	0.0032917015697139828
3217.5000000000005	0.015671999013982467
3218.0000000000005	0.00514226873465135
3218.5000000000005	0.0021396087894910774
3219.0000000000005	0.0011609598963030175
3219.5000000000005	0.0007040919241280523
3220.0000000000005	0.00043734263765043746
3220.5000000000005	0.00033393514238708654
3221.0000000000005	0.0003155601507456843
3221.5000000000005	0.0002876209645781644
3222.0000000000005	0.00038876658167694177
3222.5000000000005	0.0004927922754768572
3223.0000000000005	0.00079095900694551
3223.5000000000005	0.001358297712470412
3224.0000000000005	0.002130252086887764
3224.5000000000005	0.0042294681297556525
3225.0000000000005	0.03379429919743648
3225.5000000000005	0.006175476292700098
3226.0000000000005	0.008982446092773735
3226.5000000000005	0.002376878073230565
3227.0000000000005	0.001413199920905763
3227.5000000000005	0.0008713893723084579
3228.0000000000005	0.0006459042284946311
3228.5000000000005	0.0006101752440186366
3229.0000000000005	0.0004503889393343723
3229.5000000000005	0.0004132862140529239
3230.0000000000005	0.0006281731156148139
3230.5000000000005	0.0007452382016455041
3231.0000000000005	0.0013268166228195225
3231.5000000000005	0.002092088180810438
3232.0000000000005	0.004549719900742304
3232.5000000000005	0.046440274019847634
3233.0000000000005	0.004220495514131381
3233.5000000000005	0.001962489232007818
3234.0000000000005	0.0011349385706243657
3234.5000000000005	0.0006479264711941494
3235.0000000000005	0.0004951991956547859
3235.5000000000005	0.00028357873197929975
3236.0000000000005	0.00025577472099235627
3236.5000000000005	0.000210933697552789
3237.0000000000005	0.00029040687936744865
3237.5000000000005	0.0005427310042431173
3238.0000000000005	0.0007120540237306306
3238.5000000000005	0.001189236414649081
3239.0000000000005	0.002151182600583903
3239.5000000000005	0.005082880850905165
3240.0000000000005	0.01837453436775939
3240.5000000000005	0.0034513557527101626
3241.0000000000005	0.001785029522913269
3241.5000000000005	0.0011377822541650782
3242.0000000000005	0.0007901895189476703
3242.5000000000005	0.0008597392812173829
3243.0000000000005	0.0006886862386512681
3243.5000000000005	0.0009317708948987282
3244.0000000000005	0.001481889613675617
3244.5000000000005	0.005347821099841857
3245.0000000000005	0.002424640983281798
3245.5000000000005	0.0016868858394885873
3246.0000000000005	0.001808593199214754
3246.5000000000005	0.002818591051852967
3247.0000000000005	0.006396616342159396
3247.5000000000005	0.011065859228674474
3248.0000000000005	0.003142987268739585
3248.5000000000005	0.001677971862677073
3249.0000000000005	0.001131634815425774
3249.5000000000005	0.0007381634595777935
3250.0000000000005	0.0005489983213713732
3250.5000000000005	0.0005602618715239529
3251.0000000000005	0.0007916284156777214
3251.5000000000005	0.001121587873555028
3252.0000000000005	0.000492218645752445
3252.5000000000005	0.0005898767796410012
3253.0000000000005	0.0008915688370934817
3253.5000000000005	0.0013950188242265592
3254.0000000000005	0.002734315907920606
3254.5000000000005	0.007723366109585267
3255.0000000000005	0.007930896836200524
3255.5000000000005	0.0026580704608128816
3256.0000000000005	0.0014242252196721842
3256.5000000000005	0.0008439518547596749
3257.0000000000005	0.0005611559900985895
3257.5000000000005	0.0003280910396032266
3258.0000000000005	0.0003724323408209764
3258.5000000000005	0.00023800160580336502
3259.0000000000005	0.0003557799012765901
3259.5000000000005	0.00043965669629932833
3260.0000000000005	0.0006795525537623676
3260.5000000000005	0.001282235238160162
3261.0000000000005	0.0017691334744915383
3261.5000000000005	0.0033067718708620123
3262.0000000000005	0.011034179605187773
3262.5000000000005	0.007142205833019096
3263.0000000000005	0.004761458817845703
3263.5000000000005	0.00482688729440121
3264.0000000000005	0.0018513277706139432
3264.5000000000005	0.0011153076152547294
3265.0000000000005	0.0006943859000295175
3265.5000000000005	0.0005746570746222691
3266.0000000000005	0.00039662818609107744
3266.5000000000005	0.0004129271053728649
3267.0000000000005	0.0004997834258714709
3267.5000000000005	0.0006664577786830827
3268.0000000000005	0.00098642253720248
3268.5000000000005	0.0017084290396900724
3269.0000000000005	0.0033043941804171803
3269.5000000000005	0.016652816301138178
3270.0000000000005	0.005073064890873737
3270.5000000000005	0.002144217725913054
3271.0000000000005	0.00113094335295928
3271.5000000000005	0.0006772677053688655
3272.0000000000005	0.0006782395698961097
3272.5000000000005	0.0002495943080256769
3273.0000000000005	0.00017359616407367745
3273.5000000000005	0.00018612272838360874
3274.0000000000005	0.0002081541244835257
3274.5000000000005	0.00042814949581892873
3275.0000000000005	0.0005892382255200682
3275.5000000000005	0.000989827113951459
3276.0000000000005	0.0018329050054320941
3276.5000000000005	0.003805151573088077
3277.0000000000005	0.04124572257407932
3277.5000000000005	0.004393403269844368
3278.0000000000005	0.002028557636864287
3278.5000000000005	0.001270439463892305
3279.0000000000005	0.0008679695527058741
3279.5000000000005	0.0006503683487748171
3280.0000000000005	0.0006578944299524611
3280.5000000000005	0.0007768912492680284
3281.0000000000005	0.0013476546131480044
3281.5000000000005	0.0017099394501190672
3282.0000000000005	0.010222885548690136
3282.5000000000005	0.0022600983571940767
3283.0000000000005	0.001955098189492849
3283.5000000000005	0.0026841903965915213
3284.0000000000005	0.004915995681326605
3284.5000000000005	0.03331358016309806
3285.0000000000005	0.0047237654861003765
3285.5000000000005	0.002140884294857791
3286.0000000000005	0.0012792541959678724
3286.5000000000005	0.0007571384396475432
3287.0000000000005	0.00047552898526483285
3287.5000000000005	0.0003637468115059111
3288.0000000000005	0.00023729280212014467
3288.5000000000005	0.0002620422342015048
3289.0000000000005	0.0003019582222241049
3289.5000000000005	0.00043819239897666405
3290.0000000000005	0.0007804233147674543
3290.5000000000005	0.0011685273658631516
3291.0000000000005	0.002143810992314061
3291.5000000000005	0.005276357513772804
3292.0000000000005	0.014960118819314394
3292.5000000000005	0.004630296229927587
3293.0000000000005	0.001555123862835689
3293.5000000000005	0.0009488518590602667
3294.0000000000005	0.0005491697013761955
3294.5000000000005	0.00037777032949305706
3295.0000000000005	0.00033436043516221525
3295.5000000000005	0.0002446377948765134
3296.0000000000005	0.00024590028005338707
3296.5000000000005	0.000404455886535221
3297.0000000000005	0.0005444828389978312
3297.5000000000005	0.0009449486464009279
3298.0000000000005	0.0014658613062786623
3298.5000000000005	0.0026713433209648654
3299.0000000000005	0.0068764398292358465
3299.5000000000005	0.01045387929574942
3300.0000000000005	0.003920257074566753
3300.5000000000005	0.00441299996008638
3301.0000000000005	0.003394693890776504
3301.5000000000005	0.0016529140022334401
3302.0000000000005	0.0009100829789632849
3302.5000000000005	0.0006007361901285931
3303.0000000000005	0.0005186046396382714
3303.5000000000005	0.0004117253412663404
3304.0000000000005	0.0006071032002815508
3304.5000000000005	0.000566363161988676
3305.0000000000005	0.0009342482592332916
3305.5000000000005	0.0014430051851938878
3306.0000000000005	0.0027311137872797655
3306.5000000000005	0.008316795492949055
3307.0000000000005	0.007372524910621833
3307.5000000000005	0.002505562836649693
3308.0000000000005	0.0014001981565477252
3308.5000000000005	0.0007258525448305279
3309.0000000000005	0.00045899086829731414
3309.5000000000005	0.0002570126309181046
3310.0000000000005	0.00016947058794514444
3310.5000000000005	0.0015483095423420115
3311.0000000000005	0.0001757826609937416
3311.5000000000005	0.00031021350977724705
3312.0000000000005	0.0005086175249583432
3312.5000000000005	0.0008383532783985456
3313.0000000000005	0.0015823681064357248
3313.5000000000005	0.0030188432974028036
3314.0000000000005	0.011640423886599966
3314.5000000000005	0.0059542891856570095
3315.0000000000005	0.002314566489533513
3315.5000000000005	0.0013660243680447422
3316.0000000000005	0.0008317850896757876
3316.5000000000005	0.0006511198512446284
3317.0000000000005	0.000604382824355448
3317.5000000000005	0.0005848732601550739
3318.0000000000005	0.0006940324916693388
3318.5000000000005	0.0010830893892545665
3319.0000000000005	0.0019911694946832224
3319.5000000000005	0.009616430590019506
3320.0000000000005	0.0022672762600228335
3320.5000000000005	0.00238978488085241
3321.0000000000005	0.003917301225215385
3321.5000000000005	0.02023941098290952
3322.0000000000005	0.005141200976793633
3322.5000000000005	0.002220869645144634
3323.0000000000005	0.001239276829297787
3323.5000000000005	0.0007803240977759761
3324.0000000000005	0.00045854902960501927
3324.5000000000005	0.0003333996057034139
3325.0000000000005	0.00021729532256971988
3325.5000000000005	0.00018531501542880369
3326.0000000000005	0.0003355842004544789
3326.5000000000005	0.0003444548055797346
3327.0000000000005	0.0006277367876708406
3327.5000000000005	0.0010028774540862505
3328.0000000000005	0.0018223465647387322
3328.5000000000005	0.004391033704425233
3329.0000000000005	0.06304937326839549
3329.5000000000005	0.0040797605851676366
3330.0000000000005	0.0019100999023174484
3330.5000000000005	0.0010181601394629463
3331.0000000000005	0.0007775657943893764
3331.5000000000005	0.00037788555992290535
3332.0000000000005	0.00031193644207170397
3332.5000000000005	0.00025573115813067607
3333.0000000000005	0.000272185657507088
3333.5000000000005	0.00039090641752455595
3334.0000000000005	0.0005420736887960795
3334.5000000000005	0.0008122649784960092
3335.0000000000005	0.0013945756799446682
3335.5000000000005	0.002303141622680931
3336.0000000000005	0.005071690843773003
3336.5000000000005	0.024846621399161408
3337.0000000000005	0.004685285201400399
3337.5000000000005	0.0037637257784068788
3338.0000000000005	0.005263997763336554
3338.5000000000005	0.0028211244414291267
3339.0000000000005	0.0013670083735788732
3339.5000000000005	0.0008725767663304317
3340.0000000000005	0.0007958145262447887
3340.5000000000005	0.0005398951362121264
3341.0000000000005	0.000511161797040243
3341.5000000000005	0.0006725083796629779
3342.0000000000005	0.0008313270644495891
3342.5000000000005	0.0014101378365287613
3343.0000000000005	0.002287501987413578
3343.5000000000005	0.00567350799159541
3344.0000000000005	0.013032438405157911
3344.5000000000005	0.0031805943380757355
3345.0000000000005	0.0016906406403076975
3345.5000000000005	0.0009344892806786649
3346.0000000000005	0.0005252889120813927
3346.5000000000005	0.000503656668355252
3347.0000000000005	0.00021230549868311838
3347.5000000000005	0.0002158755605983112
3348.0000000000005	0.0002166539380657963
3348.5000000000005	0.0003067905773717194
3349.0000000000005	0.000719675463458175
3349.5000000000005	0.0007850276589766082
3350.0000000000005	0.0013502070886437937
3350.5000000000005	0.0025430349923121387
3351.0000000000005	0.006968337745107469
3351.5000000000005	0.009145300122007878
3352.0000000000005	0.002889170662641508
3352.5000000000005	0.0015884668436331525
3353.0000000000005	0.0011173318856570965
3353.5000000000005	0.0008326555781708255
3354.0000000000005	0.0009604634088238517
3354.5000000000005	0.0010689534170271742
3355.0000000000005	0.0008592595531341782
3355.5000000000005	0.001018433997000669
3356.0000000000005	0.0013238445709891037
3356.5000000000005	0.0025609492759738777
3357.0000000000005	0.00563621136869441
3357.5000000000005	0.0026789597599412474
3358.0000000000005	0.005121034301297986
3358.5000000000005	0.009456303354317372
3359.0000000000005	0.007246897208204278
3359.5000000000005	0.0027440601134894596
3360.0000000000005	0.0015145741446548722
3360.5000000000005	0.0009212742205508785
3361.0000000000005	0.0006071005996295763
3361.5000000000005	0.0003588421896038874
3362.0000000000005	0.00044689241292837905
3362.5000000000005	0.00020674594502181757
3363.0000000000005	0.0003026851640813503
3363.5000000000005	0.00038923538264621304
3364.0000000000005	0.0005707097025184236
3364.5000000000005	0.0008931176712904133
3365.0000000000005	0.0015958425961830572
3365.5000000000005	0.003092821040980533
3366.0000000000005	0.013136754778606416
3366.5000000000005	0.005502713706766062
3367.0000000000005	0.0022416686671238822
3367.5000000000005	0.0015543333730112874
3368.0000000000005	0.0007442689475153044
3368.5000000000005	0.0004086693811517584
3369.0000000000005	0.00035626095927897023
3369.5000000000005	0.00023005088653140637
3370.0000000000005	0.0002756142967718369
3370.5000000000005	0.00027030129512355637
3371.0000000000005	0.00045956815776589555
3371.5000000000005	0.0007485348202903518
3372.0000000000005	0.0011197587909876833
3372.5000000000005	0.0018507788572694353
3373.0000000000005	0.003901156299796521
3373.5000000000005	0.024945353106801287
3374.0000000000005	0.005108349075143062
3374.5000000000005	0.0027477701190729317
3375.0000000000005	0.0024046692437692608
3375.5000000000005	0.006814758298840772
3376.0000000000005	0.0022083276371512904
3376.5000000000005	0.0010821344691464055
3377.0000000000005	0.0015825349268929988
3377.5000000000005	0.0005374535192249475
3378.0000000000005	0.0005196851010754051
3378.5000000000005	0.000596495674963632
3379.0000000000005	0.000756863294206049
3379.5000000000005	0.0011596293508264728
3380.0000000000005	0.0019485667294304907
3380.5000000000005	0.004158948277318521
3381.0000000000005	0.060801640943113015
3381.5000000000005	0.003948233126117636
3382.0000000000005	0.001817984547386479
3382.5000000000005	0.0011011329562262626
3383.0000000000005	0.0005923722595438518
3383.5000000000005	0.00043076194678807865
3384.0000000000005	0.00025113161823155084
3384.5000000000005	0.00017862139926778272
3385.0000000000005	0.00021828608622240434
3385.5000000000005	0.0002666419121073056
3386.0000000000005	0.0005676401549873539
3386.5000000000005	0.0010818094050115672
3387.0000000000005	0.0011513605795621365
3387.5000000000005	0.0021313283190190456
3388.0000000000005	0.004990938026097814
3388.5000000000005	0.019464136019596935
3389.0000000000005	0.0036477606400089793
3389.5000000000005	0.0022269439863204744
3390.0000000000005	0.001410066368278621
3390.5000000000005	0.0009188449882902407
3391.0000000000005	0.0006255808814489511
3391.5000000000005	0.000528929224496286
3392.0000000000005	0.0006987948172761741
3392.5000000000005	0.0006815809589559448
3393.0000000000005	0.0008834809630754981
3393.5000000000005	0.0014788400009095575
3394.0000000000005	0.00304637188853635
3394.5000000000005	0.004699552152086186
3395.0000000000005	0.0034054392196974973
3395.5000000000005	0.006579126407840784
3396.0000000000005	0.011953305277545647
3396.5000000000005	0.0033466368957548974
3397.0000000000005	0.0017106214834320765
3397.5000000000005	0.0011698799630549914
3398.0000000000005	0.0006195139157553652
3398.5000000000005	0.00046814570917966405
3399.0000000000005	0.0002880226509991998
3399.5000000000005	0.0002654044230618081
3400.0000000000005	0.00024732346750424916
3400.5000000000005	0.0003517733993922434
3401.0000000000005	0.00045148670715976696
3401.5000000000005	0.0013198997451529986
3402.0000000000005	0.0012926986570217305
3402.5000000000005	0.0026009646133832213
3403.0000000000005	0.0074263271199511175
3403.5000000000005	0.0081648832359972
3404.0000000000005	0.0026372452789325722
3404.5000000000005	0.001378760784079039
3405.0000000000005	0.0007482351751674717
3405.5000000000005	0.0005404226377788657
3406.0000000000005	0.00027505914667193043
3406.5000000000005	0.00021349906919590318
3407.0000000000005	0.000327656937542737
3407.5000000000005	0.0002510681491612347
3408.0000000000005	0.00034544538493760566
3408.5000000000005	0.0005930321867346647
3409.0000000000005	0.0009181654032294644
3409.5000000000005	0.0016033064061292234
3410.0000000000005	0.0030287262302943364
3410.5000000000005	0.010246124965813605
3411.0000000000005	0.006811752858607229
3411.5000000000005	0.0028418568406799035
3412.0000000000005	0.0019948401929108977
3412.5000000000005	0.0022426836778666375
3413.0000000000005	0.010333828832297876
3413.5000000000005	0.0018296156318373406
3414.0000000000005	0.0010031202288932849
3414.5000000000005	0.0006569919338032404
3415.0000000000005	0.0005951441111347186
3415.5000000000005	0.0005820275463666903
3416.0000000000005	0.0007092385147518138
3416.5000000000005	0.0019046695580155776
3417.0000000000005	0.0016821027777314665
3417.5000000000005	0.0033033731231511773
3418.0000000000005	0.015539066902038956
3418.5000000000005	0.0051900264125077904
3419.0000000000005	0.0021665625313027795
3419.5000000000005	0.0011872777876560429
3420.0000000000005	0.000668819636477713
3420.5000000000005	0.000494891720459314
3421.0000000000005	0.00024896147608991263
3421.5000000000005	0.00014654501924903307
3422.0000000000005	0.00025999427588243294
3422.5000000000005	0.00018326995377304832
3423.0000000000005	0.0003616373112064661
3423.5000000000005	0.0005627960392992123
3424.0000000000005	0.0009811923097962818
3424.5000000000005	0.0017637015568380873
3425.0000000000005	0.0037596175311574833
3425.5000000000005	0.03574612173521776
3426.0000000000005	0.004620368558747855
3426.5000000000005	0.0019414830313839067
3427.0000000000005	0.001181035729463616
3427.5000000000005	0.0007217503006018895
3428.0000000000005	0.0005419104762251426
3428.5000000000005	0.0004743110718784104
3429.0000000000005	0.0004541770856398966
3429.5000000000005	0.00045899431214861414
3430.0000000000005	0.0009071985176382752
3430.5000000000005	0.000982071260275599
3431.0000000000005	0.001721633395028775
3431.5000000000005	0.004000200374923087
3432.0000000000005	0.004590182826748577
3432.5000000000005	0.005357374775425807
3433.0000000000005	0.037691196500557377
3433.5000000000005	0.004143003090203472
3434.0000000000005	0.0021381125856778332
3434.5000000000005	0.0011907765466685715
3435.0000000000005	0.0008185833861219696
3435.5000000000005	0.0005925775345775317
3436.0000000000005	0.0003488696113904136
3436.5000000000005	0.0002719232300842278
3437.0000000000005	0.0002894487534747677
3437.5000000000005	0.0003034737285285897
3438.0000000000005	0.0005056695707060288
3438.5000000000005	0.0007145353011257707
3439.0000000000005	0.0011996169934971358
3439.5000000000005	0.0030709956699161156
3440.0000000000005	0.0052167616118887145
3440.5000000000005	0.01587194905065608
3441.0000000000005	0.0034366533492209052
3441.5000000000005	0.0018511572909244837
3442.0000000000005	0.0017322871370036772
3442.5000000000005	0.0008103658613655103
3443.0000000000005	0.0005069247302674349
3443.5000000000005	0.00041717672217933956
3444.0000000000005	0.00028144210795179076
3444.5000000000005	0.000286339252496722
3445.0000000000005	0.00044564868714094753
3445.5000000000005	0.0005394701201141981
3446.0000000000005	0.0008566823062641688
3446.5000000000005	0.0014213426588891328
3447.0000000000005	0.0025246292790605225
3447.5000000000005	0.006563570585019556
3448.0000000000005	0.010474373549671692
3448.5000000000005	0.00327381940522819
3449.0000000000005	0.0023245473469169667
3449.5000000000005	0.001812365798436882
3450.0000000000005	0.002208659916495111
3450.5000000000005	0.008048559446076442
3451.0000000000005	0.0015999340295270333
3451.5000000000005	0.0009790598472709635
3452.0000000000005	0.0007132814217091263
3452.5000000000005	0.0006825962140649571
3453.0000000000005	0.0009090703287981387
3453.5000000000005	0.0010314156074562734
3454.0000000000005	0.001544172614347331
3454.5000000000005	0.002879346457645944
3455.0000000000005	0.008158331761208603
3455.5000000000005	0.007722080467307526
3456.0000000000005	0.00275758620955456
3456.5000000000005	0.001529818276784796
3457.0000000000005	0.001074900987347677
3457.5000000000005	0.0009650738384357903
3458.0000000000005	0.000771441932442773
3458.5000000000005	0.0005941730511814073
3459.0000000000005	0.0003072645014611771
3459.5000000000005	0.00036559107667640293
3460.0000000000005	0.0003964394580012867
3460.5000000000005	0.0006006894363570605
3461.0000000000005	0.0009254736305346053
3461.5000000000005	0.001572818557253765
3462.0000000000005	0.0029878173384692273
3462.5000000000005	0.012430594722556504
3463.0000000000005	0.006016684492158245
3463.5000000000005	0.0024123008852789288
3464.0000000000005	0.0013316328159850457
3464.5000000000005	0.000851674597463328
3465.0000000000005	0.000552453902802146
3465.5000000000005	0.0004803406035884153
3466.0000000000005	0.00038777655044488335
3466.5000000000005	0.0005843595293459066
3467.0000000000005	0.0005338088499050247
3467.5000000000005	0.0008462428139060338
3468.0000000000005	0.0012725970697405548
3468.5000000000005	0.0021493961698442806
3469.0000000000005	0.005740337814852123
3469.5000000000005	0.005515584796325107
3470.0000000000005	0.019000683191072815
3470.5000000000005	0.005619426778198139
3471.0000000000005	0.002449178395671354
3471.5000000000005	0.001444677429495329
3472.0000000000005	0.001033305562558373
3472.5000000000005	0.0006209389221204869
3473.0000000000005	0.00036026723418664235
3473.5000000000005	0.0003286713440570089
3474.0000000000005	0.00022200837270883834
3474.5000000000005	0.00032776874673035695
3475.0000000000005	0.0003791071419229019
3475.5000000000005	0.0006286746983508128
3476.0000000000005	0.0012138721805187548
3476.5000000000005	0.0017946713479839315
3477.0000000000005	0.003961120568253308
3477.5000000000005	0.0501798787065131
3478.0000000000005	0.004159286118143329
3478.5000000000005	0.001898921182966766
3479.0000000000005	0.0010323094901063313
3479.5000000000005	0.0006056949607666813
3480.0000000000005	0.00042577787848299627
3480.5000000000005	0.00024815618627916476
3481.0000000000005	0.00016780076568544347
3481.5000000000005	0.00030798611108498117
3482.0000000000005	0.00025972657300525853
3482.5000000000005	0.0004414084857791785
3483.0000000000005	0.0007043659540139558
3483.5000000000005	0.0011867496238873144
3484.0000000000005	0.0021021538489897425
3484.5000000000005	0.004649356211237403
3485.0000000000005	0.029098016921853462
3485.5000000000005	0.004695748469094255
3486.0000000000005	0.002088793406012463
3486.5000000000005	0.001538863712406534
3487.0000000000005	0.00151914980579897
3487.5000000000005	0.002423226304928252
3488.0000000000005	0.004441552365574704
3488.5000000000005	0.0013862617772026063
3489.0000000000005	0.0008633603573849595
3489.5000000000005	0.0008508982744983252
3490.0000000000005	0.0007632061180438543
3490.5000000000005	0.0009466400873684949
3491.0000000000005	0.001434557191978587
3491.5000000000005	0.002346426096637566
3492.0000000000005	0.00550673235438356
3492.5000000000005	0.014389372085288364
3493.0000000000005	0.0033364983475878637
3493.5000000000005	0.0018252407967155502
3494.0000000000005	0.0013181366922775262
3494.5000000000005	0.0010348574282443863
3495.0000000000005	0.0006721464583585722
3495.5000000000005	0.0003148171777761661
3496.0000000000005	0.00025263717998512473
3496.5000000000005	0.0002701933603398184
3497.0000000000005	0.000306304916233724
3497.5000000000005	0.0004884685714010556
3498.0000000000005	0.0007759546464506159
3498.5000000000005	0.0012732101426350987
3499.0000000000005	0.0027842784485455304
3499.5000000000005	0.006553188572633067
3500.0000000000005	0.009599235501804039
3500.5000000000005	0.002876327676082361
3501.0000000000005	0.001490645670021967
3501.5000000000005	0.0008905712410430902
3502.0000000000005	0.0005860221885352544
3502.5000000000005	0.0003940786915207841
3503.0000000000005	0.00046173940583584927
3503.5000000000005	0.0003469597330312704
3504.0000000000005	0.00045665163747221415
3504.5000000000005	0.0007063760351284969
3505.0000000000005	0.0009642682466852376
3505.5000000000005	0.0015250352540988872
3506.0000000000005	0.0027920690351150934
3506.5000000000005	0.01077738058696615
3507.0000000000005	0.010125514849993146
3507.5000000000005	0.00803461949081061
3508.0000000000005	0.0030479198981133797
3508.5000000000005	0.0018659889538535904
3509.0000000000005	0.0010329997684757654
3509.5000000000005	0.000675114747830484
3510.0000000000005	0.00048465760963990365
3510.5000000000005	0.0002741955215564554
3511.0000000000005	0.0003042199807588485
3511.5000000000005	0.0002491572826405853
3512.0000000000005	0.0003699703584492514
3512.5000000000005	0.0007729586873859461
3513.0000000000005	0.0008942975185485987
3513.5000000000005	0.0014782687233956422
3514.0000000000005	0.0030772850935517834
3514.5000000000005	0.011654808117599356
3515.0000000000005	0.005854644400212049
3515.5000000000005	0.0022300114586422354
3516.0000000000005	0.0012301949659082193
3516.5000000000005	0.0007584954697770061
3517.0000000000005	0.0004478990163965871
3517.5000000000005	0.00023416176917757212
3518.0000000000005	0.0003056929615933393
3518.5000000000005	0.00014717954158750932
3519.0000000000005	0.00029921155755613556
3519.5000000000005	0.0003678650743735166
3520.0000000000005	0.0006284392184624203
3520.5000000000005	0.0010123995498180266
3521.0000000000005	0.0017784603102154906
3521.5000000000005	0.0035043797946111557
3522.0000000000005	0.01980954508911744
3522.5000000000005	0.005043183639235902
3523.0000000000005	0.0023945100017447175
3523.5000000000005	0.0015354169559544137
3524.0000000000005	0.0013081578440706173
3524.5000000000005	0.0014775951053549454
3525.0000000000005	0.0032880762999621593
3525.5000000000005	0.002720216395834526
3526.0000000000005	0.0015838584456655924
3526.5000000000005	0.0008064104340580507
3527.0000000000005	0.0007945014385657818
3527.5000000000005	0.0009028689898178259
3528.0000000000005	0.0012459473308313086
3528.5000000000005	0.0019505228752142204
3529.0000000000005	0.004052350443854065
3529.5000000000005	0.05734223868127156
3530.0000000000005	0.004320506757460654
3530.5000000000005	0.0018868874763173595
3531.0000000000005	0.001087309780125405
3531.5000000000005	0.000672660926246624
3532.0000000000005	0.00038740695561053804
3532.5000000000005	0.00023210454500506973
3533.0000000000005	0.00020188746243724622
3533.5000000000005	0.00014722876424905036
3534.0000000000005	0.0002993011043429353
3534.5000000000005	0.0003757373206474633
3535.0000000000005	0.0006305422739469995
3535.5000000000005	0.001193240135221492
3536.0000000000005	0.0019825703242605064
3536.5000000000005	0.004534117430914852
3537.0000000000005	0.02685302868115609
3537.5000000000005	0.0035960554253451037
3538.0000000000005	0.0017746824108506208
3538.5000000000005	0.0009961911820026384
3539.0000000000005	0.0006383836712929565
3539.5000000000005	0.001829130530180087
3540.0000000000005	0.0003535261957468354
3540.5000000000005	0.0003376943262417685
3541.0000000000005	0.0004613387350642064
3541.5000000000005	0.0005431364901791382
3542.0000000000005	0.0008413320671535375
3542.5000000000005	0.001260913130025761
3543.0000000000005	0.002070766490187579
3543.5000000000005	0.004172199269943657
3544.0000000000005	0.011256833254049595
3544.5000000000005	0.015241777542425842
3545.0000000000005	0.004026173322524428
3545.5000000000005	0.002155172534675191
3546.0000000000005	0.0014979575312218368
3546.5000000000005	0.0015671752465802903
3547.0000000000005	0.0007994980470964512
3547.5000000000005	0.0005731627511468345
3548.0000000000005	0.00038629798888452615
3548.5000000000005	0.0003501211955407432
3549.0000000000005	0.0005170365120792537
3549.5000000000005	0.0005456130476965315
3550.0000000000005	0.0008166971085844234
3550.5000000000005	0.0013433117032995805
3551.0000000000005	0.002443713045282522
3551.5000000000005	0.006612648822431518
3552.0000000000005	0.009599844012601453
3552.5000000000005	0.00286356063375814
3553.0000000000005	0.0026109022083894828
3553.5000000000005	0.0008410545020729331
3554.0000000000005	0.0005139058427702279
3554.5000000000005	0.0003801664876735363
3555.0000000000005	0.0002295008872822146
3555.5000000000005	0.0002425310363364067
3556.0000000000005	0.0002675555864592936
3556.5000000000005	0.00036978546881356053
3557.0000000000005	0.0006953733987633781
3557.5000000000005	0.0009144624971592828
3558.0000000000005	0.0015131879018207958
3558.5000000000005	0.0029121667208380554
3559.0000000000005	0.00853093500756346
3559.5000000000005	0.0076709873480123
3560.0000000000005	0.00296081778239465
3560.5000000000005	0.0019591833801615643
3561.0000000000005	0.0019109072665483317
3561.5000000000005	0.001599870521610426
3562.0000000000005	0.0018766714399878562
3562.5000000000005	0.008794389496384761
3563.0000000000005	0.0019162746789094561
3563.5000000000005	0.0011305009356642338
3564.0000000000005	0.0009143271770840658
3564.5000000000005	0.0009439046917903281
3565.0000000000005	0.0011865686882663855
3565.5000000000005	0.0017568446830692542
3566.0000000000005	0.0032173964605788376
3566.5000000000005	0.012892657754315444
3567.0000000000005	0.006009330017064724
3567.5000000000005	0.0024812111084312346
3568.0000000000005	0.0013090395866810862
3568.5000000000005	0.0007705029993414973
3569.0000000000005	0.00047992816650106057
3569.5000000000005	0.00032092125521562115
3570.0000000000005	0.00018028833531751374
3570.5000000000005	0.0003224573888609736
3571.0000000000005	0.00020027362301850557
3571.5000000000005	0.0003586545902537664
3572.0000000000005	0.0005977224661677784
3572.5000000000005	0.000934807621187242
3573.0000000000005	0.001615273712236192
3573.5000000000005	0.003404044497050152
3574.0000000000005	0.0179498167239349
3574.5000000000005	0.0050720942682281785
3575.0000000000005	0.0020797167373483843
3575.5000000000005	0.0011970760827579204
3576.0000000000005	0.0008668321130302606
3576.5000000000005	0.0005076016547630527
3577.0000000000005	0.00034099910840052123
3577.5000000000005	0.0003940820244324691
3578.0000000000005	0.0003246942541062114
3578.5000000000005	0.0005373125662984299
3579.0000000000005	0.0007144064049021679
3579.5000000000005	0.001061791943255313
3580.0000000000005	0.0019540814052927576
3580.5000000000005	0.0029424996574665056
3581.0000000000005	0.007312414335095563
3581.5000000000005	0.04789764099646132
3582.0000000000005	0.005177886008975799
3582.5000000000005	0.002536491727902182
3583.0000000000005	0.0014351112801817615
3583.5000000000005	0.0009497799113359987
3584.0000000000005	0.0006509712528516777
3584.5000000000005	0.0004436456312209798
3585.0000000000005	0.0002832841859475879
3585.5000000000005	0.00039459593548791237
3586.0000000000005	0.0002904152406354331
3586.5000000000005	0.0004721266258531327
3587.0000000000005	0.0006542252849692246
3587.5000000000005	0.0011282547165397617
3588.0000000000005	0.0019532313611675123
3588.5000000000005	0.004388367467206287
3589.0000000000005	0.03606537297707227
3589.5000000000005	0.004228785593856996
3590.0000000000005	0.0017189937764632087
3590.5000000000005	0.0010096479399246923
3591.0000000000005	0.0005889536906984161
3591.5000000000005	0.000371442804972817
3592.0000000000005	0.0002453193988801461
3592.5000000000005	0.00021705960465831706
3593.0000000000005	0.00018918320463031627
3593.5000000000005	0.00043536813967516564
3594.0000000000005	0.000445778380153226
3594.5000000000005	0.0007563565110786667
3595.0000000000005	0.0012851608466339594
3595.5000000000005	0.002231465026926574
3596.0000000000005	0.0052134281796028786
3596.5000000000005	0.017124185666070574
3597.0000000000005	0.003588437519139052
3597.5000000000005	0.0020816839929564705
3598.0000000000005	0.0014819344788535773
3598.5000000000005	0.0015250699866622157
3599.0000000000005	0.0020874160337594904
3599.5000000000005	0.0029609313824439133
3600.0000000000005	0.003324397471234175
3600.5000000000005	0.0013889855958476686
3601.0000000000005	0.0009462480042640056
3601.5000000000005	0.0009322848342039185
3602.0000000000005	0.0010585691297211486
3602.5000000000005	0.0014690697614584641
3603.0000000000005	0.0027956236878998197
3603.5000000000005	0.006094109184498697
3604.0000000000005	0.011283952636657242
3604.5000000000005	0.003089909172795944
3605.0000000000005	0.001537102465304953
3605.5000000000005	0.0008990838991454451
3606.0000000000005	0.0005443089409786945
3606.5000000000005	0.00031162114192924607
3607.0000000000005	0.0003169036136056916
3607.5000000000005	0.00016435305735454844
3608.0000000000005	0.00018691934455342902
3608.5000000000005	0.00034850318181531357
3609.0000000000005	0.0004673478016892254
3609.5000000000005	0.0007437378945488709
3610.0000000000005	0.0013234671965462348
3610.5000000000005	0.002504504405046272
3611.0000000000005	0.007282969554046626
3611.5000000000005	0.008389526618656263
3612.0000000000005	0.002705754237853001
3612.5000000000005	0.001861294184412288
3613.0000000000005	0.0008437027474919167
3613.5000000000005	0.0005289281422175042
3614.0000000000005	0.00042574227153625545
3614.5000000000005	0.0002882595394048613
3615.0000000000005	0.00037059610754531955
3615.5000000000005	0.00039020520611937935
3616.0000000000005	0.0006035434454067978
3616.5000000000005	0.0009730987083199689
3617.0000000000005	0.0013952306336874557
3617.5000000000005	0.0023213223521615376
3618.0000000000005	0.004865619510731036
3618.5000000000005	0.013687072993278966
3619.0000000000005	0.008149570047715547
3619.5000000000005	0.0030991371806081674
3620.0000000000005	0.0017649572404989022
3620.5000000000005	0.0011035847277749355
3621.0000000000005	0.0007185767285710316
3621.5000000000005	0.0004301248794855902
3622.0000000000005	0.0004959555875132921
3622.5000000000005	0.00023742000485312624
3623.0000000000005	0.0003251436755399355
3623.5000000000005	0.0003640011284850772
3624.0000000000005	0.0005827634624339935
3624.5000000000005	0.0008957072437368219
3625.0000000000005	0.0015620488978448598
3625.5000000000005	0.0030307615876830427
3626.0000000000005	0.013748181022136664
3626.5000000000005	0.005624330424706497
3627.0000000000005	0.0022447088361622863
3627.5000000000005	0.0012147693438231421
3628.0000000000005	0.0007189785756513454
3628.5000000000005	0.000404911491827164
3629.0000000000005	0.00030736815978588567
3629.5000000000005	0.00015576581056792567
3630.0000000000005	0.00031209464790828975
3630.5000000000005	0.00021925128138797296
3631.0000000000005	0.0003732081757537917
3631.5000000000005	0.0006281015626044853
3632.0000000000005	0.000995821706591093
3632.5000000000005	0.0017086853479806915
3633.0000000000005	0.003533395299151784
3633.5000000000005	0.01927271928679333
3634.0000000000005	0.005132916401387858
3634.5000000000005	0.0023170031793068855
3635.0000000000005	0.0014982714136430797
3635.5000000000005	0.0013133192973402428
3636.0000000000005	0.0012752782494298085
3636.5000000000005	0.002118668952125519
3637.0000000000005	0.005517537740919117
3637.5000000000005	0.001425763539372362
3638.0000000000005	0.0009639115360552213
3638.5000000000005	0.0008297659990613213
3639.0000000000005	0.0009561559558065259
3639.5000000000005	0.0021352655346168208
3640.0000000000005	0.0019451943979595376
3640.5000000000005	0.0039505180382464165
3641.0000000000005	0.04421231406992021
3641.5000000000005	0.004315980901551349
3642.0000000000005	0.0019791919045090917
3642.5000000000005	0.0010920923729741262
3643.0000000000005	0.0006430926076998384
3643.5000000000005	0.0005052484854354964
3644.0000000000005	0.0002521385360269099
3644.5000000000005	0.0001851920244837107
3645.0000000000005	0.0002596073729325209
3645.5000000000005	0.00023946109066425342
3646.0000000000005	0.00040289461035121027
3646.5000000000005	0.0006508696539833371
3647.0000000000005	0.0010679245336020229
3647.5000000000005	0.002003041250552709
3648.0000000000005	0.0043508220295565714
3648.5000000000005	0.03954551016004155
3649.0000000000005	0.004039196470857835
3649.5000000000005	0.0018756146076003544
3650.0000000000005	0.001170119742844542
3650.5000000000005	0.0009738060532594405
3651.0000000000005	0.0012149159851573548
3651.5000000000005	0.0006825567960661261
3652.0000000000005	0.0004993060481171984
3652.5000000000005	0.0004957236973467692
3653.0000000000005	0.0011585538485809257
3653.5000000000005	0.0008480620300656417
3654.0000000000005	0.0012519120421172168
3654.5000000000005	0.0020705965109903113
3655.0000000000005	0.0038720480240822083
3655.5000000000005	0.011481086989709182
3656.0000000000005	0.01957308602396134
3656.5000000000005	0.004129074599740957
3657.0000000000005	0.0022208792007663244
3657.5000000000005	0.0013042374935912247
3658.0000000000005	0.000826208884377481
3658.5000000000005	0.0006606453806493917
3659.0000000000005	0.0003947126753316401
3659.5000000000005	0.00037372968336011367
3660.0000000000005	0.00032616333432183343
3660.5000000000005	0.0004000547382558155
3661.0000000000005	0.0005521490989515178
3661.5000000000005	0.0008188667351401368
3662.0000000000005	0.0014480616712150432
3662.5000000000005	0.0027899356771914226
3663.0000000000005	0.005849835927928219
3663.5000000000005	0.012369959003118346
3664.0000000000005	0.0034746513162208703
3664.5000000000005	0.0020804258380145942
3665.0000000000005	0.0011438630881833256
3665.5000000000005	0.0007109651683016355
3666.0000000000005	0.00042474811724093866
3666.5000000000005	0.000403143024368248
3667.0000000000005	0.0002419777665203121
3667.5000000000005	0.0003006187797485914
3668.0000000000005	0.0004718323996807648
3668.5000000000005	0.0005613099403653978
3669.0000000000005	0.0008400763156086192
3669.5000000000005	0.00145880450624501
3670.0000000000005	0.0025961610078258307
3670.5000000000005	0.007017176214429396
3671.0000000000005	0.009339060004145224
3671.5000000000005	0.0030898977426975344
3672.0000000000005	0.0020420238169866945
3672.5000000000005	0.0014032663196802005
3673.0000000000005	0.001338108384224271
3673.5000000000005	0.002195019887301568
3674.0000000000005	0.006337165692321204
3674.5000000000005	0.0015402741278568674
3675.0000000000005	0.0009209621067860225
3675.5000000000005	0.0008108357584013817
3676.0000000000005	0.0008566629148602382
3676.5000000000005	0.0010938507895949657
3677.0000000000005	0.0015428702232988163
3677.5000000000005	0.0029942194258684306
3678.0000000000005	0.00838812755976721
3678.5000000000005	0.007445510975157849
3679.0000000000005	0.0025888605059387186
3679.5000000000005	0.0013988202178521997
3680.0000000000005	0.0008027713756586637
3680.5000000000005	0.0005352450980941058
3681.0000000000005	0.00026889802187513945
3681.5000000000005	0.0011233719684282395
3682.0000000000005	0.0001424689463510384
3682.5000000000005	0.00024190520776227445
3683.0000000000005	0.00031790303839813783
3683.5000000000005	0.0005231336793435897
3684.0000000000005	0.0008355522788123939
3684.5000000000005	0.001522186906793998
3685.0000000000005	0.0028986227660301707
3685.5000000000005	0.01086115755556191
3686.0000000000005	0.006099761258908035
3686.5000000000005	0.002375967325622776
3687.0000000000005	0.0013292835091634062
3687.5000000000005	0.0008019427536241415
3688.0000000000005	0.0005076599490761393
3688.5000000000005	0.0004421122805468772
3689.0000000000005	0.00031677476407145284
3689.5000000000005	0.00043879879529865794
3690.0000000000005	0.000539755392209759
3690.5000000000005	0.0007184098640861109
3691.0000000000005	0.0025339867913246805
3691.5000000000005	0.00177763632132778
3692.0000000000005	0.0033742685507482666
3692.5000000000005	0.009235961761581165
3693.0000000000005	0.016416414957747497
3693.5000000000005	0.00596635177641959
3694.0000000000005	0.002605037077877443
3694.5000000000005	0.0015013565837047548
3695.0000000000005	0.0009963434282206595
3695.5000000000005	0.0006147763193182876
3696.0000000000005	0.00038739340252415277
3696.5000000000005	0.0004647870002877305
3697.0000000000005	0.0002530051144208665
3697.5000000000005	0.00031002569912773695
3698.0000000000005	0.0004139643704943642
3698.5000000000005	0.0007661176525938852
3699.0000000000005	0.001010675849767747
3699.5000000000005	0.0017432707774351014
3700.0000000000005	0.003607997639901949
3700.5000000000005	0.026232831020198695
3701.0000000000005	0.004600003838321111
3701.5000000000005	0.002057516188305288
3702.0000000000005	0.00125106784633971
3702.5000000000005	0.0008099461035609765
3703.0000000000005	0.0008089207148102377
3703.5000000000005	0.000749771731799152
3704.0000000000005	0.00036797931410837423
3704.5000000000005	0.0003487078536233292
3705.0000000000005	0.0003370050988920385
3705.5000000000005	0.00048209105511422566
3706.0000000000005	0.0011300381371485014
3706.5000000000005	0.0011325204445389414
3707.0000000000005	0.0020744701939839384
3707.5000000000005	0.004222192777861558
3708.0000000000005	0.06729115008216291
3708.5000000000005	0.004353006805655052
3709.0000000000005	0.002230318882431505
3709.5000000000005	0.0016306548048980176
3710.0000000000005	0.0015426643464434104
3710.5000000000005	0.0022871389843935855
3711.0000000000005	0.005232039834121157
3711.5000000000005	0.0016527911497606538
3712.0000000000005	0.000863966335932538
3712.5000000000005	0.000705116083474619
3713.0000000000005	0.000735126994601327
3713.5000000000005	0.00086583528275633
3714.0000000000005	0.0012774669239197776
3714.5000000000005	0.0020964660560046015
3715.0000000000005	0.004601699321263367
3715.5000000000005	0.027967636640110906
3716.0000000000005	0.0036522795936514496
3716.5000000000005	0.0017224685814415592
3717.0000000000005	0.001076649311484286
3717.5000000000005	0.0005591846366028658
3718.0000000000005	0.0003446258302455763
3718.5000000000005	0.00023006310552025526
3719.0000000000005	0.00014764000093398104
3719.5000000000005	0.00018425281266871364
3720.0000000000005	0.0002500339106162584
3720.5000000000005	0.0003693179082235563
3721.0000000000005	0.0008379934674848659
3721.5000000000005	0.0011218073453194688
3722.0000000000005	0.002111536024834942
3722.5000000000005	0.005222206488288454
3723.0000000000005	0.015583863104289313
3723.5000000000005	0.0032671780337405728
3724.0000000000005	0.0016761450311426629
3724.5000000000005	0.0009316517751752053
3725.0000000000005	0.0006562138277859504
3725.5000000000005	0.0004538485558749001
3726.0000000000005	0.0003588673736706374
3726.5000000000005	0.0011195647710735182
3727.0000000000005	0.0004668190540879757
3727.5000000000005	0.0006325590458705242
3728.0000000000005	0.0010290445893364746
3728.5000000000005	0.0015932572755589256
3729.0000000000005	0.003264235887899961
3729.5000000000005	0.006676292507908151
3730.0000000000005	0.007212186575771218
3730.5000000000005	0.011687839487088921
3731.0000000000005	0.0034003407151048026
3731.5000000000005	0.0017747447948375428
3732.0000000000005	0.0012296868424898702
3732.5000000000005	0.0006564356718460006
3733.0000000000005	0.00045265332238116784
3733.5000000000005	0.0003083651872194406
3734.0000000000005	0.00024978949458677447
3734.5000000000005	0.00026817339113696025
3735.0000000000005	0.00032968052321252506
3735.5000000000005	0.00047698998423001697
3736.0000000000005	0.0008870263650291346
3736.5000000000005	0.0012852388459137722
3737.0000000000005	0.0025319972115973176
3737.5000000000005	0.007205620092292723
3738.0000000000005	0.008514664606116133
3738.5000000000005	0.0026849170293893466
3739.0000000000005	0.0014078527458033444
3739.5000000000005	0.0007622706442725159
3740.0000000000005	0.0005282517114522362
3740.5000000000005	0.00027858325127040856
3741.0000000000005	0.000231606850444816
3741.5000000000005	0.0004273860393221322
3742.0000000000005	0.00025294791066004835
3742.5000000000005	0.0003354023505759329
3743.0000000000005	0.0006287086026983472
3743.5000000000005	0.0008721229194686682
3744.0000000000005	0.001575477501890145
3744.5000000000005	0.0028890087365808464
3745.0000000000005	0.009056892102944795
3745.5000000000005	0.007344903142265749
3746.0000000000005	0.0029110756587226896
3746.5000000000005	0.001865579817199517
3747.0000000000005	0.002121897524021187
3747.5000000000005	0.002670944602664966
3748.0000000000005	0.003996749957370367
3748.5000000000005	0.0013723147378031481
3749.0000000000005	0.0009351143216248593
3749.5000000000005	0.0006745919371235971
3750.0000000000005	0.0007064710515920393
3750.5000000000005	0.000750666924670333
3751.0000000000005	0.0011881460803012253
3751.5000000000005	0.0016523647464084512
3752.0000000000005	0.003178929811917877
3752.5000000000005	0.011701620493668052
3753.0000000000005	0.006040286469411584
3753.5000000000005	0.0023847495909026482
3754.0000000000005	0.0014417687683030628
3754.5000000000005	0.0008580819808337948
3755.0000000000005	0.000791486220643531
3755.5000000000005	0.001097115777612353
3756.0000000000005	0.0005042419477416962
3756.5000000000005	0.00046307956515918825
3757.0000000000005	0.0003717845987977198
3757.5000000000005	0.0003964880779605475
3758.0000000000005	0.0007286585008775875
3758.5000000000005	0.0009509463126368324
3759.0000000000005	0.0017209287564058325
3759.5000000000005	0.0034658821883347154
3760.0000000000005	0.016685964184602744
3760.5000000000005	0.005176693395268193
3761.0000000000005	0.002255093899107885
3761.5000000000005	0.0012386794858724938
3762.0000000000005	0.002276497555664063
3762.5000000000005	0.0005666184903853083
3763.0000000000005	0.0005194941234557031
3763.5000000000005	0.0005099379247648756
3764.0000000000005	0.0005721866168694057
3764.5000000000005	0.0007148962465525707
3765.0000000000005	0.0010989282006648902
3765.5000000000005	0.0016514433016817532
3766.0000000000005	0.0036621079972659846
3766.5000000000005	0.005121306255191612
3767.0000000000005	0.005147380649320909
3767.5000000000005	0.032118933571499725
3768.0000000000005	0.005215295383965653
3768.5000000000005	0.0024341766104067747
3769.0000000000005	0.0014848912597352959
3769.5000000000005	0.0008846647583116593
3770.0000000000005	0.0006490071791448855
3770.5000000000005	0.0004038659404839416
3771.0000000000005	0.000323675679323553
3771.5000000000005	0.00043100871219679305
3772.0000000000005	0.000354439271647955
3772.5000000000005	0.00041343599798289676
3773.0000000000005	0.0007227319209308245
3773.5000000000005	0.0010465161604314075
3774.0000000000005	0.001912821591066609
3774.5000000000005	0.004104418353943165
3775.0000000000005	0.06333372718745467
3775.5000000000005	0.003991551276972709
3776.0000000000005	0.0018248687567213213
3776.5000000000005	0.0009981076696579255
3777.0000000000005	0.0009820491764606916
3777.5000000000005	0.00036448648391239173
3778.0000000000005	0.00026933460342461397
3778.5000000000005	0.00022440306391893698
3779.0000000000005	0.0003454273733466772
3779.5000000000005	0.00030809729581105736
3780.0000000000005	0.0004697064772228707
3780.5000000000005	0.0007309648921507354
3781.0000000000005	0.0013005041731974144
3781.5000000000005	0.002147829857151661
3782.0000000000005	0.004841267517179333
3782.5000000000005	0.02483892145219948
3783.0000000000005	0.003956671771121046
3783.5000000000005	0.0022959342325231313
3784.0000000000005	0.0019927983399039614
3784.5000000000005	0.0033112493763687747
3785.0000000000005	0.0031511013553595815
3785.5000000000005	0.0012536138200405866
3786.0000000000005	0.0007928032069217112
3786.5000000000005	0.0008751255265376325
3787.0000000000005	0.0005468562630628268
3787.5000000000005	0.0006279380960257387
3788.0000000000005	0.0008813757824170671
3788.5000000000005	0.0013339506992725788
3789.0000000000005	0.002245086210314804
3789.5000000000005	0.005353925274557607
3790.0000000000005	0.014671348651110043
3790.5000000000005	0.0032846099941354957
3791.0000000000005	0.001576892831265716
3791.5000000000005	0.0009239159816592766
3792.0000000000005	0.0006855455374341543
3792.5000000000005	0.0003197303272729783
3793.0000000000005	0.0002002014638592278
3793.5000000000005	0.00018556120210194035
3794.0000000000005	0.00016000460395790254
3794.5000000000005	0.00028646384214127407
3795.0000000000005	0.0004203118490399706
3795.5000000000005	0.000720968026905697
3796.0000000000005	0.0013654159321966474
3796.5000000000005	0.0023450382070709366
3797.0000000000005	0.006199008404055018
3797.5000000000005	0.010646650319820695
3798.0000000000005	0.002944081224063427
3798.5000000000005	0.0015635573647484599
3799.0000000000005	0.0009485474917270242
3799.5000000000005	0.0006423725249270025
3800.0000000000005	0.0005158270254252869
3800.5000000000005	0.00045867914158031516
3801.0000000000005	0.00047691953809700626
3801.5000000000005	0.0011746223058648913
3802.0000000000005	0.0009132301122911525
3802.5000000000005	0.0015978454049685646
3803.0000000000005	0.003912431472379912
3803.5000000000005	0.003878763809588064
3804.0000000000005	0.0035697535433127396
3804.5000000000005	0.00802360146758688
3805.0000000000005	0.008698694893920658
3805.5000000000005	0.003137783553409125
3806.0000000000005	0.0016571708248379377
3806.5000000000005	0.001117652997332943
3807.0000000000005	0.0008798987594497375
3807.5000000000005	0.0009290758237486826
3808.0000000000005	0.0006723802702093967
3808.5000000000005	0.0004537869040849833
3809.0000000000005	0.00032408164371205327
3809.5000000000005	0.00047944000946761525
3810.0000000000005	0.0005411850525290209
3810.5000000000005	0.0009024625944020902
3811.0000000000005	0.001837871300811397
3811.5000000000005	0.002825120129185339
3812.0000000000005	0.00912845235404686
3812.5000000000005	0.0068969289341948405
3813.0000000000005	0.0024280925136185073
3813.5000000000005	0.0013657718182737994
3814.0000000000005	0.0007461345811754252
3814.5000000000005	0.0005021435312150505
3815.0000000000005	0.0003478789253023723
3815.5000000000005	0.0002624863305164046
3816.0000000000005	0.00020032024250522484
3816.5000000000005	0.0004402711944339947
3817.0000000000005	0.0003651258516472534
3817.5000000000005	0.0007270471172764218
3818.0000000000005	0.0009949222610757236
3818.5000000000005	0.0017115171899447484
3819.0000000000005	0.003268097524674748
3819.5000000000005	0.012252136527556861
3820.0000000000005	0.006182661707640377
3820.5000000000005	0.0031090353757209483
3821.0000000000005	0.002311222854639028
3821.5000000000005	0.004428538043232163
3822.0000000000005	0.0027113129762319204
3822.5000000000005	0.0012308347243287262
3823.0000000000005	0.0007611122292894481
3823.5000000000005	0.0005981883442382152
3824.0000000000005	0.00048018562100461
3824.5000000000005	0.0006071230060064375
3825.0000000000005	0.0006781908043139671
3825.5000000000005	0.0010526348662725097
3826.0000000000005	0.0019637269480768447
3826.5000000000005	0.0034034621156340643
3827.0000000000005	0.01753742626103364
3827.5000000000005	0.005051204910905895
3828.0000000000005	0.0020753655920689464
3828.5000000000005	0.0011618043699448055
3829.0000000000005	0.0006449822505687058
3829.5000000000005	0.00039624695829730506
3830.0000000000005	0.0003045133942543528
3830.5000000000005	0.00016799586876571678
3831.0000000000005	0.00025550427090253796
3831.5000000000005	0.0003132137585799326
3832.0000000000005	0.0003418104032249439
3832.5000000000005	0.0005767606781182888
3833.0000000000005	0.0009706916857078809
3833.5000000000005	0.001734992136032155
3834.0000000000005	0.003732578831460767
3834.5000000000005	0.034250776104325524
3835.0000000000005	0.004414743530828546
3835.5000000000005	0.0021679226521818893
3836.0000000000005	0.0011458254109852609
3836.5000000000005	0.0007567971728528839
3837.0000000000005	0.000593922466059945
3837.5000000000005	0.00046204570791744495
3838.0000000000005	0.0004899960502176824
3838.5000000000005	0.0006306442341285171
3839.0000000000005	0.0008890758068908943
3839.5000000000005	0.0015853034226468658
3840.0000000000005	0.004767511902123664
3840.5000000000005	0.0031330202161218225
3841.0000000000005	0.003871548741210527
3841.5000000000005	0.0047007394681601415
3842.0000000000005	0.056076420118263026
3842.5000000000005	0.00420790423941697
3843.0000000000005	0.001983624711333903
3843.5000000000005	0.0011590928797285194
3844.0000000000005	0.0007089853267957262
3844.5000000000005	0.0004503242591080589
3845.0000000000005	0.00034598788028547046
3845.5000000000005	0.00020958375849486398
3846.0000000000005	0.00020584509884444702
3846.5000000000005	0.0004725811423363259
3847.0000000000005	0.0003909646818128694
3847.5000000000005	0.0006430200659996159
3848.0000000000005	0.0011233452989604068
3848.5000000000005	0.0019969468595080783
3849.0000000000005	0.004708928143901171
3849.5000000000005	0.022380562614354074
3850.0000000000005	0.003496159378441052
3850.5000000000005	0.001751739586168786
3851.0000000000005	0.0009446115161938121
3851.5000000000005	0.0005619882854144196
3852.0000000000005	0.000480229716989545
3852.5000000000005	0.0002484978432511545
3853.0000000000005	0.00023876456692395026
3853.5000000000005	0.0002716303708882427
3854.0000000000005	0.00038491305337577506
3854.5000000000005	0.0005593078350447769
3855.0000000000005	0.0008626563812694066
3855.5000000000005	0.0013742223609771612
3856.0000000000005	0.002579867180662584
3856.5000000000005	0.0057534582568120616
3857.0000000000005	0.014427112059064263
3857.5000000000005	0.003996941428791839
3858.0000000000005	0.002948159384162983
3858.5000000000005	0.006135954170613177
3859.0000000000005	0.0026322386460644375
3859.5000000000005	0.001516479775166224
3860.0000000000005	0.001555160700473523
3860.5000000000005	0.0008017560678463169
3861.0000000000005	0.000654532075347661
3861.5000000000005	0.0007069988805341387
3862.0000000000005	0.0007127760156454993
3862.5000000000005	0.0009091844356977072
3863.0000000000005	0.0015133461137711874
3863.5000000000005	0.0024772287955886776
3864.0000000000005	0.006436281030045636
3864.5000000000005	0.010233414303660622
3865.0000000000005	0.002980450548466715
3865.5000000000005	0.0015293530917212307
3866.0000000000005	0.0009323001272943431
3866.5000000000005	0.0005393404444449134
3867.0000000000005	0.0004923801208804933
3867.5000000000005	0.0002895436104636078
3868.0000000000005	0.00027576560865169515
3868.5000000000005	0.0003913060085910693
3869.0000000000005	0.0004419785641976218
3869.5000000000005	0.0006136137267023029
3870.0000000000005	0.0010831074359253377
3870.5000000000005	0.0017755221079089492
3871.0000000000005	0.003182372909813423
3871.5000000000005	0.007901022103025377
3872.0000000000005	0.008250835059916596
3872.5000000000005	0.002903198194163235
3873.0000000000005	0.0016091747989593558
3873.5000000000005	0.000984209105706782
3874.0000000000005	0.0008444307463188483
3874.5000000000005	0.000575116025474126
3875.0000000000005	0.0006356583392272706
3875.5000000000005	0.0007091975007892627
3876.0000000000005	0.0009994563268970534
3876.5000000000005	0.001683105834966891
3877.0000000000005	0.007036699128183172
3877.5000000000005	0.0025898662709192863
3878.0000000000005	0.0025975734647121764
3878.5000000000005	0.003340127263553655
3879.0000000000005	0.009889330253095836
3879.5000000000005	0.0069182972350641395
3880.0000000000005	0.0026619560978809525
3880.5000000000005	0.001443897737225748
3881.0000000000005	0.0009230279049051294
3881.5000000000005	0.0005160702241078617
3882.0000000000005	0.0005777589280006301
3882.5000000000005	0.0002311503005898424
3883.0000000000005	0.0002349549045242241
3883.5000000000005	0.0002704616367070419
3884.0000000000005	0.00035085006918950134
3884.5000000000005	0.0005198188991871096
3885.0000000000005	0.000902918923583361
3885.5000000000005	0.0014963119892490988
3886.0000000000005	0.003159175823361843
3886.5000000000005	0.012601682275669672
3887.0000000000005	0.005621166091058944
3887.5000000000005	0.002302294323785043
3888.0000000000005	0.0012001807559085453
3888.5000000000005	0.0006926046131709802
3889.0000000000005	0.00046146812948525887
3889.5000000000005	0.00026613595756914716
3890.0000000000005	0.00027670298701613894
3890.5000000000005	0.0002226574491071578
3891.0000000000005	0.00029337721073390916
3891.5000000000005	0.0013323827231701167
3892.0000000000005	0.0006961245761903222
3892.5000000000005	0.0010967528585959776
3893.0000000000005	0.0019148870743670168
3893.5000000000005	0.0037136049365200227
3894.0000000000005	0.019509881115927517
3894.5000000000005	0.005613640822437499
3895.0000000000005	0.0034279275958377046
3895.5000000000005	0.009324558180095317
3896.0000000000005	0.0023429852511291345
3896.5000000000005	0.0012070719030845155
3897.0000000000005	0.0008183044294141969
3897.5000000000005	0.0005345953174482474
3898.0000000000005	0.0004496703432429214
3898.5000000000005	0.0004294292825965535
3899.0000000000005	0.000488477797327827
3899.5000000000005	0.0007539386969724252
3900.0000000000005	0.0010585059256329186
3900.5000000000005	0.0018113478403328446
3901.0000000000005	0.0038971438629341565
3901.5000000000005	0.04039119902581733
3902.0000000000005	0.004311507613145507
3902.5000000000005	0.0019298786427565705
3903.0000000000005	0.0010396344571346138
3903.5000000000005	0.0006624360546662142
3904.0000000000005	0.0003647425200011673
3904.5000000000005	0.0002370222414942834
3905.0000000000005	0.00040258542918761135
3905.5000000000005	0.0001941501294638549
3906.0000000000005	0.00023910985307447734
3906.5000000000005	0.0004213572925932914
3907.0000000000005	0.0006289376230646228
3907.5000000000005	0.0011218253154510007
3908.0000000000005	0.0019341152277680027
3908.5000000000005	0.004319313579038792
3909.0000000000005	0.04608522816312228
3909.5000000000005	0.003964154202284047
3910.0000000000005	0.001927939145771307
3910.5000000000005	0.0012847226329515725
3911.0000000000005	0.0009774988609684598
3911.5000000000005	0.000857260009929547
3912.0000000000005	0.0011674345300281273
3912.5000000000005	0.0010495157834810045
3913.0000000000005	0.0011542004542077285
3913.5000000000005	0.0018221922164693837
3914.0000000000005	0.009818471367162683
3914.5000000000005	0.002476393333503154
3915.0000000000005	0.0019493566555499006
3915.5000000000005	0.0026332570191041154
3916.0000000000005	0.005221230658350305
3916.5000000000005	0.02026468601752784
3917.0000000000005	0.003650256339812803
3917.5000000000005	0.001873977633246302
3918.0000000000005	0.001033453206161531
3918.5000000000005	0.000888927281764846
3919.0000000000005	0.0003937638559250129
3919.5000000000005	0.0003134704971755427
3920.0000000000005	0.0002387605835828379
3920.5000000000005	0.0002581109589644407
3921.0000000000005	0.0002663880573898533
3921.5000000000005	0.0004746469429418419
3922.0000000000005	0.0006761519297295526
3922.5000000000005	0.0012736468920638618
3923.0000000000005	0.002182565681975347
3923.5000000000005	0.005586360143722687
3924.0000000000005	0.012990221456818076
3924.5000000000005	0.003121035810173595
3925.0000000000005	0.0015138566020678128
3925.5000000000005	0.0009285770099335795
3926.0000000000005	0.0005824054377646405
3926.5000000000005	0.0003919804488593242
3927.0000000000005	0.00023217166191209443
3927.5000000000005	0.0002544808534214048
3928.0000000000005	0.000407959931487932
3928.5000000000005	0.0003970759985978551
3929.0000000000005	0.000565520537193225
3929.5000000000005	0.0009937923752131536
3930.0000000000005	0.0015041027012090782
3930.5000000000005	0.0027713807614536154
3931.0000000000005	0.007037087632271949
3931.5000000000005	0.010338769659751551
3932.0000000000005	0.004331172360351021
3932.5000000000005	0.011782983419283773
3933.0000000000005	0.0023255335130428485
3933.5000000000005	0.0014920985184605862
3934.0000000000005	0.0007810684218322588
3934.5000000000005	0.0005637308159973725
3935.0000000000005	0.00043280571414852306
3935.5000000000005	0.0004024545556208972
3936.0000000000005	0.0004528792868544659
3936.5000000000005	0.0005743580815045208
3937.0000000000005	0.0008413178408312966
3937.5000000000005	0.0015378856177919484
3938.0000000000005	0.002636725397939727
3938.5000000000005	0.007978634837731318
3939.0000000000005	0.007652440658655657
3939.5000000000005	0.002559251004993232
3940.0000000000005	0.0013249021689006697
3940.5000000000005	0.0007655018046311982
3941.0000000000005	0.00046093384237330947
3941.5000000000005	0.0003102786542584449
3942.0000000000005	0.00016808240015155141
3942.5000000000005	0.00014992210772265342
3943.0000000000005	0.00043603749981215674
3943.5000000000005	0.00028607358785609006
3944.0000000000005	0.0004932067710596028
3944.5000000000005	0.0008754659910061426
3945.0000000000005	0.0014618903253849956
3945.5000000000005	0.0029226859906821274
3946.0000000000005	0.010218983584051693
3946.5000000000005	0.006369041596118836
3947.0000000000005	0.002581251289398538
3947.5000000000005	0.00137718741514428
3948.0000000000005	0.000921262737969183
3948.5000000000005	0.000745460012286182
3949.0000000000005	0.0006174922536328203
3949.5000000000005	0.0006930528112778852
3950.0000000000005	0.0009669128339251777
3950.5000000000005	0.0017192044516203056
3951.0000000000005	0.010740472932015323
3951.5000000000005	0.002018839124051226
3952.0000000000005	0.001670752894989788
3952.5000000000005	0.0026897048775345544
3953.0000000000005	0.003533908124846286
3953.5000000000005	0.01438747841393845
3954.0000000000005	0.005598998680539315
3954.5000000000005	0.00232409619686477
3955.0000000000005	0.0013127680290153138
3955.5000000000005	0.0007706052962779439
3956.0000000000005	0.0004908778318561741
3956.5000000000005	0.000355480678938722
3957.0000000000005	0.00023654388980981695
3957.5000000000005	0.00019650419795927046
3958.0000000000005	0.0006389936028227402
3958.5000000000005	0.0003488919191558036
3959.0000000000005	0.0006122656995936696
3959.5000000000005	0.0009925429685689528
3960.0000000000005	0.0017110549128281152
3960.5000000000005	0.003577607456042287
3961.0000000000005	0.023781214201284106
3961.5000000000005	0.004681852258782457
3962.0000000000005	0.002141907766480073
3962.5000000000005	0.0011789442424691887
3963.0000000000005	0.0008021493456944526
3963.5000000000005	0.000895525705827337
3964.0000000000005	0.000652762364049245
3964.5000000000005	0.0009235121188137491
3965.0000000000005	0.0005541892744037755
3965.5000000000005	0.00047757686628451446
3966.0000000000005	0.0006922941471615308
3966.5000000000005	0.0008824384101549467
3967.0000000000005	0.0013612127861343728
3967.5000000000005	0.0022994248800585655
3968.0000000000005	0.004550033707024152
3968.5000000000005	0.06456759922464617
3969.0000000000005	0.0059803575491115075
3969.5000000000005	0.011764677048965786
3970.0000000000005	0.002576434747945589
3970.5000000000005	0.0014641477112354788
3971.0000000000005	0.0009536861097816874
3971.5000000000005	0.0006888722597578951
3972.0000000000005	0.0005639312832354565
3972.5000000000005	0.0004744321054934223
3973.0000000000005	0.0007244213456563143
3973.5000000000005	0.0007053232855099387
3974.0000000000005	0.0011385895420322437
3974.5000000000005	0.0018995263618749427
3975.0000000000005	0.00230465493520213
3975.5000000000005	0.0046869959312482385
3976.0000000000005	0.028985716961154814
3976.5000000000005	0.0037134527336885764
3977.0000000000005	0.0018393989316353532
3977.5000000000005	0.0010176673805128808
3978.0000000000005	0.0006362800897757274
3978.5000000000005	0.000477577793668283
3979.0000000000005	0.00028250509106086133
3979.5000000000005	0.0001870634346423155
3980.0000000000005	0.0003513474846704271
3980.5000000000005	0.00026526639962121975
3981.0000000000005	0.0004733045993145132
3981.5000000000005	0.0007265769571258901
3982.0000000000005	0.001216561419654108
3982.5000000000005	0.0021999567478544414
3983.0000000000005	0.005313292422829165
3983.5000000000005	0.01564950656199093
3984.0000000000005	0.00362513624686897
3984.5000000000005	0.0017305963987555763
3985.0000000000005	0.001132148736724377
3985.5000000000005	0.0008974550802603732
3986.0000000000005	0.0007181656026179533
3986.5000000000005	0.0007274323265444807
3987.0000000000005	0.001024364928961142
3987.5000000000005	0.0017376682800214096
3988.0000000000005	0.01025610317149587
3988.5000000000005	0.001883382347046341
3989.0000000000005	0.0015102786128787014
3989.5000000000005	0.002007398259665316
3990.0000000000005	0.0026923917161145124
3990.5000000000005	0.006308275662936758
3991.0000000000005	0.011058128860185963
3991.5000000000005	0.0030592192389312296
3992.0000000000005	0.0016328745330371959
3992.5000000000005	0.000947437330791774
3993.0000000000005	0.0006106189359947894
3993.5000000000005	0.0004162736727295188
3994.0000000000005	0.0002687809510264625
3994.5000000000005	0.00016673512776673103
3995.0000000000005	0.00032990455353390107
3995.5000000000005	0.0002593126350980172
3996.0000000000005	0.0004924584030454767
3996.5000000000005	0.0007561223897340455
3997.0000000000005	0.0013345990819145289
3997.5000000000005	0.0025260710740917466
3998.0000000000005	0.007354178887087021
3998.5000000000005	0.008264187591629286
3999.0000000000005	0.003046519209041321
3999.5000000000005	0.001370514487086229
4000.0000000000005	0.0008435387099472287
4000.5000000000005	0.0005210479240118953
4001.0000000000005	0.0003666244921252906
4001.5000000000005	0.00026166556589729686
4002.0000000000005	0.00029812396181491256
4002.5000000000005	0.00028774074556381433
4003.0000000000005	0.0005883164754698334
4003.5000000000005	0.0006658882814616514
4004.0000000000005	0.0011097651324336265
4004.5000000000005	0.0018334005419419726
4005.0000000000005	0.0033927921107681862
4005.5000000000005	0.009961099072271789
4006.0000000000005	0.008368515930062749
4006.5000000000005	0.012314180456570583
4007.0000000000005	0.0028298570871741493
4007.5000000000005	0.0014962106362450844
4008.0000000000005	0.0009863805273063332
4008.5000000000005	0.0008171517016133353
4009.0000000000005	0.0004953744666503212
4009.5000000000005	0.00036039164985264804
4010.0000000000005	0.000434157700525957
4010.5000000000005	0.0004251206155286707
4011.0000000000005	0.0006826627046192877
4011.5000000000005	0.000938266195761862
4012.0000000000005	0.0016587649678908834
4012.5000000000005	0.0034262184211681823
4013.0000000000005	0.012500604949881661
4013.5000000000005	0.005689049887378379
4014.0000000000005	0.00236278459497791
4014.5000000000005	0.00123896584027002
4015.0000000000005	0.0008412467651931825
4015.5000000000005	0.000533834037445226
4016.0000000000005	0.0005264907892084637
4016.5000000000005	0.0009632848523863139
4017.0000000000005	0.0005253435380211834
4017.5000000000005	0.0003722061918495781
4018.0000000000005	0.0005590026902764959
4018.5000000000005	0.0006183101279792974
4019.0000000000005	0.0010829971674239198
4019.5000000000005	0.0017217438370529686
4020.0000000000005	0.003541732000495333
4020.5000000000005	0.019606233273110108
4021.0000000000005	0.005021094245596408
4021.5000000000005	0.0022029389871968106
4022.0000000000005	0.0015961998673050214
4022.5000000000005	0.0009041338135092157
4023.0000000000005	0.0008251012427998584
4023.5000000000005	0.0007741976255355101
4024.0000000000005	0.0010026265529900743
4024.5000000000005	0.001720113964800999
4025.0000000000005	0.010631148440229936
4025.5000000000005	0.0018498531554487884
4026.0000000000005	0.0015447564144389053
4026.5000000000005	0.0014697028976320178
4027.0000000000005	0.002164207099733192
4027.5000000000005	0.004136375678791411
4028.0000000000005	0.04704821093583763
4028.5000000000005	0.004362482736448232
4029.0000000000005	0.002046944750257275
4029.5000000000005	0.0010927109626872233
4030.0000000000005	0.0007594855071787488
4030.5000000000005	0.00039152776900322733
4031.0000000000005	0.0002909963680263633
4031.5000000000005	0.0005830403322339704
4032.0000000000005	0.0002076714044844465
4032.5000000000005	0.00021780009060984342
4033.0000000000005	0.0004537648296333698
4033.5000000000005	0.0005799242225342125
4034.0000000000005	0.0010912378424607935
4034.5000000000005	0.0018929724808688319
4035.0000000000005	0.004342849449177308
4035.5000000000005	0.036998546259468475
4036.0000000000005	0.003754067188416722
4036.5000000000005	0.0017195020417579703
4037.0000000000005	0.0010902827520094384
4037.5000000000005	0.0005709130625107821
4038.0000000000005	0.00041534330303886195
4038.5000000000005	0.0003080250136933372
4039.0000000000005	0.0002603550359193951
4039.5000000000005	0.0003030017502861171
4040.0000000000005	0.000422038665107462
4040.5000000000005	0.0005598508250388749
4041.0000000000005	0.0018832296300442012
4041.5000000000005	0.001457645151029294
4042.0000000000005	0.002582983077984761
4042.5000000000005	0.005758670837376253
4043.0000000000005	0.019021217132890393
4043.5000000000005	0.013194973028400886
4044.0000000000005	0.003214233759989018
4044.5000000000005	0.00167883671817341
4045.0000000000005	0.0012353940753085633
4045.5000000000005	0.0006761259215638584
4046.0000000000005	0.00048389694168972776
4046.5000000000005	0.0003850268653737391
4047.0000000000005	0.00034086562969654646
4047.5000000000005	0.0003717870055963887
4048.0000000000005	0.0005194666320942635
4048.5000000000005	0.0007513255890568828
4049.0000000000005	0.0014069711033685094
4049.5000000000005	0.0022749565522952107
4050.0000000000005	0.005858057910592711
4050.5000000000005	0.011619118605100487
4051.0000000000005	0.0031354725880113695
4051.5000000000005	0.001491176964492794
4052.0000000000005	0.0008585349256316012
4052.5000000000005	0.00048387107590690167
4053.0000000000005	0.00044872689216640037
4053.5000000000005	0.00017913384015477357
4054.0000000000005	0.00018278872061760029
4054.5000000000005	0.00022091326742206118
4055.0000000000005	0.0002967164915207087
4055.5000000000005	0.000497384865734662
4056.0000000000005	0.000801229853224806
4056.5000000000005	0.001331115409090942
4057.0000000000005	0.002689125219929433
4057.5000000000005	0.0071086918909680705
4058.0000000000005	0.008818642310349388
4058.5000000000005	0.002891514159568073
4059.0000000000005	0.0015975492254287312
4059.5000000000005	0.0010670724133669803
4060.0000000000005	0.0008578434596511624
4060.5000000000005	0.0007698661563050091
4061.0000000000005	0.0010876313837331311
4061.5000000000005	0.0015268913586926165
4062.0000000000005	0.007517982184694219
4062.5000000000005	0.0020965941333633636
4063.0000000000005	0.0013589836415273163
4063.5000000000005	0.001382785085454577
4064.0000000000005	0.0018410402931889618
4064.5000000000005	0.003023647449386814
4065.0000000000005	0.009246754140492038
4065.5000000000005	0.007106153941413524
4066.0000000000005	0.002667586272596223
4066.5000000000005	0.0015038592078910815
4067.0000000000005	0.0009308371341842113
4067.5000000000005	0.000625836337024249
4068.0000000000005	0.0005490320087802441
4068.5000000000005	0.0006031931297034349
4069.0000000000005	0.0008587009417577987
4069.5000000000005	0.0004325872333110538
4070.0000000000005	0.0004909388461580836
4070.5000000000005	0.000702996342488108
4071.0000000000005	0.0009799998137589902
4071.5000000000005	0.0015819646731492895
4072.0000000000005	0.0031542490611456207
4072.5000000000005	0.012005554159851366
4073.0000000000005	0.0059222159277437375
4073.5000000000005	0.0023165176345766444
4074.0000000000005	0.0013265229677960372
4074.5000000000005	0.0009570305244153736
4075.0000000000005	0.0005856363079298799
4075.5000000000005	0.0004099104551287337
4076.0000000000005	0.000456084819259717
4076.5000000000005	0.0004085359119883191
4077.0000000000005	0.0006168382593079024
4077.5000000000005	0.0009102321885986226
4078.0000000000005	0.0014595734805469553
4078.5000000000005	0.001679268567053047
4079.0000000000005	0.0023521072973358773
4079.5000000000005	0.004216203369838201
4080.0000000000005	0.020281606076425367
4080.5000000000005	0.010328437536788073
4081.0000000000005	0.004054025133609283
4081.5000000000005	0.002074164031722329
4082.0000000000005	0.001296483537597905
4082.5000000000005	0.0008275812660340354
4083.0000000000005	0.0006287313852040403
4083.5000000000005	0.0004070893357164501
4084.0000000000005	0.00046346734596963777
4084.5000000000005	0.0003893225137295727
4085.0000000000005	0.0005440562923772723
4085.5000000000005	0.0010448759527699508
4086.0000000000005	0.0010936560178470603
4086.5000000000005	0.001805347005281442
4087.0000000000005	0.003942819929368831
4087.5000000000005	0.04682265024356145
4088.0000000000005	0.004289531163075454
4088.5000000000005	0.0018920484970806365
4089.0000000000005	0.0010776638741875155
4089.5000000000005	0.0006346803700812333
4090.0000000000005	0.00042504451911996356
4090.5000000000005	0.00021585501814275185
4091.0000000000005	0.0004921754764655727
4091.5000000000005	0.00017824492996626882
4092.0000000000005	0.00030189127462438447
4092.5000000000005	0.00044002267923528714
4093.0000000000005	0.0006861714423843172
4093.5000000000005	0.0010930038205922102
4094.0000000000005	0.002038660008022773
4094.5000000000005	0.004430831624813078
4095.0000000000005	0.03417938593257429
4095.5000000000005	0.0038215941713304626
4096.0	0.0019386222593236577
4096.5	0.0013013929770077674
4097.0	0.0009365382308943685
4097.5	0.0007714257225207783
4098.0	0.0010172758980648154
4098.5	0.0013075541720284527
4099.0	0.0038859042903098204
4099.5	0.0024948439962872867
4100.0	0.0013838493765695385
4100.5	0.0012564242570182647
4101.0	0.001580303422953605
4101.5	0.002370051580242988
4102.0	0.005419806188464759
4102.5	0.016340795705000556
4103.0	0.0034301582316407547
4103.5	0.001725367460103207
4104.0	0.0010108742371374687
4104.5	0.0005816929764011834
4105.0	0.00039712408002243096
4105.5	0.00022255897585421575
4106.0	0.0005759648963909946
4106.5	0.00016595728135122313
4107.0	0.00030278564403557804
4107.5	0.00044223767253723315
4108.0	0.0007291867567539702
4108.5	0.0012409696599523698
4109.0	0.0023271160142689534
4109.5	0.006005597037823329
4110.0	0.011014027234251295
4110.5	0.0029233147601708045
4111.0	0.0015538198757394123
4111.5	0.0008602677901376691
4112.0	0.0005662605995510682
4112.5	0.000532260318495256
4113.0	0.0003115755792744158
4113.5	0.0002600108416295818
4114.0	0.00039333738070598904
4114.5	0.000468408272346976
4115.0	0.000762373592208853
4115.5	0.0010682509147030047
4116.0	0.0017876463804540371
4116.5	0.003267255892196938
4117.0	0.008428556430010375
4117.5	0.011061762485375918
4118.0	0.005527902694282815
4118.5	0.002442144824697243
4119.0	0.0016272728090840046
4119.5	0.000984038377041658
4120.0	0.0007656870296761022
4120.5	0.0006986024470169404
4121.0	0.0011729833547980573
4121.5	0.0006319096559604815
4122.0	0.0005717360145290357
4122.5	0.0006389312428963259
4123.0	0.0011065183363092763
4123.5	0.0014954031462381244
4124.0	0.0028962343719499007
4124.5	0.009466785799705545
4125.0	0.006670196878695005
4125.5	0.002514796741367141
4126.0	0.0013013884448897055
4126.5	0.0007463863879604349
4127.0	0.0005039636227545074
4127.5	0.0002549250231677785
4128.0	0.00024515073544720587
4128.5	0.00016494012544549815
4129.0	0.00023416371813408742
4129.5	0.0004818919148452056
4130.0	0.0005689350136075078
4130.5	0.0009027900480474656
4131.0	0.0016163913692532749
4131.5	0.003161025829567375
4132.0	0.013437491071336169
4132.5	0.005584787120660153
4133.0	0.0023674868856937894
4133.5	0.001521788664147261
4134.0	0.0009807345862314666
4134.5	0.0008118602848775403
4135.0	0.0008539598010433659
4135.5	0.0010787977233912213
4136.0	0.002450339924081585
4136.5	0.004424163306387154
4137.0	0.0015853647471643117
4137.5	0.0012250866583667793
4138.0	0.001400036705509212
4138.5	0.0020490143412881566
4139.0	0.003752917837103151
4139.5	0.022776428290112526
4140.0	0.00487545483683335
4140.5	0.002084095116480124
4141.0	0.001213965689157402
4141.5	0.0006745191462626226
4142.0	0.0005991261278116676
4142.5	0.0005689301323344659
4143.0	0.0002100379999666983
4143.5	0.00016992530642115914
4144.0	0.000279006066089812
4144.5	0.0003216734920129559
4145.0	0.0006785439393917322
4145.5	0.0009733377716617539
4146.0	0.0018269678808033594
4146.5	0.0039808132454392095
4147.0	0.06516012640390535
4147.5	0.00406385851750834
4148.0	0.0018854334543864095
4148.5	0.0010056274756225015
4149.0	0.0016819708558602738
4149.5	0.00037984715777000366
4150.0	0.00033142980952081003
4150.5	0.00027146486476345964
4151.0	0.000321804872773906
4151.5	0.00041798477646500567
4152.0	0.0006460120828819491
4152.5	0.0008984068054258633
4153.0	0.0015464785970022857
4153.5	0.002470791195969537
4154.0	0.005410555580566455
4154.5	0.028263178787263525
4155.0	0.011871281251292044
4155.5	0.003393799880681165
4156.0	0.0017252100844974798
4156.5	0.0010374923436384435
4157.0	0.0007420521307023619
4157.5	0.0004543561527553837
4158.0	0.0004531487110428445
4158.5	0.0003074021884300548
4159.0	0.0004112044021117851
4159.5	0.0005446779659132236
4160.0	0.0007691184837285603
4160.5	0.0012760312901420033
4161.0	0.002234198107651843
4161.5	0.005320956286185806
4162.0	0.014796628560788942
4162.5	0.0031642301745846953
4163.0	0.0016085663133208648
4163.5	0.000890074489811113
4164.0	0.000560359742951098
4164.5	0.0003849270733608352
4165.0	0.00025893966833710405
4165.5	0.00016592253469426436
4166.0	0.00029372073959586505
4166.5	0.000284964898734753
4167.0	0.0005427126114852279
4167.5	0.0007820881114757853
4168.0	0.0013759485763995011
4168.5	0.002616163787674321
4169.0	0.006600863866364559
4169.5	0.009997647626802894
4170.0	0.003090796132244332
4170.5	0.001680200150963819
4171.0	0.0013069716147522002
4171.5	0.0009156279798917522
4172.0	0.0009631426534648625
4172.5	0.0011536980525287568
4173.0	0.0020089457705718414
4173.5	0.006935161488283126
4174.0	0.002334569060841385
4174.5	0.001458351553678649
4175.0	0.0015971973163412475
4175.5	0.0018109268860471562
4176.0	0.003054223449122638
4176.5	0.008306369832178367
4177.0	0.007799606846443779
4177.5	0.0029888964750276266
4178.0	0.0015355187409430856
4178.5	0.0009101458431957845
4179.0	0.0006739901710505896
4179.5	0.0004074919215295237
4180.0	0.0004305768906344083
4180.5	0.0003439590049461683
4181.0	0.0004957435717030433
4181.5	0.0008371762280802956
4182.0	0.0010429767096646293
4182.5	0.0010961856096010285
4183.0	0.0016759788282833673
4183.5	0.003034726254792534
4184.0	0.011956892106230793
4184.5	0.006166676148097145
4185.0	0.002429368793523062
4185.5	0.0013051545064069652
4186.0	0.0008448782438155554
4186.5	0.0005597140310599969
4187.0	0.00038882211830114843
4187.5	0.00028796908098824357
4188.0	0.0003769097758393439
4188.5	0.000352110003206128
4189.0	0.0005829807351807634
4189.5	0.0007753052744462292
4190.0	0.0012559329432925768
4190.5	0.002270809560225819
4191.0	0.003948168949573485
4191.5	0.017251405172385173
4192.0	0.008290788821002162
4192.5	0.004584401892682261
4193.0	0.0022820135164246533
4193.5	0.0012600330328373286
4194.0	0.000845298475752893
4194.5	0.0005979654137115624
4195.0	0.0004250945624723877
4195.5	0.00035902883657656513
4196.0	0.0003866523120473314
4196.5	0.00042613859201045455
4197.0	0.0007809630948951019
4197.5	0.001006610287957099
4198.0	0.001801063682933452
4198.5	0.003729835735317016
4199.0	0.03537008373199697
4199.5	0.004505486893645765
4200.0	0.001940295477398966
4200.5	0.0010372872800421598
4201.0	0.0006548974593586201
4201.5	0.000359470510882354
4202.0	0.0002898913301655233
4202.5	0.00015065028372343274
4203.0	0.00019093205989539333
4203.5	0.00028938335053073057
4204.0	0.00039350734922604806
4204.5	0.0006354826905056428
4205.0	0.0010958974529886151
4205.5	0.0019310872764597108
4206.0	0.005338726477334048
4206.5	0.042406445328573183
4207.0	0.003931036408393334
4207.5	0.001916930038758635
4208.0	0.001196425621832643
4208.5	0.0009105602512134482
4209.0	0.0007499310097589328
4209.5	0.0007702036333196064
4210.0	0.0011256487255623738
4210.5	0.0021260250537802196
4211.0	0.005063645315436063
4211.5	0.001617627601145034
4212.0	0.001359596331527467
4212.5	0.001709382500802048
4213.0	0.0024169946737465984
4213.5	0.005222693566696934
4214.0	0.017625756460835907
4214.5	0.0034566158191868435
4215.0	0.0019086176303287148
4215.5	0.0009698123126620701
4216.0	0.0006143468499930611
4216.5	0.0004910188117718649
4217.0	0.00024876088315917095
4217.5	0.0002292603808334192
4218.0	0.00021303045443528472
4218.5	0.0002612461616193186
4219.0	0.0004971531669755657
4219.5	0.0006963623959967575
4220.0	0.0012585975448316437
4220.5	0.0022976744086909474
4221.0	0.005975576186923169
4221.5	0.011354130790702292
4222.0	0.003020724723193078
4222.5	0.0015311727907298285
4223.0	0.00094175563948604
4223.5	0.0005918967701339841
4224.0	0.0005915395151318265
4224.5	0.0004106714487827975
4225.0	0.0005704154408322959
4225.5	0.0010421254646783738
4226.0	0.0006714490891175368
4226.5	0.000814911456908637
4227.0	0.0011137685208450216
4227.5	0.0017339122531749333
4228.0	0.003139253964267192
4228.5	0.008153554015846044
4229.0	0.00971477420275491
4229.5	0.011928332007644421
4230.0	0.0030034979951635513
4230.5	0.0018855509529077336
4231.0	0.0009968370802759786
4231.5	0.0006879273317671423
4232.0	0.0004835648595002294
4232.5	0.0003611934736939704
4233.0	0.00047035857465538105
4233.5	0.00040538575327620424
4234.0	0.0005761508384388623
4234.5	0.000906401553572392
4235.0	0.0014604820236285285
4235.5	0.002887259104717498
4236.0	0.009664187591794137
4236.5	0.0064823478098698685
4237.0	0.002511703711738449
4237.5	0.0012380883464691462
4238.0	0.0007274849387701971
4238.5	0.0004356095784644896
4239.0	0.00024217176447682699
4239.5	0.0007539721470381053
4240.0	0.00014565946058216965
4240.5	0.00020536897292328975
4241.0	0.0003290966104249455
4241.5	0.0005221087788650424
4242.0	0.0009765243467989603
4242.5	0.001645351359769379
4243.0	0.0032011612777622022
4243.5	0.014209924342494568
4244.0	0.005423773214925186
4244.5	0.0023195196824416964
4245.0	0.0013184539175243226
4245.5	0.0009174603160259678
4246.0	0.0007772198076320334
4246.5	0.0006915278000187444
4247.0	0.0008277263996343998
4247.5	0.0012883221052885211
4248.0	0.003565344528213331
4248.5	0.004009973138169154
4249.0	0.0015111064244109733
4249.5	0.0015561995176193119
4250.0	0.0020946514506667976
4250.5	0.0038871772797128075
4251.0	0.027481694651210035
4251.5	0.004687777881102481
4252.0	0.0020794347994406623
4252.5	0.0012265603497843905
4253.0	0.0006692960688005802
4253.5	0.00048298862272320525
4254.0	0.00025807844701360416
4254.5	0.0002100042757332366
4255.0	0.0002624413816786613
4255.5	0.0002492322811232958
4256.0	0.0003583191473864236
4256.5	0.0006271088429501158
4257.0	0.0009888922994926918
4257.5	0.0022313479551524422
4258.0	0.004089635258951043
4258.5	0.0584205886764882
4259.0	0.0039033959750656862
4259.5	0.0018183485276346135
4260.0	0.0010471121088485235
4260.5	0.0006356264762450057
4261.0	0.00039127999696659843
4261.5	0.00035726135190351186
4262.0	0.00021562468353801951
4262.5	0.0003290794995272806
4263.0	0.00040666962683813404
4263.5	0.0005804357239753468
4264.0	0.0009953037956364705
4264.5	0.0014240212000159568
4265.0	0.0024218509403161463
4265.5	0.005413783560763071
4266.0	0.02096818027776052
4266.5	0.005621450433255456
4267.0	0.006227100525629427
4267.5	0.0021924270982190295
4268.0	0.0012669984560157292
4268.5	0.0008412163408699942
4269.0	0.0005902284769702497
4269.5	0.0004727682781333955
4270.0	0.00037015483966146236
4270.5	0.0005146381490441434
4271.0	0.0005365940566368673
4271.5	0.0008579317298473056
4272.0	0.0012747351468973191
4272.5	0.002359656628189188
4273.0	0.0060668891154105
4273.5	0.012093682239942763
4274.0	0.003083415416374302
4274.5	0.0016171414139923913
4275.0	0.0009150857664291007
4275.5	0.000741923929001808
4276.0	0.00040048827415838854
4276.5	0.00047892747398108255
4277.0	0.00043627668756338555
4277.5	0.0009748982918233708
4278.0	0.0006573826924183125
4278.5	0.0006848052588177667
4279.0	0.0008934274935707151
4279.5	0.0015452438522704972
4280.0	0.0026038252696329875
4280.5	0.007288441673884855
4281.0	0.008781272010917928
4281.5	0.002933723557464999
4282.0	0.0019300925871742463
4282.5	0.001116875181885223
4283.0	0.0008335597607570344
4283.5	0.0008262452993276767
4284.0	0.0008170185966928425
4284.5	0.0012711893270893507
4285.0	0.0019052878181679196
4285.5	0.008871402477005456
4286.0	0.002604054820108862
4286.5	0.001885522118778803
4287.0	0.002116412473446548
4287.5	0.0032944002495153856
4288.0	0.009522483318023793
4288.5	0.007106426835654509
4289.0	0.0026286737194816177
4289.5	0.0015025502722719809
4290.0	0.000874768674300675
4290.5	0.0005850614737674569
4291.0	0.0006779012473817727
4291.5	0.0002985406979142364
4292.0	0.00023389232003677652
4292.5	0.00029213481465702776
4293.0	0.0003256209935735966
4293.5	0.0006761254153458956
4294.0	0.0008674541751162578
4294.5	0.0015757280520201748
4295.0	0.0031270762913344257
4295.5	0.013164115956120702
4296.0	0.005530543524008666
4296.5	0.0022322351643087805
4297.0	0.0011846526676797132
4297.5	0.0008051967807061114
4298.0	0.0004223977416460856
4298.5	0.0003499321665936784
4299.0	0.00024212884790260418
4299.5	0.0002722453201893603
4300.0	0.0006742216383596946
4300.5	0.0004976990917001064
4301.0	0.0007287754490866737
4301.5	0.0012080342960739381
4302.0	0.0019598223513654918
4302.5	0.004117333290972249
4303.0	0.024224382985410717
4303.5	0.005722857603292565
4304.0	0.00493096777436028
4304.5	0.003757364866880002
4305.0	0.001684452568483206
4305.5	0.0010243305338894723
4306.0	0.0006455376966014131
4306.5	0.0005723073338393226
4307.0	0.00037399838007199136
4307.5	0.0004578805147122891
4308.0	0.00048179963008252813
4308.5	0.0007104888016471732
4309.0	0.0014840979115000904
4309.5	0.0019355477996663502
4310.0	0.00405643435238775
4310.5	0.0676363431871246
4311.0	0.003979961504891148
4311.5	0.0019395905174249184
4312.0	0.0009827623812288455
4312.5	0.0006144151795457793
4313.0	0.0003645239447275795
4313.5	0.00023948106748702028
4314.0	0.00018336356888196806
4314.5	0.00020948688716051922
4315.0	0.00022610035277492418
4315.5	0.0004881934362276546
4316.0	0.0006319504527922733
4316.5	0.0012016822650462425
4317.0	0.002026838355443865
4317.5	0.004769823880460191
4318.0	0.022857861908504324
4318.5	0.003588601819318369
4319.0	0.001768943127473203
4319.5	0.0011354198905871044
4320.0	0.0007383957844315551
4320.5	0.0007299716325116213
4321.0	0.0005787562031965655
4321.5	0.0007460723019808413
4322.0	0.0010581111934591567
4322.5	0.0020238368509509675
4323.0	0.0074873069534597434
4323.5	0.0021264488975326163
4324.0	0.0019176277646012164
4324.5	0.00283496936275717
4325.0	0.005952143545025888
4325.5	0.012909770162824309
4326.0	0.003286010619490166
4326.5	0.0017332202285112639
4327.0	0.0016749248109387976
4327.5	0.0006870904536725558
4328.0	0.00044896004554688623
4328.5	0.000418249456302334
4329.0	0.00036961519845173725
4329.5	0.0007733733251406173
4330.0	0.0007232415995014347
4330.5	0.0006778011043056427
4331.0	0.00087973198551808
4331.5	0.0013923430014823762
4332.0	0.0025510635710943776
4332.5	0.006952940857737907
4333.0	0.008914271592711211
4333.5	0.0029091020632102445
4334.0	0.0014022416255805629
4334.5	0.0008780609358239408
4335.0	0.0005069764454573086
4335.5	0.0003639127742781146
4336.0	0.000578490818065479
4336.5	0.00026326401832452845
4337.0	0.0002773198625274999
4337.5	0.0004633518777286782
4338.0	0.0005992480950750461
4338.5	0.0011083423155490743
4339.0	0.0016564765153784672
4339.5	0.003095035479326434
4340.0	0.00936802405787642
4340.5	0.007621038551298316
4341.0	0.0036996450213023016
4341.5	0.006052176082199499
4342.0	0.0027005866560310546
4342.5	0.001480340111068557
4343.0	0.0008118750039024437
4343.5	0.0006229375661829207
4344.0	0.00043976490284132
4344.5	0.0004435152365396585
4345.0	0.0007971333148226561
4345.5	0.0006670024355587338
4346.0	0.0009399004156477657
4346.5	0.001632689946687553
4347.0	0.003092336098983259
4347.5	0.012716911722809521
4348.0	0.005591587673011317
4348.5	0.0022521220443481858
4349.0	0.001228635959968233
4349.5	0.0007080637154862033
4350.0	0.00041344585817942994
4350.5	0.0003179699608783713
4351.0	0.00014610414455261145
4351.5	0.000290465813444758
4352.0	0.00019147642267366543
4352.5	0.00037798241384139444
4353.0	0.0005381175656035584
4353.5	0.0009708058828343081
4354.0	0.002130624413704017
4354.5	0.0035358717549870376
4355.0	0.02216288859771725
4355.5	0.00481300759783549
4356.0	0.0020683450233473775
4356.5	0.0012991146026872806
4357.0	0.0007798095549765536
4357.5	0.0006310831054113362
4358.0	0.0005834820208231538
4358.5	0.0005986165381987504
4359.0	0.0007455985217579259
4359.5	0.00121168050234588
4360.0	0.002502423443647812
4360.5	0.004677299446843404
4361.0	0.002158514224915088
4361.5	0.0025193780891888833
4362.0	0.004463230593485279
4362.5	0.06844074742238426
4363.0	0.004266305838996659
4363.5	0.002051771192577626
4364.0	0.0011248411667669645
4364.5	0.0008740963751115801
4365.0	0.0004776190466762006
4365.5	0.0003297320942363093
4366.0	0.00020674287419144972
4366.5	0.00025659136589879094
4367.0	0.0003230514978676971
4367.5	0.0004267810317667695
4368.0	0.0006392745611165945
4368.5	0.0011699685968558238
4369.0	0.0019730242308796243
4369.5	0.004757291536773718
4370.0	0.022709723705775432
4370.5	0.0035273728245152646
4371.0	0.0021005384913959273
4371.5	0.0009754394868497508
4372.0	0.0005650095681086876
4372.5	0.00042354398332044077
4373.0	0.0002378369123670709
4373.5	0.0003351499069724126
4374.0	0.00024637293446535445
4374.5	0.0003969375601713018
4375.0	0.0005877306040480758
4375.5	0.0008926177285299004
4376.0	0.001412069920796479
4376.5	0.002564159920146681
4377.0	0.005940665385595295
4377.5	0.013662489406813437
4378.0	0.0038782874350355967
4378.5	0.0030467588010383846
4379.0	0.009678642092685806
4379.5	0.002276816804783498
4380.0	0.0012873451495581494
4380.5	0.0008937655597262645
4381.0	0.0008624368523462964
4381.5	0.0008853995180871582
4382.0	0.0012003618307691634
4382.5	0.0009412155489656962
4383.0	0.0010182149261472558
4383.5	0.0015473683525079542
4384.0	0.002875098961154626
4384.5	0.007051418559258817
4385.0	0.009027703398720882
4385.5	0.0029027822704073163
4386.0	0.0014859937519981254
4386.5	0.0010234214470338716
4387.0	0.0005817090390668499
4387.5	0.0004579705534090467
4388.0	0.00039509986010765333
4388.5	0.0004344973750412554
4389.0	0.0006569843996200281
4389.5	0.0008742563882859822
4390.0	0.0007428527063700509
4390.5	0.0012249894984060867
4391.0	0.0015301957751686945
4391.5	0.0029054051152265182
4392.0	0.009075554694585996
4392.5	0.006997705931093842
4393.0	0.00265735413000749
4393.5	0.0014583464669617164
4394.0	0.0009128601051727688
4394.5	0.0007214280537769178
4395.0	0.000520199012563889
4395.5	0.0005867127967778701
4396.0	0.0006126330634827407
4396.5	0.000873285248900066
4397.0	0.0015432759570454572
4397.5	0.003348096875557561
4398.0	0.0036520339821224553
4398.5	0.002636090973970821
4399.0	0.003708945631154596
4399.5	0.013385501718888167
4400.0	0.0058929871122395255
4400.5	0.0024612121236713457
4401.0	0.0013819295804078336
4401.5	0.00094765719310574
4402.0	0.0005336290168620173
4402.5	0.00035573309219941895
4403.0	0.00025371090412712336
4403.5	0.0003667430279065311
4404.0	0.00022399051873601817
4404.5	0.00040437920655397516
4405.0	0.0005571911272563146
4405.5	0.0009469506988565341
4406.0	0.0017767642996392614
4406.5	0.003509681178823127
4407.0	0.0231082476041095
4407.5	0.004699718021160848
4408.0	0.0019646685941846955
4408.5	0.001133904853491222
4409.0	0.0006271036008044601
4409.5	0.0004017353011039818
4410.0	0.000419915316058569
4410.5	0.00021115964340676923
4411.0	0.0002111416420182758
4411.5	0.00032322819515546455
4412.0	0.0004228146408572012
4412.5	0.0008377390971746059
4413.0	0.0011544551770078751
4413.5	0.002035800869285816
4414.0	0.004356640783070772
4414.5	0.0679914051348015
4415.0	0.004522920152622077
4415.5	0.0026446136601797703
4416.0	0.0026339345281744214
4416.5	0.009140665139446932
4417.0	0.0017491518466392578
4417.5	0.0009938193431894857
4418.0	0.0006689906580066411
4418.5	0.0005261221921894611
4419.0	0.0005917678526733194
4419.5	0.0005918404739931512
4420.0	0.0007871290574193908
4420.5	0.0012433361043268486
4421.0	0.0020764173868863247
4421.5	0.004811939050975838
4422.0	0.02161571879290004
4422.5	0.0034919716468801904
4423.0	0.0017945513107168307
4423.5	0.000950287018786286
4424.0	0.0005541907476536765
4424.5	0.0003461622500372857
4425.0	0.00020605723200233845
4425.5	0.0002994633669192822
4426.0	0.0001676764420223022
4426.5	0.0002641622792321142
4427.0	0.0004618533216706454
4427.5	0.0007011689400372066
4428.0	0.0012381809969863194
4428.5	0.00225801735690318
4429.0	0.005725876411621104
4429.5	0.012466667913766698
4430.0	0.0031207673772376257
4430.5	0.0016416082793140451
4431.0	0.0010062676859747988
4431.5	0.0006947250845372115
4432.0	0.0007743405734017548
4432.5	0.0005323416510489605
4433.0	0.0006261687028726183
4433.5	0.0008947681020151945
4434.0	0.0017054338154470377
4434.5	0.0019984459195303782
4435.0	0.004691088122303858
4435.5	0.00359211950251295
4436.0	0.0035633781918325237
4436.5	0.007631616083284939
4437.0	0.009154884405136555
4437.5	0.0030401714878158397
4438.0	0.0016240247850885954
4438.5	0.0014054562370682288
4439.0	0.0006090520861170572
4439.5	0.0004052995785415885
4440.0	0.0003109075379522112
4440.5	0.00021626966585362682
4441.0	0.0003082927251672608
4441.5	0.0003217288730135708
4442.0	0.0004885037464155866
4442.5	0.0008760784571227264
4443.0	0.001393513499955893
4443.5	0.0027699947663042115
4444.0	0.009131373811010386
4444.5	0.006727993425236383
4445.0	0.0029433419457551907
4445.5	0.0012943658931357557
4446.0	0.0007235265738866041
4446.5	0.0005169625117757666
4447.0	0.0002607431540758265
4447.5	0.0003199955563150275
4448.0	0.00019746876059498032
4448.5	0.00024370356652725567
4449.0	0.0004013051695606728
4449.5	0.0006050158000295305
4450.0	0.0010463213960404249
4450.5	0.001648933808729688
4451.0	0.0033109208606781374
4451.5	0.012650583005312951
4452.0	0.006033479734260101
4452.5	0.002787536533429115
4453.0	0.0020697164491133256
4453.5	0.0026370033961197813
4454.0	0.005560879741124536
4454.5	0.0015353717164833742
4455.0	0.0009584510762471541
4455.5	0.0006721167004033649
4456.0	0.0005165326897840514
4456.5	0.0007128672082653245
4457.0	0.0007069513631716264
4457.5	0.001043418260789315
4458.0	0.0017668275022746564
4458.5	0.0034422170288890713
4459.0	0.019489732748729463
4459.5	0.00485707249079719
4460.0	0.0020853637828226828
4460.5	0.0011746838855614986
4461.0	0.0006397118061437563
4461.5	0.00040321199706234236
4462.0	0.00023540269993071333
4462.5	0.00017620873520891883
4463.0	0.000292557892901806
4463.5	0.0002685441507023359
4464.0	0.00033088989322193924
4464.5	0.0006071509013328428
4465.0	0.0009607660016428037
4465.5	0.0019319847147885063
4466.0	0.0038300384687684846
4466.5	0.04606566137749733
4467.0	0.004317874312279868
4467.5	0.0019176371633409302
4468.0	0.001206186316433241
4468.5	0.0007013873009028334
4469.0	0.000519118952593688
4469.5	0.0004720713811877014
4470.0	0.00042396980857345635
4470.5	0.0005468213373823489
4471.0	0.0007000252919860837
4471.5	0.0011420761770052383
4472.0	0.002927989053134557
4472.5	0.006961747614917514
4473.0	0.003735226437216869
4473.5	0.005214987092321767
4474.0	0.03766842756677592
4474.5	0.004173346572781513
4475.0	0.002036796676561108
4475.5	0.0011985391570163287
4476.0	0.0008480924650824154
4476.5	0.00045645747248120093
4477.0	0.0003780473364769302
4477.5	0.00026323553758002234
4478.0	0.00023662028365969737
4478.5	0.00055404448770637
4479.0	0.00042339064298161315
4479.5	0.000731606517149337
4480.0	0.0011561970709981731
4480.5	0.002153033725642689
4481.0	0.00511115802036562
4481.5	0.017570761456863357
4482.0	0.003361226581332597
4482.5	0.0016920321880470296
4483.0	0.0009694473395505756
4483.5	0.000630783499721158
4484.0	0.0004748289239732976
4484.5	0.00035612050091809474
4485.0	0.00047231931600067177
4485.5	0.0004258490632804632
4486.0	0.0008425559568172587
4486.5	0.0011259060649911861
4487.0	0.001002232308999138
4487.5	0.0018056240168705664
4488.0	0.002538862582508357
4488.5	0.006190989701598303
4489.0	0.01209726587459298
4489.5	0.0035211849236323573
4490.0	0.002255536096467747
4490.5	0.0019498492876240594
4491.0	0.003053432652860681
4491.5	0.0038225095674850862
4492.0	0.0016125128265317497
4492.5	0.001135116243062589
4493.0	0.0012624126147066073
4493.5	0.000989309375608084
4494.0	0.0011283422552814998
4494.5	0.0010813790514241667
4495.0	0.0015447658785842859
4495.5	0.002707953143588251
4496.0	0.00709458822485742
4496.5	0.009060932076253879
4497.0	0.002804972326063742
4497.5	0.0015023503504954028
4498.0	0.0008822964511699505
4498.5	0.00052077840600814
4499.0	0.0003796619218834107
4499.5	0.00021018716492838342
4500.0	0.00024648235841402314
4500.5	0.00028276006086974995
4501.0	0.0003251220480394819
4501.5	0.000504785699994998
4502.0	0.0008149796967710045
4502.5	0.0013976918021220619
4503.0	0.0031651643993642824
4503.5	0.008697590983276363
4504.0	0.007072477511175457
4504.5	0.002604596998065639
4505.0	0.0013447041874141109
4505.5	0.0009205045221883484
4506.0	0.0005578666863827776
4506.5	0.0004216822325939781
4507.0	0.00047503381992712715
4507.5	0.00041065057828682124
4508.0	0.0006384037840653101
4508.5	0.0008141513027510369
4509.0	0.0013088351368277897
4509.5	0.0025116190395390796
4510.0	0.011601086054469396
4510.5	0.004524650709958988
4511.0	0.012233467441541294
4511.5	0.006390677004797569
4512.0	0.002737136850598683
4512.5	0.0015891289847397637
4513.0	0.0008845282918779428
4513.5	0.000606220036039489
4514.0	0.00037703450085655154
4514.5	0.00029484810077667586
4515.0	0.00023537766036025912
4515.5	0.000239110746885556
4516.0	0.0004721726278163406
4516.5	0.0005400511342155525
4517.0	0.0009548348289027183
4517.5	0.0015920233267016743
4518.0	0.00330385147270133
4518.5	0.017842100448586497
4519.0	0.004989440587205056
4519.5	0.0021059272314323434
4520.0	0.001118099470356533
4520.5	0.0007023868725009507
4521.0	0.0004735847244139258
4521.5	0.00025835910375301827
4522.0	0.00020386250395363451
4522.5	0.0002272623318622549
4523.0	0.0002554187870599044
4523.5	0.0004119599431732493
4524.0	0.0006901954694058795
4524.5	0.0010455913132812573
4525.0	0.002028478234113207
4525.5	0.0038486790524635815
4526.0	0.03428349379892078
4526.5	0.0046966977950864365
4527.0	0.002342983113811441
4527.5	0.0019372052715129545
4528.0	0.0017411276908636257
4528.5	0.0037388253883350485
4529.0	0.0026498306617422857
4529.5	0.0011716933837689462
4530.0	0.0008437421222280273
4530.5	0.0006406833709443727
4531.0	0.0006785202456878036
4531.5	0.0008706901256960616
4532.0	0.0012468934203236108
4532.5	0.002025326639804745
4533.0	0.004315689376649514
4533.5	0.053056326770917366
4534.0	0.004036578437092335
4534.5	0.0018340260193787856
4535.0	0.0010689026139376928
4535.5	0.0006811738243331689
4536.0	0.0003970650906913363
4536.5	0.0013702884131256254
4537.0	0.00025385772900641396
4537.5	0.00035481948009680674
4538.0	0.0005821094879395764
4538.5	0.0010293122347876133
4539.0	0.0009644061895059806
4539.5	0.0012492767510997472
4540.0	0.0021532880951102354
4540.5	0.004847986172932503
4541.0	0.021022507801413768
4541.5	0.0035485487156865607
4542.0	0.001745264120911232
4542.5	0.0010138635652858622
4543.0	0.0007088502924383196
4543.5	0.0005310421325477448
4544.0	0.00039594844791583146
4544.5	0.0004492156623050784
4545.0	0.0004580733709820273
4545.5	0.0008306612795810369
4546.0	0.0009528769972985732
4546.5	0.0015689170618913885
4547.0	0.0030317452458069115
4547.5	0.007936188018592258
4548.0	0.0070581497081393515
4548.5	0.013741491351517572
4549.0	0.0036338612525856047
4549.5	0.0018704719451604068
4550.0	0.0011143852993436584
4550.5	0.0007716458966028556
4551.0	0.0004398858993636712
4551.5	0.00032445707626985057
4552.0	0.00026756009553069985
4552.5	0.00028361725805019206
4553.0	0.00034792832289301783
4553.5	0.0004830970682512745
4554.0	0.0007232159436039414
4554.5	0.0013492901185216365
4555.0	0.002374385812286888
4555.5	0.006504569458694219
4556.0	0.009616183907005348
4556.5	0.002773534650410307
4557.0	0.002035289321760988
4557.5	0.0008052030880410757
4558.0	0.0004899290458523817
4558.5	0.0003261131277577224
4559.0	0.0001861352334169284
4559.5	0.00028601082850597726
4560.0	0.0002011261016037376
4560.5	0.00036534653269333384
4561.0	0.0005255428231096242
4561.5	0.0008755926724283255
4562.0	0.0014777423504553375
4562.5	0.0027488222247262035
4563.0	0.008114257253463486
4563.5	0.007875821335051011
4564.0	0.002938335065879264
4564.5	0.0018328553010469994
4565.0	0.0015328062614109465
4565.5	0.001745152062726017
4566.0	0.006428808186084568
4566.5	0.001985896474052142
4567.0	0.0010279398051536413
4567.5	0.0007550095485472379
4568.0	0.000658379565763492
4568.5	0.001052435268426693
4569.0	0.0010072657358867138
4569.5	0.0016770158312368292
4570.0	0.0029895403759406664
4570.5	0.01021328492916368
4571.0	0.006412241199627104
4571.5	0.0023885896288512194
4572.0	0.0012972958805644638
4572.5	0.000761770035997236
4573.0	0.00048648367651965763
4573.5	0.00029005593080533564
4574.0	0.00019260730443628198
4574.5	0.0001492985653774072
4575.0	0.0003619062024327521
4575.5	0.00031196374154010586
4576.0	0.0005177840084281782
4576.5	0.0009348088494255493
4577.0	0.0015369850996162027
4577.5	0.003975802974515548
4578.0	0.01413402664716513
4578.5	0.00537834527448138
4579.0	0.0022219954013905125
4579.5	0.0012035989338676717
4580.0	0.0008655177298261424
4580.5	0.0005139808567197781
4581.0	0.0004485461971027297
4581.5	0.00038846052190274485
4582.0	0.00041922411774445914
4582.5	0.0005612524771459366
4583.0	0.0007736793220104052
4583.5	0.0011888632382465042
4584.0	0.0020457040044303625
4584.5	0.004293142069220899
4585.0	0.006640448329578549
4585.5	0.02502718833374067
4586.0	0.005297843110425618
4586.5	0.002846698441706624
4587.0	0.001468980201815884
4587.5	0.0009334875978174567
4588.0	0.0006765441206476029
4588.5	0.000462453820014152
4589.0	0.0005093026604312747
4589.5	0.0004023572154583928
4590.0	0.0006108595283276382
4590.5	0.001274297441817207
4591.0	0.0009333830060540479
4591.5	0.0012361856332685894
4592.0	0.0019486053301098292
4592.5	0.004104138626558886
4593.0	0.06408783111229144
4593.5	0.004227898074856461
4594.0	0.0020055323851201463
4594.5	0.0011593311887050917
4595.0	0.0007251384088341688
4595.5	0.0006219406843899211
4596.0	0.0004776491513544316
4596.5	0.0005662042906428433
4597.0	0.0009083437805879255
4597.5	0.0005708477221040208
4598.0	0.0006886811222548197
4598.5	0.000828132679460224
4599.0	0.0012629456134779372
4599.5	0.0022941642646852967
4600.0	0.00466774372161215
4600.5	0.03023579739862347
4601.0	0.003982724980605854
4601.5	0.002175151737107594
4602.0	0.0016782093998593223
4602.5	0.0014498566985315096
4603.0	0.002064294450167134
4603.5	0.007995875020667956
4604.0	0.0015826334520025838
4604.5	0.0009754999208678007
4605.0	0.0008139864785800994
4605.5	0.0007486650744505246
4606.0	0.0010395456490046185
4606.5	0.0013306714216052287
4607.0	0.002279378593757
4607.5	0.005233390481190141
4608.0	0.016194387452075378
4608.5	0.004373380472332348
4609.0	0.0016411460783610893
4609.5	0.0009979586421429007
4610.0	0.000559766998430682
4610.5	0.00034769726296428614
4611.0	0.0002759773954358481
4611.5	0.00016050434688069678
4612.0	0.00018689703163370967
4612.5	0.00028680633951786214
4613.0	0.00046144462269571697
4613.5	0.0007120164459558714
4614.0	0.0012459740218887586
4614.5	0.002288816180017169
4615.0	0.006107245541601671
4615.5	0.011158483127841193
4616.0	0.0029855858291042907
4616.5	0.0015640210728172178
4617.0	0.0008789138227425261
4617.5	0.0007018767030205734
4618.0	0.00039454819450543524
4618.5	0.0003617480483760613
4619.0	0.0003927743767459451
4619.5	0.00041932899354793897
4620.0	0.0006416119362766409
4620.5	0.00090529973000601
4621.0	0.0014855052880968784
4621.5	0.002771231281899662
4622.0	0.0076939434756642016
4622.5	0.009003927969780813
4623.0	0.00945531151407882
4623.5	0.003256965720789676
4624.0	0.001795170115238845
4624.5	0.0010874689026064877
4625.0	0.000662248411305355
4625.5	0.0006837508292204427
4626.0	0.00028984425787724125
4626.5	0.0002761673914133727
4627.0	0.00026581556775562455
4627.5	0.0003243088009680192
4628.0	0.0005740030098371684
4628.5	0.0007997342584045823
4629.0	0.0014382639497551313
4629.5	0.0027893932498437653
4630.0	0.008785898377194942
4630.5	0.00699605507993653
4631.0	0.0024752875124238118
4631.5	0.0012708229596565179
4632.0	0.0009105022944717949
4632.5	0.00045723569405181576
4633.0	0.00026431962289689227
4633.5	0.0002881345142549871
4634.0	0.0001622145238278859
4634.5	0.00028001068182789956
4635.0	0.0004785020546083834
4635.5	0.0005562984725091695
4636.0	0.0011528849296238268
4636.5	0.0015871571210632318
4637.0	0.0031706343755390836
4637.5	0.011664189802874375
4638.0	0.006148253018173506
4638.5	0.0026442175712690554
4639.0	0.0016784958213388699
4639.5	0.001354518754810767
4640.0	0.0015641173637793012
4640.5	0.0030771655069098806
4641.0	0.003112382479988964
4641.5	0.001403961332958366
4642.0	0.0010220920553850818
4642.5	0.0014535844384144924
4643.0	0.0012326860090232298
4643.5	0.0013069393376702828
4644.0	0.001914924143992521
4644.5	0.0035229504660260276
4645.0	0.016858818463777583
4645.5	0.005156448684990584
4646.0	0.002236930916857017
4646.5	0.0012743196418031218
4647.0	0.0007123404219115636
4647.5	0.00044895653200670863
4648.0	0.000268149017197236
4648.5	0.0002099045431043081
4649.0	0.00044331841841076274
4649.5	0.00026982232304160905
4650.0	0.00042185018195270186
4650.5	0.0005907247855451406
4651.0	0.0009414812801989571
4651.5	0.0019307802513600005
4652.0	0.0036538578287122416
4652.5	0.03072123637621219
4653.0	0.004516278176335329
4653.5	0.001947819895061354
4654.0	0.0012341937087508477
4654.5	0.000672192240535654
4655.0	0.0004722800867854472
4655.5	0.0003873484090427626
4656.0	0.00031402374990308096
4656.5	0.0004155948889672053
4657.0	0.0004996332645007187
4657.5	0.0007618399349372415
4658.0	0.0011971381235927553
4658.5	0.0019284028248276156
4659.0	0.0036844977542361667
4659.5	0.009856912128497788
4660.0	0.06340037278391988
4660.5	0.0047228673875185714
4661.0	0.002257332290272777
4661.5	0.00133649087955137
4662.0	0.000852667373726012
4662.5	0.0005227652837335083
4663.0	0.0004768990194102518
4663.5	0.0003185851934563699
4664.0	0.00030341443867357056
4664.5	0.00027995350319587277
4665.0	0.0004188665959548056
4665.5	0.0007069380916922915
4666.0	0.001079571973540409
4666.5	0.0020293848400284916
4667.0	0.004597889729932627
4667.5	0.024064832009287072
4668.0	0.0035469359707362433
4668.5	0.00168578486440644
4669.0	0.0009529866883512364
4669.5	0.0005541912939509875
4670.0	0.0003191125673661079
4670.5	0.00024354676384642074
4671.0	0.0001680810402874816
4671.5	0.00023207989664159493
4672.0	0.00030573528366846796
4672.5	0.00042696821586703503
4673.0	0.0008131992553243452
4673.5	0.0012151040406933687
4674.0	0.0023226475587626266
4674.5	0.00541462394964898
4675.0	0.014706443727639826
4675.5	0.0034714343504451575
4676.0	0.0018883768526683077
4676.5	0.0014753651093704413
4677.0	0.0013006087951949465
4677.5	0.0017876636941925805
4678.0	0.00886470298717659
4678.5	0.0018190176643466329
4679.0	0.001106145817378582
4679.5	0.0007874814055574018
4680.0	0.0007996498504559745
4680.5	0.0010052480895995366
4681.0	0.00146588280421622
4681.5	0.0026563543423801955
4682.0	0.006316221592522999
4682.5	0.01057897328556671
4683.0	0.0030112360740393836
4683.5	0.0014971152625611773
4684.0	0.0024776101285195105
4684.5	0.0005175830742999961
4685.0	0.00033581933477883606
4685.5	0.0002349636255793673
4686.0	0.00018335471796590309
4686.5	0.00045267755741594453
4687.0	0.0002721996058737475
4687.5	0.0005272482737242646
4688.0	0.0007731734975225999
4688.5	0.0013458863898725708
4689.0	0.0026421798507029652
4689.5	0.007369656059657837
4690.0	0.008325759859909309
4690.5	0.002732853969152519
4691.0	0.0014846097678863923
4691.5	0.0009782578328831324
4692.0	0.0006633909072992747
4692.5	0.0004982708139446665
4693.0	0.0004594544781377718
4693.5	0.0004737102049268619
4694.0	0.0006709618982595778
4694.5	0.0010771918582420377
4695.0	0.0016636078890555417
4695.5	0.0017583881214789253
4696.0	0.002724289611618337
4696.5	0.00664177903845504
4697.0	0.011457646892829
4697.5	0.007962206256396797
4698.0	0.0031365738097911084
4698.5	0.0018470273669394278
4699.0	0.001204774060828829
4699.5	0.0008432276061982763
4700.0	0.0008493806799300643
4700.5	0.0008017409657657328
4701.0	0.0008284543782476524
4701.5	0.0005435530778725846
4702.0	0.0005693563473484816
4702.5	0.0010078120868351177
4703.0	0.0009841366702554584
4703.5	0.0016038814431002123
4704.0	0.0030941018827541273
4704.5	0.011781479164551103
4705.0	0.006213983843038138
4705.5	0.002324199463197119
4706.0	0.0012391346996222163
4706.5	0.0007898250277095856
4707.0	0.0004324322479938139
4707.5	0.00042479411307215346
4708.0	0.00023863937152569898
4708.5	0.00022245166134116266
4709.0	0.0003572746968514862
4709.5	0.00037035637856364177
4710.0	0.0006909545037327524
4710.5	0.0009729639272369324
4711.0	0.001788104984703656
4711.5	0.0034291556666353473
4712.0	0.016942754345909687
4712.5	0.005304071942325659
4713.0	0.002404556563115732
4713.5	0.0016154155049872868
4714.0	0.0012626407896640644
4714.5	0.0014145310713957822
4715.0	0.0027752613411377585
4715.5	0.0033690950274301882
4716.0	0.0012889452570725177
4716.5	0.0008972389783553251
4717.0	0.000769166376814753
4717.5	0.0009241787469783996
4718.0	0.0011776904021240128
4718.5	0.0019240703695979817
4719.0	0.003809212342619005
4719.5	0.030680919644315525
4720.0	0.004576905976475784
4720.5	0.0019743661219178807
4721.0	0.0011936630540940322
4721.5	0.0006299803250365471
4722.0	0.0004102206370048824
4722.5	0.0002617632490671369
4723.0	0.00016326801642068284
4723.5	0.00022310533135568166
4724.0	0.00020514533868463486
4724.5	0.00039227475694270016
4725.0	0.0006035876401509265
4725.5	0.0010418153744587708
4726.0	0.001884786427745614
4726.5	0.004089498848649337
4727.0	0.06545878226784825
4727.5	0.004012718954739309
4728.0	0.0018180504190273027
4728.5	0.0011035355516441864
4729.0	0.0006538525219173976
4729.5	0.00043018527112125547
4730.0	0.0005719198075346266
4730.5	0.0003020432329102767
4731.0	0.0004937636484675481
4731.5	0.0005047334114395049
4732.0	0.0007797132398446666
4732.5	0.0012000318649403384
4733.0	0.0019491554218044782
4733.5	0.003929608635935281
4734.0	0.009920575851464896
4734.5	0.026767044054032237
4735.0	0.004274026020756958
4735.5	0.002212955400453204
4736.0	0.0013382193102157878
4736.5	0.0008474913908707095
4737.0	0.0005182589953609641
4737.5	0.00039196781406618063
4738.0	0.00027014352254113984
4738.5	0.0003265415716338825
4739.0	0.0003185611923132464
4739.5	0.00044365136014510556
4740.0	0.000757853337344611
4740.5	0.0011976218313994218
4741.0	0.0022747827878545207
4741.5	0.00517926459432223
4742.0	0.015426587303395675
4742.5	0.0032727275231877657
4743.0	0.0015968492904273116
4743.5	0.0009765941848507405
4744.0	0.0005564828626706283
4744.5	0.00040730028424900723
4745.0	0.0003012693669846509
4745.5	0.00030751137846316283
4746.0	0.0003812245670480542
4746.5	0.000591564401884177
4747.0	0.0012507555757781273
4747.5	0.001102488735980156
4748.0	0.001443535488091637
4748.5	0.00255273000517963
4749.0	0.006184485804849993
4749.5	0.011354122759884948
4750.0	0.00333011258311481
4750.5	0.0018613511145213885
4751.0	0.001508789692923829
4751.5	0.0013204614831327807
4752.0	0.0019713655184174224
4752.5	0.009435477741217453
4753.0	0.001613397597493494
4753.5	0.0010065849766899462
4754.0	0.0007712289662134249
4754.5	0.0008160711743510481
4755.0	0.0010705932384167795
4755.5	0.0015233600299259607
4756.0	0.0026480020389750792
4756.5	0.007149077726941393
4757.0	0.008777216254969872
4757.5	0.0028460346431297408
4758.0	0.0014139228136161928
4758.5	0.0008556682093894023
4759.0	0.0005014367345218391
4759.5	0.0002829111063833587
4760.0	0.00026013990239915274
4760.5	0.00013777745397040104
4761.0	0.00026691033088073614
4761.5	0.0003485271346677886
4762.0	0.0004798903506000973
4762.5	0.0008066663480452363
4763.0	0.0013769134999343856
4763.5	0.002708805264488297
4764.0	0.008458123961318143
4764.5	0.007189078186024684
4765.0	0.0025464535285759206
4765.5	0.0013748162699947044
4766.0	0.0008291137924164735
4766.5	0.0005658290069299199
4767.0	0.00036669488243030714
4767.5	0.00037950618191563484
4768.0	0.00038384497841653865
4768.5	0.0004940857063285025
4769.0	0.0006402317023844459
4769.5	0.0009681461314978497
4770.0	0.001636974652098939
4770.5	0.002837217538326985
4771.0	0.011070645650962543
4771.5	0.01233982388292997
4772.0	0.006937181856251847
4772.5	0.002861409461529654
4773.0	0.0015881290541013813
4773.5	0.0010043110937778053
4774.0	0.0006244090221080514
4774.5	0.0004884457438499953
4775.0	0.0003230552515203069
4775.5	0.0002718460289720185
4776.0	0.0002883645594993547
4776.5	0.0004025247742105758
4777.0	0.0005407101712345017
4777.5	0.0009593824082583525
4778.0	0.0015480717717502033
4778.5	0.0032226320832257566
4779.0	0.014399377547008053
4779.5	0.005289555936490286
4780.0	0.0021972415476396267
4780.5	0.0011251381657241366
4781.0	0.0008972405525617894
4781.5	0.0003841479534590425
4782.0	0.0002877101004008681
4782.5	0.00022340913143921405
4783.0	0.00018406168704840332
4783.5	0.00027796989074431195
4784.0	0.0003722472636567717
4784.5	0.0006120002464086753
4785.0	0.0010668733637570185
4785.5	0.001788510770582367
4786.0	0.0036571768292716195
4786.5	0.022750154920201042
4787.0	0.004917534110564157
4787.5	0.002572699926590266
4788.0	0.0015548814913585605
4788.5	0.0013960517957839515
4789.0	0.001680421843657793
4789.5	0.005773768047596474
4790.0	0.0021203735118529667
4790.5	0.0010488235039863895
4791.0	0.0008656401438084304
4791.5	0.0007511244105629167
4792.0	0.0009294764869040417
4792.5	0.0012640791789036675
4793.0	0.0019702739251343257
4793.5	0.0040315426576146745
4794.0	0.051428204373011654
4794.5	0.004292379121161248
4795.0	0.002010769347718939
4795.5	0.0011420342782439057
4796.0	0.0007185883504118963
4796.5	0.0005126743313272421
4797.0	0.00031677895201225807
4797.5	0.00037422056857003126
4798.0	0.0003131443560665294
4798.5	0.0004971090469964661
4799.0	0.0008979447409792141
4799.5	0.0010702290126999444
4800.0	0.0013403576002922097
4800.5	0.002097936605377471
4801.0	0.004505181163374581
4801.5	0.04082806961632513
4802.0	0.003974787038944973
4802.5	0.0019792730231733943
4803.0	0.001231207879852266
4803.5	0.0008951234886830806
4804.0	0.0007828017174530338
4804.5	0.000995975404269037
4805.0	0.0007913471264205805
4805.5	0.0006719873970156719
4806.0	0.0007497901911642979
4806.5	0.0010154644152579175
4807.0	0.0014437267128951812
4807.5	0.00244599744433205
4808.0	0.0061172660662341906
4808.5	0.007040744220763219
4809.0	0.021072738132092938
4809.5	0.004044507563628487
4810.0	0.0021590992237456004
4810.5	0.001230333191586936
4811.0	0.0008773484993276599
4811.5	0.000513523985289586
4812.0	0.00039337918952381457
4812.5	0.0003410226156072196
4813.0	0.00026704356701305414
4813.5	0.0003706226561254789
4814.0	0.0004901778897279666
4814.5	0.0007279735824816004
4815.0	0.0012562412565166258
4815.5	0.00222980714547135
4816.0	0.005454893247482245
4816.5	0.013605528098498885
4817.0	0.003120400525893724
4817.5	0.0016329732103514928
4818.0	0.0008620006849889563
4818.5	0.0005406081795418805
4819.0	0.00032898327179320505
4819.5	0.00020973377309051078
4820.0	0.00031500264943773925
4820.5	0.0001894799993521759
4821.0	0.00037823781104259015
4821.5	0.00047591306817554947
4822.0	0.000802230296692024
4822.5	0.0014366787496196466
4823.0	0.002459421532305585
4823.5	0.00642135356558155
4824.0	0.010520450692989075
4824.5	0.0032137655544668105
4825.0	0.0019777960354481062
4825.5	0.0015188550864766157
4826.0	0.0016156091577175216
4826.5	0.0037715063564661504
4827.0	0.0025252292807521576
4827.5	0.0012353316340797179
4828.0	0.000774088649905594
4828.5	0.000688426808244535
4829.0	0.0007750708322565399
4829.5	0.0009545622503146764
4830.0	0.0016244280075333277
4830.5	0.0026234720652033063
4831.0	0.0074219033546161365
4831.5	0.00836129632852456
4832.0	0.002708915590476822
4832.5	0.0015040909752945086
4833.0	0.0008135248766020277
4833.5	0.0005271301153237118
4834.0	0.0002796691448949455
4834.5	0.00022525900249178402
4835.0	0.00026002727575224837
4835.5	0.0002224551737978214
4836.0	0.00028466798710632133
4836.5	0.0004780425854775641
4837.0	0.0007833839748002409
4837.5	0.0015059141227769905
4838.0	0.0027255874757275054
4838.5	0.008797019295187966
4839.0	0.007016533025323407
4839.5	0.0025172455942756005
4840.0	0.0015158050462791308
4840.5	0.0008093354486120932
4841.0	0.0005771102834466228
4841.5	0.00040299724543311436
4842.0	0.00036700278384680355
4842.5	0.0005359993786059223
4843.0	0.0004986612379609909
4843.5	0.0007841188084279954
4844.0	0.0011280609220066908
4844.5	0.0019615414965480802
4845.0	0.004536681722402507
4845.5	0.005636193101782739
4846.0	0.01214549506128421
4846.5	0.006615534925427918
4847.0	0.0027287538569667493
4847.5	0.0017098058317330548
4848.0	0.0009788153841888544
4848.5	0.000651742203554053
4849.0	0.0005031903435919731
4849.5	0.00033742243518209894
4850.0	0.0005570188054771935
4850.5	0.0004033073757618596
4851.0	0.0007011104387137513
4851.5	0.0012498178185216613
4852.0	0.0011172210638689234
4852.5	0.0019907666692085208
4853.0	0.003310379855502488
4853.5	0.01496734058283714
4854.0	0.005283392798819493
4854.5	0.0022077209513238997
4855.0	0.0014113787625379568
4855.5	0.0007002377161091857
4856.0	0.0004336302282224049
4856.5	0.0002865389961717063
4857.0	0.00020874684076735973
4857.5	0.0005115239336982158
4858.0	0.0002890388782110308
4858.5	0.00039947808005758625
4859.0	0.0007385396994291118
4859.5	0.00101861843310355
4860.0	0.002306031466611166
4860.5	0.0036644609365218007
4861.0	0.023283264937333747
4861.5	0.004977250508288053
4862.0	0.002398505114251966
4862.5	0.0025007302927009508
4863.0	0.0017989163391119879
4863.5	0.003096468240995654
4864.0	0.0031441975749573184
4864.5	0.0012513367167944194
4865.0	0.002042159110396897
4865.5	0.0006580298171445744
4866.0	0.0006587594751543128
4866.5	0.000806894598202875
4867.0	0.0011687096999527466
4867.5	0.0033603658043561877
4868.0	0.003961860270740782
4868.5	0.051476957730537856
4869.0	0.004275723971550352
4869.5	0.0018810746312204433
4870.0	0.002102922615111082
4870.5	0.0005935000594489227
4871.0	0.0003878083574493654
4871.5	0.0002266836395368349
4872.0	0.00014702144395135314
4872.5	0.0010328710738953402
4873.0	0.00020039349885925107
4873.5	0.00038442549966903464
4874.0	0.000602811879171989
4874.5	0.0010693468544001458
4875.0	0.002537984198773452
4875.5	0.0042940526281368295
4876.0	0.042284437426506345
4876.5	0.0038528451500774077
4877.0	0.0017833689358846118
4877.5	0.00158574064096368
4878.0	0.00067217112857056
4878.5	0.00046635728799920064
4879.0	0.0004152819924174302
4879.5	0.00037781912075074463
4880.0	0.0009823907931290927
4880.5	0.0006433319837235205
4881.0	0.0010347364021502437
4881.5	0.0016514518195602772
4882.0	0.0037095266392680117
4882.5	0.00540690977035605
4883.0	0.005816965219856584
4883.5	0.02146870782153944
4884.0	0.0038694631797346305
4884.5	0.0019674301742359486
4885.0	0.0015042116946637207
4885.5	0.0007521215700959322
4886.0	0.0004879023107069823
4886.5	0.00036385288464238296
4887.0	0.00022095230153705003
4887.5	0.0005516587774945257
4888.0	0.00027825455676433545
4888.5	0.00044160436132441755
4889.0	0.0007072267355732803
4889.5	0.0011573646228169633
4890.0	0.002478733801626794
4890.5	0.00534733066231343
4891.0	0.014029541677805422
4891.5	0.0031639682145179976
4892.0	0.0016004605499603283
4892.5	0.0011074856878462301
4893.0	0.0005449345471244421
4893.5	0.00033610122205374274
4894.0	0.0002575738179555764
4894.5	0.00019853152330550215
4895.0	0.0004371231744654424
4895.5	0.00035898639213680116
4896.0	0.0005198626331559964
4896.5	0.0008871374308849226
4897.0	0.001371601647980039
4897.5	0.0027579167795146573
4898.0	0.00636950318507602
4898.5	0.010959197508611402
4899.0	0.003386194703658943
4899.5	0.0022122866203958132
4900.0	0.0020767043565897442
4900.5	0.0031800392993814597
4901.0	0.0033660174970693226
4901.5	0.0013760288276153912
4902.0	0.000956020016784956
4902.5	0.0009262856024339298
4903.0	0.0009092022160903048
4903.5	0.0014699126894635436
4904.0	0.0013256948187984365
4904.5	0.00165589014144066
4905.0	0.0029065996175530935
4905.5	0.00734278523190627
4906.0	0.00874405816444263
4906.5	0.0029219128121396325
4907.0	0.0015803106247380232
4907.5	0.001222572513295118
4908.0	0.0008850700159654312
4908.5	0.0009562786382506882
4909.0	0.0005311528129089899
4909.5	0.00037372361357463176
4910.0	0.0004487707388182269
4910.5	0.0004024078287743617
4911.0	0.0005665604045999665
4911.5	0.0008952974800597323
4912.0	0.001459084653482093
4912.5	0.0028511158855690022
4913.0	0.008700566707329431
4913.5	0.007224193501808285
4914.0	0.002653043638389485
4914.5	0.0013988666585248236
4915.0	0.001002046385371839
4915.5	0.0006022511640853661
4916.0	0.0004794477825577994
4916.5	0.0004534007134649576
4917.0	0.0005208825420823615
4917.5	0.0007574077373965842
4918.0	0.0009155226786451869
4918.5	0.0015773040805220828
4919.0	0.003456368816869934
4919.5	0.004481246764344107
4920.0	0.004088230081860721
4920.5	0.011159413399244127
4921.0	0.0065903639421888895
4921.5	0.0026561767486402155
4922.0	0.0014586980057323933
4922.5	0.0010231656786924205
4923.0	0.0005709435734235472
4923.5	0.00036037548792721216
4924.0	0.0003216186796296551
4924.5	0.0001990161962646123
4925.0	0.00041016298361640127
4925.5	0.00032654352146145333
4926.0	0.000552230398331769
4926.5	0.000933284354353234
4927.0	0.0015388641627267442
4927.5	0.003263455234327704
4928.0	0.01377777378520233
4928.5	0.005395165989903909
4929.0	0.0021658765590123895
4929.5	0.0012087887506414265
4930.0	0.000784740803822499
4930.5	0.0004528160736210019
4931.0	0.0002570499226323548
4931.5	0.0002252007354236936
4932.0	0.00019770707677809347
4932.5	0.0003822489212189981
4933.0	0.0003949763633506372
4933.5	0.0006395883857923531
4934.0	0.001080638261880593
4934.5	0.001788993049573022
4935.0	0.003822074211846453
4935.5	0.020510496288793034
4936.0	0.0052533466852751586
4936.5	0.002644283710541546
4937.0	0.002122203820922045
4937.5	0.003422216518802808
4938.0	0.0032890291739139403
4938.5	0.0013092660897856085
4939.0	0.0008130598570304577
4939.5	0.0006079559264904595
4940.0	0.0006416092487091741
4940.5	0.0006170189486663044
4941.0	0.0007324703660014839
4941.5	0.001220620393752693
4942.0	0.0018228534528063741
4942.5	0.003948686964697079
4943.0	0.03910048978225664
4943.5	0.004333075092216358
4944.0	0.0019524768188268946
4944.5	0.0010568087659280371
4945.0	0.0007962584871014428
4945.5	0.0003621146734261279
4946.0	0.0002828097262364897
4946.5	0.00016973866892423123
4947.0	0.00019551619750972238
4947.5	0.00039984045734851214
4948.0	0.0003623473679292135
4948.5	0.0006220600752425415
4949.0	0.0010458642972643757
4949.5	0.0018937476364727496
4950.0	0.004429687326745643
4950.5	0.057510768593385234
4951.0	0.003984756097294379
4951.5	0.0019370705758304
4952.0	0.0011049300019809545
4952.5	0.001078165504224183
4953.0	0.0005609401929697987
4953.5	0.0005191854992141782
4954.0	0.0005727843632469904
4954.5	0.0006907952936565208
4955.0	0.0014677783393605467
4955.5	0.0018257222700906108
4956.0	0.0038221508764026196
4956.5	0.004222592333456276
4957.0	0.0031827538745253145
4957.5	0.005886346385778824
4958.0	0.025531074565392078
4958.5	0.003910821127227764
4959.0	0.0019581793808370967
4959.5	0.0011549192441724125
4960.0	0.0016852969041439782
4960.5	0.0004955817031271813
4961.0	0.00031144730682601985
4961.5	0.00028890622042386987
4962.0	0.00021816743967491842
4962.5	0.001889301328377781
4963.0	0.00040768190117016357
4963.5	0.0006937424734122945
4964.0	0.0011510531002653973
4964.5	0.002102182964507806
4965.0	0.006207942095612929
4965.5	0.015787377577862076
4966.0	0.003430581268849831
4966.5	0.0015779525370049066
4967.0	0.0009274847226872986
4967.5	0.000998194742594269
4968.0	0.0003421756644219186
4968.5	0.00023298010379913713
4969.0	0.00020765468034274754
4969.5	0.0002215715981744614
4970.0	0.0006219261140060666
4970.5	0.0005481214969634403
4971.0	0.000821473743851291
4971.5	0.001453949744648916
4972.0	0.0024597523546625154
4972.5	0.006360231512729681
4973.0	0.012047533828931358
4973.5	0.0036315927519919252
4974.0	0.0025179704335311945
4974.5	0.003537507799231014
4975.0	0.0038725787348346465
4975.5	0.0013463009959654557
4976.0	0.0008632069536837122
4976.5	0.0005776172892665048
4977.0	0.0005463370402849158
4977.5	0.0010192763312832124
4978.0	0.0006376984079042803
4978.5	0.0008585383694512272
4979.0	0.0013924720809997684
4979.5	0.0024752071002400945
4980.0	0.006976992949427583
4980.5	0.009204462046668797
4981.0	0.002788710764619363
4981.5	0.0014487436084382023
4982.0	0.0007861662730669697
4982.5	0.0006767110331684729
4983.0	0.0002664508465972305
4983.5	0.00022855426807087166
4984.0	0.00016061436666162603
4984.5	0.0001960154941049872
4985.0	0.0003591554429545868
4985.5	0.00046489156821477156
4986.0	0.0007714704129027988
4986.5	0.00138007833162454
4987.0	0.0026364290152708757
4987.5	0.008038706649544551
4988.0	0.007803545112122174
4988.5	0.002620177052036405
4989.0	0.0014902686081205829
4989.5	0.0008789112027198778
4990.0	0.0007120278614766895
4990.5	0.0004924488573493816
4991.0	0.0005109088065114091
4991.5	0.0006084382457673777
4992.0	0.0008099240117451286
4992.5	0.0013765736372793155
4993.0	0.003163099846711599
4993.5	0.0037463866034039874
4994.0	0.0025179621774922513
4994.5	0.003485679380798456
4995.0	0.010197623172112483
4995.5	0.006805557007599668
4996.0	0.00260488945036508
4996.5	0.0014938566604656511
4997.0	0.0008518512327924294
4997.5	0.0006072904612333374
4998.0	0.00036464110821743
4998.5	0.000248372362961208
4999.0	0.00028307523254225486
4999.5	0.00023439077553960062
5000.0	0.0004435936484715177
