0	-inf
0.5	-25607128.180524662
1.0	-6380380.54194666
1.5	-2802451.382146184
2.0	-1533872.4913292436
2.5000000000000004	-939339.3571428178
3.0000000000000004	-610165.430047869
3.5000000000000004	-395873.5283853224
4.0	-353751.4638348404
4.5	-420227.20157214795
5.0	-464181.4494967998
5.5	-489574.82717181783
6.0	-500895.780115356
6.5	-502539.0478076283
7.0	-495632.24201630737
7.5	-479608.3826200453
8.0	-452683.71134172607
8.5	-413055.1686104818
9.0	-359143.20464725705
9.5	-300706.021224514
10.0	-282211.21089685935
10.5	-256211.9663485837
11.0	-216020.82545705186
11.5	-196046.51846335462
12.0	-206414.75185440868
12.5	-212317.60245647692
13.0	-215492.43021428253
13.5	-217066.8241918839
14.0	-217767.8429215466
14.5	-217932.80681975387
15.0	-217834.31263198744
15.5	-217467.9181910546
16.0	-216609.77121383586
16.5	-214845.98061504634
17.0	-211372.52476601696
17.5	-204969.0906594006
18.0	-193538.76746811412
18.5	-170632.72054467374
19.0	-153633.67796411557
19.5	-154797.10066561977
20.0	-155355.95596774097
20.5	-155542.71575874605
21.0	-155552.65223577697
21.5	-155449.1728003192
22.0	-155249.0335379458
22.5	-154896.7008832076
23.0	-154246.20419834126
23.5	-153139.24243921257
24.0	-151236.42851146375
24.5	-148097.59431190373
25.0	-143134.5421960924
25.5	-135251.98341384655
26.0	-120067.66686119128
26.5	-112112.59120103744
27.0	-111840.7317214016
27.5	-110872.1974657343
28.0	-106936.36097608044
28.5	-106286.59985538814
29.0	-106223.47977204139
29.5	-106142.99357407277
30.0	-105998.32941115816
30.5	-105776.61654414193
31.0	-105443.26030232177
31.5	-104899.1062610437
32.0	-104029.67572738105
32.50000000000001	-102572.7692069361
33.00000000000001	-99929.28974883922
33.50000000000001	-91971.65251889848
34.00000000000001	-88799.64532804494
34.50000000000001	-88746.12406291037
35.00000000000001	-88728.11935096097
35.50000000000001	-88711.06627960179
36.00000000000001	-88697.79617995182
36.50000000000001	-88676.33675205287
37.00000000000001	-88654.1714345223
37.50000000000001	-88615.36713133602
38.00000000000001	-88534.32598242577
38.50000000000001	-88373.51808059402
39.00000000000001	-88060.27684870847
39.50000000000001	-87485.37851034683
40.00000000000001	-86446.19925387857
40.50000000000001	-84467.96107369922
41.00000000000001	-77521.98264174287
41.50000000000001	-76248.98590872597
42.00000000000001	-76050.04160491316
42.50000000000001	-75930.88555372904
43.00000000000001	-75824.5428875727
43.50000000000001	-75710.67928458304
44.00000000000001	-75565.33948729323
44.50000000000001	-75361.9321216189
45.00000000000001	-75057.4734154895
45.50000000000001	-74587.74662152362
46.00000000000001	-73811.79500053148
46.50000000000001	-71932.92014838792
47.00000000000001	-70226.27338154343
47.50000000000001	-69233.80057008109
48.00000000000001	-67733.36081417702
48.50000000000001	-63074.708271724594
49.00000000000001	-62598.06073090407
49.50000000000001	-62516.97421487105
50.00000000000001	-62454.621863432025
50.50000000000001	-62381.28124265926
51.00000000000001	-62275.94601524973
51.50000000000001	-62074.94468921075
52.00000000000001	-61834.54832989298
52.50000000000001	-61699.44777115375
53.00000000000001	-61589.67730694572
53.50000000000001	-61460.45358755471
54.00000000000001	-61275.90082854556
54.50000000000001	-60985.85748400118
55.00000000000001	-60487.4850304904
55.50000000000001	-59500.517449708066
56.00000000000001	-55979.435892028145
56.50000000000001	-55522.7622435062
57.00000000000001	-55384.91899656311
57.50000000000001	-55312.153850852315
58.00000000000001	-55269.10344984184
58.50000000000001	-55236.70160032306
59.00000000000001	-55211.47109161248
59.50000000000001	-55184.65876816358
60.00000000000001	-55146.29442431108
60.50000000000001	-55086.225870759714
61.00000000000001	-54982.704089003266
61.50000000000001	-54808.63019342577
62.00000000000001	-54514.46044918226
62.50000000000001	-54012.03109088306
63.00000000000001	-53023.91979588465
63.50000000000001	-50118.18471761173
64.0	-49713.82289876243
64.5	-49448.07252529261
65.0	-48996.70461527451
65.5	-48203.671412870994
66.0	-48058.292158125
66.5	-47980.89278318893
67.0	-47923.38263321578
67.5	-47873.19546009878
68.0	-47819.72289796626
68.5	-47746.61379648946
69.0	-47637.7370426172
69.5	-47463.343853748
70.0	-47156.12228369676
70.5	-46483.284466316945
71.0	-44389.72052162436
71.5	-44145.92721443982
72.0	-44050.89491963593
72.5	-43999.23883665643
73.0	-43970.469342163604
73.5	-43951.563977874284
74.0	-43938.079166312
74.5	-43926.93808139699
75.0	-43911.49697800441
75.5	-43884.411306510396
76.0	-43833.63813094658
76.5	-43743.55021483699
77.0	-43583.07639366133
77.5	-43288.844734930026
78.0	-42617.768537613825
78.5	-40855.48095400401
79.00000000000001	-40574.17213465697
79.50000000000001	-40421.33208982375
80.00000000000001	-40343.944563996076
80.50000000000001	-40289.52703143996
81.00000000000001	-40241.94878803254
81.50000000000001	-40192.951752046734
82.00000000000001	-40131.58487609279
82.50000000000001	-40045.67836180959
83.00000000000001	-39911.570686590974
83.50000000000001	-39649.90060401854
84.00000000000001	-38977.79668183731
84.50000000000001	-38713.78000909177
85.00000000000001	-38422.85591514575
85.50000000000001	-37818.7351812259
86.00000000000001	-36531.92996163101
86.50000000000001	-36391.97930778089
87.00000000000001	-36327.32452403219
87.50000000000001	-36289.26519765928
88.00000000000001	-36266.32840582552
88.50000000000001	-36251.58711526775
89.00000000000001	-36240.97567181256
89.50000000000001	-36233.54735688688
90.00000000000001	-36225.699850120785
90.50000000000001	-36211.97813268878
91.00000000000001	-36185.48632024983
91.50000000000001	-36136.20118821233
92.00000000000001	-36044.28666318932
92.50000000000001	-35859.23975205941
93.00000000000001	-35312.57058695225
93.50000000000001	-34258.05240505812
94.00000000000001	-34128.05566826372
94.50000000000001	-34067.34619651171
95.00000000000001	-34034.33290202166
95.50000000000001	-34014.88731524702
96.00000000000001	-34003.0404182535
96.50000000000001	-33995.811727264234
97.00000000000001	-33989.38670801362
97.50000000000001	-33978.98516919709
98.00000000000001	-33959.63964819832
98.50000000000001	-33923.94973484784
99.00000000000001	-33859.87249043389
99.50000000000001	-33746.61237660135
100.00000000000001	-33532.98371278571
100.50000000000001	-32853.542054471465
101.00000000000001	-32050.350005320655
101.50000000000001	-31900.72953766392
102.00000000000001	-31757.153804049016
102.50000000000001	-31369.158451298947
103.00000000000001	-31241.496411977598
103.50000000000001	-31188.13397517638
104.00000000000001	-31154.883404813063
104.50000000000001	-31130.534381021662
105.00000000000001	-31110.474388025457
105.50000000000001	-31087.712128417188
106.00000000000001	-31056.225200729685
106.50000000000001	-31008.497068291872
107.00000000000001	-30927.019468794308
107.50000000000001	-30766.55722401394
108.00000000000001	-30003.7789018781
108.50000000000001	-29592.076943210257
109.00000000000001	-29508.791829433674
109.50000000000001	-29467.33591541519
110.00000000000001	-29445.246303475265
110.50000000000001	-29432.83545521133
111.00000000000001	-29426.020511589908
111.50000000000001	-29423.03080740684
112.00000000000001	-29421.44011115748
112.50000000000001	-29418.047925444196
113.00000000000001	-29408.605858376694
113.50000000000001	-29388.839827156866
114.00000000000001	-29350.01462898137
114.50000000000001	-29274.542232867516
115.00000000000001	-29117.10130681836
115.50000000000001	-28317.888869176382
116.00000000000001	-28062.074661066657
116.50000000000001	-27988.153985187804
117.00000000000001	-27948.182447302577
117.50000000000001	-27922.215261507306
118.00000000000001	-27901.777448427572
118.50000000000001	-27882.953145730535
119.00000000000001	-27861.590393156086
119.50000000000001	-27831.51374322759
120.00000000000001	-27785.86027785855
120.50000000000001	-27704.20140425518
121.00000000000001	-27432.36706333659
121.50000000000001	-27242.58773558949
122.00000000000001	-27122.92975055777
122.50000000000001	-26943.868743983887
123.00000000000001	-26210.050913488878
123.50000000000001	-26042.23218669261
124.00000000000001	-25985.637372802157
124.50000000000001	-25954.426121345554
125.00000000000001	-25936.04444892738
125.50000000000001	-25924.219131316924
126.00000000000001	-25916.237303970323
126.50000000000001	-25910.289036622456
127.00000000000001	-25904.725563110936
127.50000000000001	-25897.335150747447
128.0	-25883.52535752283
128.5	-25860.816041576192
129.0	-25821.354842097142
129.5	-25749.39813241309
130.0	-25595.927587292135
130.5	-24929.05098364324
131.0	-24790.34557045649
131.5	-24718.025678024107
132.0	-24664.575016380582
132.5	-24640.42982512754
133.0	-24625.380281200218
133.5	-24615.45502457464
134.0	-24607.391614628028
134.5	-24598.87273719499
135.0	-24586.73140018444
135.5	-24568.477411990196
136.0	-24539.246177084595
136.5	-24491.00066609056
137.0	-24408.67901054426
137.5	-24236.613289287783
138.0	-23622.100215069036
138.5	-23502.333471460013
139.0	-23426.272782964174
139.5	-23298.68214563164
140.0	-23123.067075521652
140.5	-23082.232107037857
141.0	-23059.250016088503
141.5	-23043.004380336704
142.0	-23030.21082202457
142.5	-23017.08684565918
143.0	-23000.52648023678
143.5	-22977.255839970054
144.0	-22940.946319840514
144.5	-22877.035237073076
145.0	-22729.5907380427
145.5	-22216.381450171033
146.0	-22138.894425413913
146.5	-22105.965615504934
147.0	-22088.58283140036
147.5	-22078.40952694453
148.0	-22071.91111232359
148.5	-22067.770975302243
149.0	-22064.45154282391
149.5	-22060.322155312795
150.0	-22052.897781862473
150.5	-22040.478372826125
151.0	-22019.530713093536
151.5	-21982.680341219315
152.0	-21916.11108808847
152.5	-21754.47226381624
153.0	-21290.367212992674
153.5	-21218.134724784148
154.0	-21177.965749609244
154.5	-21142.18183299517
155.0	-21099.555332867418
155.5	-21071.05977320486
156.0	-21049.731292351455
156.5	-21027.877215584926
157.0	-21001.264301677733
157.5	-20961.81260999665
158.0	-20883.739432373288
158.5	-20701.464268642532
159.0	-20631.19159337639
159.5	-20552.28694290212
160.0	-20378.952803884447
160.5	-19996.40755103135
161.0	-19943.80983407183
161.5	-19918.55656848884
162.0	-19903.80070475138
162.5	-19894.788650461564
163.0	-19889.059883705177
163.5	-19885.142249325912
164.0	-19882.55103234222
164.5	-19879.332117245744
165.0	-19873.85609189143
165.5	-19865.01375186735
166.0	-19849.625103824434
166.5	-19821.880942999418
167.0	-19766.83891431812
167.5	-19590.427423163565
168.0	-19270.389379141106
168.5	-19225.942260176533
169.0	-19205.283086315805
169.5	-19193.748593427077
170.0	-19186.71821765575
170.5	-19182.526918749045
171.0	-19179.75520303168
171.5	-19176.958830764004
172.0	-19172.514100019358
172.5	-19165.347614182298
173.0	-19153.227740489303
173.5	-19132.454554761865
174.0	-19097.375666909997
174.5	-19031.21233019589
175.0	-18783.222726961478
175.5	-18545.55121506509
176.0	-18490.497538896525
176.5	-18436.32833109307
177.0	-18299.98798825543
177.5	-18259.408061163598
178.0	-18240.491337196218
178.5	-18228.028848306756
179.0	-18218.944905425167
179.5	-18210.625399437486
180.0	-18201.14680035076
180.5	-18188.820655843552
181.0	-18170.67008698795
181.5	-18140.92181787183
182.0	-18083.006070062303
182.5	-17792.451425848794
183.0	-17664.31920648988
183.5	-17628.007526700127
184.0	-17601.12488547145
184.5	-17575.948160367596
185.0	-17565.232343304095
185.5	-17559.26875755152
186.0	-17555.64650350186
186.5	-17552.9876185813
187.0	-17549.286253924638
187.5	-17544.15797650843
188.0	-17535.682351018197
188.5	-17520.740259674607
189.0	-17493.78638051425
189.5	-17437.78461619961
190.0	-17143.74724928645
190.5	-17053.891816301297
191.0	-17025.10748905724
191.5	-17009.281501435322
192.0	-16998.545046684223
192.5	-16990.608303259774
193.0	-16983.467248697467
193.5	-16975.504854114875
194.0	-16964.413057093843
194.5	-16947.542179534048
195.0	-16916.901331412468
195.5	-16807.066948535936
196.0	-16748.87027914389
196.5	-16706.635013611805
197.0	-16641.333387717412
197.5	-16359.159597433734
198.0	-16291.552538907814
198.5	-16266.736067328178
199.0	-16253.021839762529
199.5	-16245.08456004472
200.0	-16240.534361655105
200.5	-16237.639625303269
201.0	-16236.201216826352
201.5	-16234.92786695906
202.0	-16232.935884166944
202.5	-16229.354695326849
203.0	-16222.844687826104
203.5	-16210.670934527809
204.0	-16186.585930042467
204.5	-16131.45234254514
205.0	-15868.943868244574
205.5	-15815.055237111688
206.0	-15794.507491335416
206.5	-15783.768236584117
207.0	-15777.685562921533
207.5	-15774.279754790745
208.0	-15772.46979811079
208.5	-15771.373127933077
209.0	-15769.429647493134
209.5	-15766.41336420118
210.0	-15761.17165545994
210.5	-15751.604570614241
211.0	-15735.09168422126
211.5	-15704.982237124232
212.0	-15637.963270020677
212.5	-15382.71159194729
213.0	-15329.573591118959
213.5	-15295.065334457213
214.0	-15226.941908497263
214.5	-15162.930204167646
215.0	-15145.383175079422
215.5	-15135.389372492638
216.0	-15128.73774196062
216.5	-15123.483433935327
217.0	-15118.578340737562
217.5	-15112.379971527216
218.0	-15103.799909487014
218.5	-15089.984949896429
219.0	-15064.311260643872
219.5	-15001.64921704296
220.0	-14778.047426816393
220.5	-14742.160777461555
221.0	-14726.574051399455
221.5	-14718.298714223603
222.0	-14713.806667742732
222.5	-14711.353679350705
223.0	-14710.449528480129
223.5	-14709.84519970227
224.0	-14708.854820801114
224.5	-14707.090958154246
225.0	-14703.534180102582
225.5	-14696.409370874739
226.0	-14683.05280260946
226.5	-14657.219624168174
227.0	-14587.472108647951
227.50000000000003	-14381.761790738867
228.00000000000003	-14350.345171501633
228.50000000000003	-14334.973499180534
229.00000000000003	-14325.63997136855
229.50000000000003	-14319.097578951323
230.00000000000003	-14313.477453474692
230.50000000000003	-14307.849955559768
231.00000000000003	-14300.717698436634
231.50000000000003	-14290.336621760292
232.00000000000003	-14273.38369851173
232.50000000000003	-14235.023996026488
233.00000000000003	-14154.809945590752
233.50000000000003	-14123.637800359542
234.00000000000003	-14087.3681525985
234.50000000000003	-14002.969835101585
235.00000000000003	-13822.261789067368
235.50000000000003	-13793.746438234879
236.00000000000003	-13777.755005853362
236.50000000000003	-13763.520612489023
237.00000000000003	-13748.245393955847
237.50000000000003	-13741.77357592195
238.00000000000003	-13737.792521148334
238.50000000000003	-13734.911225372985
239.00000000000003	-13732.323369748716
239.50000000000003	-13728.919131990564
240.00000000000003	-13724.070413143476
240.50000000000003	-13716.42434670649
241.00000000000003	-13702.648378237027
241.50000000000003	-13676.153309943795
242.00000000000003	-13584.532295925264
242.50000000000003	-13436.26910879824
243.00000000000003	-13414.056535192774
243.50000000000003	-13403.23396652862
244.00000000000003	-13397.143271462768
244.50000000000003	-13393.446367253417
245.00000000000003	-13391.197424805334
245.50000000000003	-13389.723878316547
246.00000000000003	-13387.770142227098
246.50000000000003	-13385.340550721106
247.00000000000003	-13381.642760433118
247.50000000000003	-13375.389053806946
248.00000000000003	-13365.282153071505
248.50000000000003	-13348.095683751806
249.00000000000003	-13315.856178150998
249.50000000000003	-13177.944854011883
250.00000000000003	-13076.296003444797
250.50000000000003	-13047.586614591768
251.00000000000003	-13017.685952590544
251.50000000000003	-12949.022650006698
252.00000000000003	-12929.876340571613
252.50000000000003	-12919.992933694313
253.00000000000003	-12913.46087726194
253.50000000000003	-12908.368823784298
254.00000000000003	-12903.539645897294
254.50000000000003	-12898.153526624223
255.00000000000003	-12891.376757578262
255.50000000000003	-12881.34952504654
256.0	-12865.026072800052
256.5	-12834.363424454594
257.0	-12680.340109123239
257.5	-12616.170028831124
258.0	-12589.978073883643
258.5	-12574.872873900391
259.0	-12566.649206224736
259.5	-12561.753785045059
260.0	-12558.81467653692
260.5	-12556.618421924275
261.0	-12554.649042273935
261.5	-12552.508375904268
262.0	-12549.637844202347
262.5	-12544.799279009152
263.0	-12536.728758549727
263.5	-12522.603219337641
264.0	-12493.317297352209
264.5	-12339.786516735292
265.0	-12295.079868086083
265.5	-12279.604376171848
266.0	-12270.841434834898
266.5	-12265.129593968217
267.0	-12260.858781889876
267.5	-12256.771125031131
268.0	-12252.152755467048
268.5	-12246.066637369599
269.0	-12236.64746254758
269.5	-12219.409203455107
270.0	-12159.709710963583
270.5	-12132.273610304406
271.0	-12110.268865615177
271.5	-12075.832180077328
272.0	-11926.022531374221
272.5	-11890.443144163039
273.0	-11876.73252463193
273.5	-11869.34976970002
274.0	-11864.900776230335
274.5	-11862.2815293286
275.0	-11860.87630602462
275.5	-11859.801127461926
276.0	-11858.819577019032
276.5	-11857.579437073866
277.0	-11855.501303731846
277.5	-11851.609355068409
278.0	-11844.530315543863
278.5	-11831.369574067852
279.0	-11800.887114186022
279.5	-11659.367197473388
280.0	-11630.947537851447
280.5	-11619.578918995427
281.0	-11613.50054964888
281.5	-11610.058410853888
282.0	-11608.142264837054
282.5	-11606.726502709334
283.0	-11605.523332872579
283.5	-11604.141408801579
284.0	-11601.902719727905
284.5	-11598.333353082031
285.0	-11592.507015086921
285.5	-11582.69961019289
286.0	-11565.319683507689
286.5	-11527.375766889614
287.0	-11387.688608031334
287.5	-11357.442290139921
288.0	-11336.129907165143
288.5	-11289.798915020861
289.0	-11257.173561361164
289.5	-11240.367960918004
290.0	-11232.182637707809
290.5	-11227.026948663666
291.0	-11222.900145400174
291.5	-11219.255068149663
292.0	-11215.302982545558
292.5	-11209.90535389416
293.0	-11201.564556867412
293.5	-11187.015277805003
294.0	-11151.290044910607
294.5	-11027.745350196505
295.0	-11007.719177995954
295.5	-10998.885288630148
296.0	-10994.070050209932
296.5	-10991.429307545492
297.0	-10990.158313844444
297.5	-10989.46041328416
298.0	-10988.925795293308
298.5	-10988.401760884062
299.0	-10987.465810903223
299.5	-10985.440881850758
300.0	-10981.479717358165
300.5	-10974.210896710856
301.0	-10959.933470549631
301.5	-10919.802787626468
302.0	-10805.910502550772
302.5	-10788.19704572432
303.0	-10779.473363054582
303.5	-10774.288193790138
304.0	-10770.7569094638
304.5	-10767.914256936063
305.0	-10764.864758913018
305.5	-10761.161212520787
306.0	-10755.795951242526
306.5	-10746.541206877506
307.0	-10722.893825656063
307.5	-10680.731678417138
308.0	-10664.449321258775
308.5	-10644.993363356496
309.0	-10595.23289657265
309.5	-10495.311130247383
310.0	-10479.455657184959
310.5	-10471.661799254869
311.0	-10467.291326809458
311.5	-10464.683902779407
312.0	-10463.282018113256
312.5	-10462.467458550405
313.0	-10461.934001014153
313.5	-10461.267728325598
314.0	-10460.262592588093
314.5	-10458.412172490287
315.0	-10454.523006849011
315.5	-10447.367257093269
316.0	-10432.740491737446
316.5	-10371.09129388626
317.0	-10293.631344922418
317.5	-10280.681570461518
318.0	-10274.502488929687
318.5	-10271.01183622495
319.0	-10269.150129993508
319.5	-10268.19472294015
320.0	-10267.493711764753
320.5	-10266.771553891294
321.0	-10265.79814291352
321.5	-10264.136288435438
322.0	-10261.00714814977
322.5	-10255.611556395164
323.0	-10246.224180248497
323.5	-10227.889119365587
324.0	-10136.452276261329
324.5	-10087.242214629541
325.0	-10070.08001390796
325.5	-10051.366775461747
326.0	-10011.032014677121
326.5	-10000.423286176865
327.0	-9994.971080131334
327.5	-9991.442873145324
328.0	-9988.938216482424
328.5	-9986.788399624367
329.0	-9984.375851477682
329.5	-9981.235435634799
330.0	-9976.391056613798
330.5	-9968.051634478574
331.0	-9951.208144760187
331.5	-9857.325065883413
332.0	-9825.332144865488
332.5	-9815.284768401703
333.0	-9810.228232578838
333.5	-9807.500647104916
334.0	-9805.968099509839
334.5	-9805.11618315775
335.0	-9804.615495487662
335.5	-9804.134504230464
336.0	-9803.294774536882
336.5	-9801.911057349727
337.0	-9799.301867946615
337.5	-9794.454500769183
338.0	-9785.718422413975
338.5	-9767.280807447321
339.0	-9671.440073597125
339.5	-9645.56077293295
340.0	-9635.583408343995
340.5	-9629.507906039966
341.0	-9624.628348268137
341.5	-9619.355685027853
342.0	-9611.1775976102
342.5	-9605.974196779718
343.0	-9600.839008356259
343.5	-9594.099138040667
344.0	-9582.41632981447
344.5	-9544.292275329764
345.0	-9528.165440249606
345.5	-9514.354282607172
346.0	-9492.017434147569
346.5	-9398.35848152024
347.0	-9377.432906621392
347.5	-9368.910767569721
348.0	-9364.063546140096
348.5	-9361.201409129162
349.0	-9359.541795423893
349.5	-9358.377945449525
350.0	-9357.50767053331
350.5	-9356.750669958146
351.0	-9355.799416423013
351.5	-9354.19094169977
352.0	-9351.416507963217
352.5	-9346.657781873057
353.0	-9337.832269419356
353.5	-9317.346420522388
354.0	-9228.809914891179
354.5	-9211.931060437812
355.0	-9204.73173068051
355.5	-9200.782464300233
356.0	-9198.416888563772
356.5	-9196.843918847037
357.0	-9195.519850744984
357.5	-9194.287278287671
358.0	-9192.802854771251
358.5	-9190.609989433184
359.0	-9187.439980780258
359.5	-9182.418072298846
360.0	-9174.258892346
360.5	-9159.916808826301
361.0	-9129.293788403043
361.5	-9039.587660057277
362.0	-9020.017354899466
362.5	-9005.994879112875
363.0	-8974.676987744217
363.5	-8958.628093046893
364.0	-8952.385724063797
364.5	-8948.525783452787
365.0	-8945.794850214468
365.5	-8943.51407487434
366.0	-8941.37970296655
366.5	-8938.94641905488
367.0	-8935.405983730874
367.5	-8929.978548136578
368.0	-8920.39105647291
368.5	-8895.455244585795
369.0	-8818.317741344612
369.5	-8806.16077832124
370.0	-8800.682312694773
370.5	-8797.645207568155
371.0	-8796.002441692739
371.5	-8795.160819095072
372.0	-8794.6583603557
372.5	-8794.265420042218
373.0	-8793.849758476861
373.5	-8793.158396769933
374.0	-8791.654515549926
374.5	-8788.906445423414
375.0	-8783.966810013886
375.5	-8774.301511431275
376.0	-8745.092085877815
376.5	-8674.885694844192
377.0	-8663.99988085635
377.5	-8658.491336579322
378.0	-8655.156510217024
378.5	-8652.855516836136
379.0	-8650.906792968042
379.5	-8648.806949119802
380.0	-8646.246391300696
380.5	-8642.573472258111
381.0	-8636.220569986835
381.5	-8618.369004018266
382.0	-8593.17496353052
382.5	-8582.690094997884
383.0	-8569.610809824973
383.5	-8530.795676983797
384.0	-8472.169824705876
384.5	-8462.206118397497
385.0	-8457.18518739536
385.5	-8454.319559978914
386.0	-8452.647037357725
386.5	-8451.570198183677
387.0	-8450.903885749614
387.5	-8450.439434266003
388.0	-8449.781208207196
388.5	-8448.900643383182
389.0	-8447.26285737743
389.5	-8444.366490176102
390.0	-8439.122158660168
390.5	-8428.627383934652
391.0	-8373.654288725347
391.5	-8336.988581352598
392.0	-8328.535797315599
392.5	-8324.103999033705
393.0	-8321.2772174167
393.5	-8319.110219535896
394.0	-8316.542073550761
394.5	-8311.798355903817
395.0	-8309.256824705672
395.5	-8307.497613968204
396.0	-8305.626438960118
396.5	-8302.90950323873
397.0	-8298.76617246145
397.5	-8292.019803354493
398.0	-8279.192306517742
398.5	-8213.487463729683
399.0	-8186.680943313338
399.5	-8175.404144399781
400.0	-8162.294735100651
400.5	-8136.1255652714135
401.0	-8129.405280505453
401.5	-8125.852835615214
402.0	-8123.488017220285
402.5	-8121.794525700061
403.0	-8120.3575251336515
403.5	-8118.794952382325
404.0	-8116.610737392431
404.5	-8113.33018939195
405.0	-8107.76716528322
405.5	-8096.063040886347
406.0	-8031.652242003095
406.5	-8013.130276026822
407.0	-8006.774858203922
407.5	-8003.542571548871
408.0	-8001.830148975065
408.5	-8001.013621137561
409.0	-8000.513003023766
409.5	-8000.302170861681
410.0	-8000.164394554457
410.5	-7999.831022707305
411.0	-7999.093341430333
411.5	-7997.541700545223
412.0	-7994.665076117696
412.5	-7989.072783046031
413.0	-7976.596215365896
413.5	-7912.152136620041
414.0	-7896.803883539886
414.5	-7890.768524631419
415.0	-7887.394791208077
415.5	-7885.255356807064
416.0	-7883.578897731991
416.5	-7882.024244869303
417.0	-7880.288173976429
417.5	-7877.8413053840495
418.0	-7873.995852241643
418.5	-7866.3781012495065
419.0	-7841.143614251767
419.5	-7831.086421539964
420.0	-7822.0988905297645
420.5	-7806.6791267106455
421.0	-7743.3385021082795
421.5	-7730.194110760141
422.0	-7724.607884307392
422.5	-7721.58120754842
423.0	-7719.8037160391905
423.5	-7718.805588181603
424.0	-7718.260488774296
424.5	-7717.892668490351
425.0	-7717.587356231534
425.5	-7717.173860497162
426.0	-7716.355857155206
426.5	-7714.685369753035
427.0	-7711.668226094002
427.5	-7705.861936602802
428.0	-7691.188956725182
428.5	-7631.389209815703
429.0	-7620.772020318151
429.5	-7616.2627468607525
430.0	-7613.839321721314
430.5	-7612.5460401859955
431.0	-7611.829424332032
431.5	-7611.317086505744
432.0	-7610.924285140912
432.5	-7610.451316244081
433.0	-7609.705380164389
433.5	-7608.248441047938
434.0	-7605.818612931358
434.5	-7601.74142502189
435.0	-7594.181508722566
435.5	-7575.694372935078
436.0	-7517.169484848915
436.5	-7505.338355044691
437.0	-7496.330182490435
437.5	-7474.442982275122
438.0	-7464.666393621232
438.5	-7460.641399561177
439.0	-7458.244192696578
439.5	-7456.596143874298
440.0	-7455.234740067988
440.5	-7453.906018054812
441.0	-7452.204440256986
441.5	-7449.8219044906255
442.0	-7445.938726414934
442.5	-7438.937318877165
443.0	-7419.147433185935
443.5	-7367.325282321215
444.0	-7359.15387745177
444.5	-7355.198567118793
445.0	-7352.889331023799
445.5	-7351.319160628132
446.0	-7349.98936007684
446.5	-7348.375355004871
447.0	-7344.8175866169795
447.5	-7342.822158300177
448.0	-7341.460704120469
448.5	-7339.799501534951
449.0	-7337.334027965846
449.5	-7333.3587122727695
450.0	-7325.966635121955
450.5	-7301.0259324191975
451.0	-7255.910116939994
451.5	-7248.557436065012
452.0	-7244.742490641231
452.5	-7242.301831309175
453.0	-7240.563005283656
453.5	-7239.049656366064
454.0	-7237.3846490956585
454.5	-7235.381085815958
455.0	-7232.550060181124
455.5	-7227.826657679738
456.0	-7213.756503189504
456.5	-7197.094015054339
457.0	-7189.549674176862
457.5	-7179.777471376443
458.0	-7142.058778072164
458.5	-7110.906921213923
459.0	-7104.120751077591
459.5	-7100.495477870275
460.0	-7098.305141344002
460.5	-7096.913568756053
461.0	-7095.81776598998
461.5	-7094.953727598322
462.0	-7094.11113388012
462.5	-7093.041468615885
463.0	-7091.483318268777
463.5	-7088.906914469987
464.0	-7084.228950667243
464.5	-7077.330994172234
465.0	-7067.958169961608
465.5	-7022.242233763883
466.0	-7002.3976490590085
466.5	-6996.530059479976
467.0	-6993.455017416447
467.5	-6991.663144440221
468.0	-6990.517813415586
468.5	-6989.738769855831
469.0	-6989.170608324866
469.5	-6988.539794590192
470.0	-6987.792424792809
470.5	-6986.696001054815
471.0	-6984.896921610775
471.5	-6981.99691095633
472.0	-6977.136106290792
472.5	-6967.582694482599
473.0	-6918.789245818932
473.5	-6902.35613890681
474.0	-6894.545419720009
474.5	-6884.8997034545655
475.0	-6866.613411119364
475.5	-6861.972231237849
476.0	-6859.4545153751815
476.5	-6857.8024318374755
477.0	-6856.605688140936
477.5	-6855.568358511408
478.0	-6854.362572479598
478.5	-6852.73706122442
479.0	-6850.30576565618
479.5	-6846.075323590376
480.0	-6837.124133893134
480.5	-6790.0646288134485
481.0	-6778.31467356543
481.5	-6773.967135157286
482.0	-6771.746090494998
482.5	-6770.592550758252
483.0	-6769.930072316183
483.5	-6769.5803045227685
484.0	-6769.424294171732
484.5	-6769.2369732358875
485.0	-6768.936808781805
485.5	-6768.309698515681
486.0	-6767.080151494585
486.5	-6764.80480352094
487.0	-6760.557265239037
487.5	-6750.884014637566
488.0	-6704.175311254824
488.5	-6694.131769712455
489.0	-6689.966304124052
489.5	-6687.554400511254
490.0	-6685.963203908708
490.5	-6684.709651809481
491.0	-6683.527155791643
491.5	-6682.114115980515
492.0	-6680.229401602702
492.5	-6677.33658903714
493.0	-6671.459393717973
493.5	-6653.063211999102
494.0	-6645.8209979951935
494.5	-6639.039969387883
495.0	-6626.901418988873
495.5	-6581.201383225003
496.0	-6572.276904244883
496.5	-6568.165119995846
497.0	-6565.783106381786
497.5	-6564.298883999351
498.0	-6563.152422311324
498.5	-6562.144417019358
499.0	-6560.896402309426
499.5	-6558.108325106751
500.0	-6556.267945537307
500.5	-6554.87303942134
501.0	-6553.173905124548
501.5	-6550.50812508623
502.0	-6545.7877077977255
502.5	-6533.981756401742
503.0	-6491.177340003487
503.5	-6483.887070979154
504.0	-6480.6476286678835
504.5	-6478.896129541274
505.0	-6477.9083643822405
505.5	-6477.28889313352
506.0	-6476.91835596881
506.5	-6476.559883533593
507.0	-6476.149639195155
507.5	-6475.571269895764
508.0	-6474.4687424596295
508.5	-6472.6510625401015
509.0	-6469.600613085953
509.5	-6464.021364278896
510.0	-6449.341156393906
510.5	-6407.9977778375205
511.0	-6399.798648883585
511.5	-6393.279999406204
512.0	-6377.177002858627
512.5	-6370.396508490909
513.0	-6367.584352199046
513.5	-6365.908220964104
514.0	-6364.778822365014
514.5	-6363.908712127305
515.0	-6363.031945607055
515.5	-6361.900213980636
516.0	-6360.291973575714
516.5	-6357.590316193523
517.0	-6352.522997846695
517.5	-6336.3118723710895
518.0	-6300.5862205765425
518.5	-6295.058835651139
519.0	-6292.477060605525
519.5	-6291.143103956301
520.0	-6290.429897780759
520.5	-6290.060268255805
521.0	-6289.919198733956
521.5	-6289.821432865797
522.0	-6289.684738276744
522.5	-6289.388121915819
523.0	-6288.662911175835
523.5	-6287.25381964639
524.0	-6284.657743398252
524.5	-6279.382259588324
525.0	-6257.013689478427
525.5	-6228.362843483765
526.0	-6223.294326279318
526.5	-6220.66813048727
527.0	-6219.058407181155
527.5	-6217.962515830738
528.0	-6216.989736909143
528.5	-6215.962405640115
529.0	-6214.67884760605
529.5	-6212.790727434659
530.0	-6209.465239992678
530.5	-6198.786288122871
531.0	-6187.195670580965
531.5	-6181.7632467696285
532.0	-6174.602874668048
532.5	-6141.728041724298
533.0	-6124.057472347501
533.5	-6119.297028655665
534.0	-6116.836329842686
534.5	-6115.464149208461
535.0	-6114.648533921387
535.5	-6114.159257621711
536.0	-6113.903065766147
536.5	-6113.686623240371
537.0	-6113.4416596331575
537.5	-6113.02193240102
538.0	-6112.196121929004
538.5	-6110.67763123057
539.0	-6107.879452894085
539.5	-6101.957378841819
540.0	-6066.834841929062
540.5	-6054.3692922070895
541.0	-6050.482729297063
541.5	-6048.498374844835
542.0	-6047.406094391598
542.5	-6046.780582926523
543.0	-6046.383220156881
543.5	-6046.060804195822
544.0	-6045.739758322281
544.5	-6045.300122011294
545.0	-6044.495588993672
545.5	-6043.175518455059
546.0	-6041.0178944301
546.5	-6037.2760520402535
547.0	-6029.758088307616
547.5	-5992.339474939785
548.0	-5980.988668864175
548.5	-5975.071391121819
549.0	-5967.628602583269
549.5	-5953.848912722591
550.0	-5950.119289075455
550.5	-5947.9208013475145
551.0	-5946.271221019601
551.5	-5944.589254204285
552.0	-5941.78393107941
552.5	-5939.492366520202
553.0	-5937.627908310751
553.5	-5935.296122844367
554.0	-5931.691268775617
554.5	-5924.330415438153
555.0	-5888.338654693723
555.5	-5880.085567229195
556.0	-5876.842427627492
556.5	-5875.084585905153
557.0	-5874.108886534613
557.5	-5873.501087840673
558.0	-5873.131512813874
558.5	-5872.856531294851
559.0	-5872.590639881677
559.5	-5872.251330626116
560.0	-5871.553134596189
560.5	-5870.420434326123
561.0	-5868.513496648912
561.5	-5864.980503335845
562.0	-5856.958789674384
562.5	-5821.582757424235
563.0	-5814.396866881553
563.5	-5811.158680371297
564.0	-5809.189483345128
564.5	-5807.7902865834685
565.0	-5806.511549501042
565.5	-5805.233383491219
566.0	-5803.726182894662
566.5	-5801.622525551967
567.0	-5798.365459430158
567.5	-5791.974124585551
568.0	-5776.194347949312
568.5	-5769.7516743689375
569.0	-5763.956728691618
569.5	-5753.819303209723
570.0	-5719.373332328526
570.5	-5712.865737452977
571.0	-5709.82448438167
571.5	-5708.044182531754
572.0	-5706.967790724273
572.5	-5706.281133651293
573.0	-5705.814982517501
573.5	-5705.480635398771
574.0	-5705.185658141272
574.5	-5704.800502060961
575.0	-5704.13034616997
575.5	-5703.036568639077
576.0	-5701.160758712187
576.5	-5697.546871532746
577.0	-5687.826400068793
577.5	-5656.047626696563
578.0	-5650.865046925312
578.5	-5648.521566816658
579.0	-5647.268490777268
579.5	-5646.560909931496
580.0	-5646.106236997835
580.5	-5645.822387013473
581.0	-5645.591609732675
581.5	-5645.269817965926
582.0	-5644.774054140436
582.5	-5643.93124773618
583.0	-5642.491736901178
583.5	-5640.0812218126875
584.0	-5635.680911935762
584.5	-5623.286715893321
585.0	-5592.89583365703
585.5	-5586.854575784601
586.0	-5581.972762623276
586.5	-5569.711490850031
587.0	-5564.505615142565
587.5	-5562.376154987382
588.0	-5561.08400601755
588.5	-5560.199596857663
589.0	-5559.525050088799
589.5	-5558.794861540314
590.0	-5557.878831368222
590.5	-5556.571688341634
591.0	-5554.421675115561
591.5	-5550.346841323821
592.0	-5535.7157814675575
592.5	-5510.523556662309
593.0	-5506.47569074368
593.5	-5504.5471303242775
594.0	-5503.545370356954
594.5	-5502.9614905877115
595.0	-5502.64911160634
595.5	-5502.496672509504
596.0	-5502.378998402831
596.5	-5502.213870941748
597.0	-5501.877413039708
597.5	-5501.225145148647
598.0	-5500.022535855155
598.5	-5497.866291293037
599.0	-5493.534527400771
599.5	-5471.183231232694
600.0	-5454.245200567879
600.5	-5450.436711427858
601.0	-5448.363006052202
601.5	-5447.0278099120205
602.0	-5445.99520164058
602.5	-5445.034933797213
603.0	-5443.969468929713
603.5	-5442.595003535304
604.0	-5440.525510319594
604.5	-5436.385732967607
605.0	-5426.91624645841
605.5	-5417.380309949836
606.0	-5412.795381660829
606.5	-5406.871937401276
607.0	-5379.398817368884
607.5	-5367.82862485532
608.0	-5364.209960852987
608.5	-5362.2872652212645
609.0	-5361.194966312253
609.5	-5360.483420175548
610.0	-5360.067160106035
610.5	-5359.826791593868
611.0	-5359.617827081272
611.5	-5359.411722531579
612.0	-5359.029835700371
612.5	-5358.3375236368365
613.0	-5357.13062518535
613.5	-5354.920319423873
614.0	-5350.15113260026
614.5	-5322.266583087351
615.0	-5313.703838942507
615.5	-5310.833508781808
616.0	-5309.368864486394
616.5	-5308.589595067398
617.0	-5308.137985816699
617.5	-5307.85849756874
618.0	-5307.669261894698
618.5	-5307.492613889366
619.0	-5307.201084786564
619.5	-5306.6392782529965
620.0	-5305.709124507229
620.5	-5304.125931783168
621.0	-5301.317923705552
621.5	-5295.450327726731
622.0	-5266.35898277586
622.5	-5258.286180404934
623.0	-5253.959625267987
623.5	-5248.509093221592
624.0	-5237.94072392803
624.5	-5235.241415227249
625.0	-5233.826818366395
625.5	-5232.931890702503
626.0	-5232.27304080334
626.5	-5231.703289022864
627.0	-5231.034318392909
627.5	-5230.097093030428
628.0	-5228.654705394589
628.5	-5226.129531592342
629.0	-5220.365821091143
629.5	-5192.502317305823
630.0	-5186.620665673044
630.5	-5184.2759908846065
631.0	-5183.069019859124
631.5	-5182.443882310035
632.0	-5182.109509680036
632.5	-5181.949225523737
633.0	-5181.885719061126
633.5	-5181.836573463138
634.0	-5181.674468601934
634.5	-5181.290350289704
635.0	-5180.581419497112
635.5	-5179.212127263825
636.0	-5176.603922988346
636.5	-5170.20288617047
637.0	-5142.881871367311
637.5	-5137.698370818332
638.0	-5135.408145080237
638.5	-5134.101565993756
639.0	-5133.214721917432
639.5	-5132.512457855591
640.0	-5131.868089807943
640.5	-5131.086037048314
641.0	-5130.026625848647
641.5	-5128.350065839873
642.0	-5124.951735444459
642.5	-5114.115569740108
643.0	-5109.785827226828
643.5	-5105.668823185827
644.0	-5097.591004391594
644.5	-5071.096402994335
645.0	-5066.370980289117
645.5	-5064.154201131495
646.0	-5062.922567938918
646.5	-5062.206978963284
647.0	-5061.751316050161
647.5	-5061.477498985825
648.0	-5061.310674277108
648.5	-5061.128180451363
649.0	-5060.846690021431
649.5	-5060.356474641871
650.0	-5059.499379523076
650.5	-5057.970376564548
651.0	-5055.034392847308
651.5	-5046.649108358172
652.0	-5022.130283572889
652.5	-5018.198142925558
653.0	-5016.362848130848
653.5	-5015.306990984003
654.0	-5014.645327266612
654.5	-5014.17968085683
655.0	-5013.784064711871
655.5	-5013.3593397971135
656.0	-5012.8004840704725
656.5	-5011.886118007402
657.0	-5009.930642733007
657.5	-5007.551064964653
658.0	-5005.1031457228855
658.5	-5001.159921158217
659.0	-4989.96835723499
659.5	-4966.968349142143
660.0	-4962.2073046359965
660.5	-4958.291621094876
661.0	-4948.637214303481
661.5	-4944.2805585919405
662.0	-4942.463765262159
662.5	-4941.346901922043
663.0	-4940.546518833303
663.5	-4939.877246803672
664.0	-4939.170740670431
664.5	-4938.321542591609
665.0	-4937.108896338476
665.5	-4935.2126020741
666.0	-4931.729374328564
666.5	-4917.332304245235
667.0	-4899.914543711361
667.5	-4896.723491510098
668.0	-4895.0773005673
668.5	-4894.092395795724
669.0	-4893.381363169577
669.5	-4892.826397840691
670.0	-4892.249910704391
670.5	-4891.485803386032
671.0	-4890.104258837998
671.5	-4888.330505056197
672.0	-4887.026765146324
672.5	-4885.600419006268
673.0	-4883.501100080723
673.5	-4879.669063497303
674.0	-4859.241000262942
674.5	-4848.422927558091
675.0	-4845.441495291075
675.5	-4843.820600237164
676.0	-4842.7869598608795
676.5	-4841.979514552709
677.0	-4841.287125437693
677.5	-4840.587954424982
678.0	-4839.703459707014
678.5	-4838.455270803654
679.0	-4836.353468247985
679.5	-4830.1868508831285
680.0	-4822.578868043505
680.5	-4819.0907313327
681.0	-4814.355467300258
681.5	-4791.7111009519485
682.0	-4783.630689000391
682.5	-4780.919640227695
683.0	-4779.46752114931
683.5	-4778.6321123801545
684.0	-4778.129128970835
684.5	-4777.822263039516
685.0	-4777.639192369006
685.5	-4777.510606352543
686.0	-4777.333064362344
686.5	-4777.005448447634
687.0	-4776.455890748871
687.5	-4775.476818306671
688.0	-4773.650180307228
688.5	-4769.633907194979
689.0	-4747.016060354649
689.5	-4740.805395510855
690.0	-4738.598016794528
690.5	-4737.494238005681
691.0	-4736.858349118864
691.5	-4736.488505926219
692.0	-4736.28088238333
692.5	-4736.128190548427
693.0	-4735.966265740557
693.5	-4735.69125788607
694.0	-4735.228937431756
694.5	-4734.439970369284
695.0	-4733.122621412267
695.5	-4730.824692729029
696.0	-4725.86104913753
696.5	-4702.462139267416
697.0	-4696.44329997731
697.5	-4693.0623475532
698.0	-4688.84711891697
698.5	-4680.2767104922705
699.0	-4678.075612193511
699.5	-4676.905768970525
700.0	-4676.1638036589975
700.5	-4675.623042872159
701.0	-4675.085769247293
701.5	-4674.4930607679335
702.0	-4673.702947633087
702.5	-4672.4688340324465
703.0	-4670.299808300306
703.5	-4665.3246245445225
704.0	-4642.996463743259
704.5	-4638.54894426794
705.0	-4636.6993577164185
705.5	-4635.689774190802
706.0	-4635.090002702063
706.5	-4634.7314521068665
707.0	-4634.509231972719
707.5	-4634.324156099046
708.0	-4634.044315810795
708.5	-4633.64095937565
709.0	-4632.907991297511
709.5	-4631.32838551846
710.0	-4629.113153768928
710.5	-4626.483227539208
711.0	-4620.671522857112
711.5	-4598.856663253073
712.0	-4594.862301037565
712.5	-4592.989981599375
713.0	-4591.855752886875
713.5	-4591.091838906722
714.0	-4590.485159124797
714.5	-4589.92770772353
715.0	-4589.276914630397
715.5	-4588.370386517977
716.0	-4586.979516071001
716.5	-4584.321220363187
717.0	-4575.662504787997
717.5	-4572.047675932993
718.0	-4568.625756927712
718.5	-4561.615919777007
719.0	-4540.809175405604
719.5	-4537.225173902553
720.0	-4535.50196978498
720.5	-4534.522761955245
721.0	-4533.957679146226
721.5	-4533.658652120666
722.0	-4533.4767311735
722.5	-4533.343388120075
723.0	-4533.221594328953
723.5	-4533.037713695195
724.0	-4532.700089286659
724.5	-4532.052060523526
725.0	-4530.8560056941515
725.5	-4528.462995331586
726.0	-4520.97026277929
726.5	-4502.17180983216
727.0	-4499.191369356479
727.5	-4497.821210145567
728.0	-4497.103226366816
728.5	-4496.671312839426
729.0	-4496.4750933125915
729.5	-4496.30928816525
730.0	-4496.1896490586305
730.5	-4496.03074985501
731.0	-4495.713582070053
731.5	-4495.2295653069805
732.0	-4494.313075559505
732.5	-4492.7556545689595
733.0	-4489.835073542733
733.5	-4479.261807750253
734.0	-4462.702023974747
734.5	-4459.1418184866225
735.0	-4456.170498740815
735.5	-4448.6448069204125
736.0	-4445.030683387809
736.5	-4443.671906458543
737.0	-4442.853888393339
737.5	-4442.286995583474
738.0	-4441.880865836617
738.5	-4441.388501629293
739.0	-4440.82232109562
739.5	-4439.978171364194
740.0	-4438.528241614972
740.5	-4435.744781281304
741.0	-4420.2708434498745
741.5	-4410.339023608091
742.0	-4408.0029901844455
742.5	-4406.838645721053
743.0	-4406.261606170006
743.5	-4405.900129908844
744.0	-4405.739919982529
744.5	-4405.685629533095
745.0	-4405.60549852432
745.5	-4405.532788361103
746.0	-4405.31687667077
746.5	-4404.896316187227
747.0	-4404.144192550088
747.5	-4402.6865858626325
748.0	-4399.65621625519
748.5	-4381.654940517972
749.0	-4374.674439367774
749.5	-4372.499815884783
750.0	-4371.267752484821
750.5	-4370.512006858749
751.0	-4369.959271814614
751.5	-4369.451992122443
752.0	-4368.960598165647
752.5	-4368.262418931142
753.0	-4367.276374217354
753.5	-4365.610991821718
754.0	-4360.888899425576
754.5	-4354.408341451671
755.0	-4351.422495841241
755.5	-4347.308028717345
756.0	-4328.1201727926
756.5	-4322.390903502406
757.0	-4320.261228770027
757.5	-4319.045568663551
758.0	-4318.309968711982
758.5	-4317.855643131656
759.0	-4317.521471769061
759.5	-4317.284940507983
760.0	-4317.01126268897
760.5	-4316.679641475172
761.0	-4316.2084955135515
761.5	-4315.352640518543
762.0	-4313.732643710474
762.5	-4311.093190713631
763.0	-4307.074434148236
763.5	-4288.037776060765
764.0	-4283.426800633329
764.5	-4281.588699441927
765.0	-4280.577073281055
765.5	-4279.960426405162
766.0	-4279.601555692854
766.5	-4279.290591169953
767.0	-4279.059146545155
767.5	-4278.818652904202
768.0	-4278.455565205108
768.5	-4277.984351802779
769.0	-4277.180449915683
769.5	-4275.928098675753
770.0	-4273.807030138825
770.5	-4269.221558389688
771.0	-4249.943511699649
771.5	-4245.3395317397135
772.0	-4242.518481054316
772.5	-4238.997283965587
773.0	-4231.686563586558
773.5	-4229.569999201841
774.0	-4228.148728244195
774.5	-4226.681276257981
775.0	-4225.067726660021
775.5	-4223.98154903463
776.0	-4223.115488496942
776.5	-4222.162959609862
777.0	-4220.8981600291045
777.5	-4218.885396536293
778.0	-4214.169494821734
778.5	-4196.059872755051
779.0	-4192.752752714714
779.5	-4191.254085419578
780.0	-4190.471455716125
780.5	-4189.97906899919
781.0	-4189.704714207967
781.5	-4189.554372267233
782.0	-4189.430869629256
782.5	-4189.335938379278
783.0	-4189.125249588705
783.5	-4188.80355459928
784.0	-4188.247222156182
784.5	-4187.200554494089
785.0	-4185.273273664607
785.5	-4180.0151528938895
786.0	-4162.741736236123
786.5	-4159.848238246341
787.0	-4158.431723479835
787.5	-4157.605448257104
788.0	-4157.023922455801
788.5	-4156.567360780012
789.0	-4156.153772397468
789.5	-4155.601667125095
790.0	-4154.897248622502
790.5	-4153.780475136554
791.0	-4151.61345254869
791.5	-4144.51390219392
792.0	-4141.435821437309
792.5	-4138.4926947727445
793.0	-4131.688860622156
793.5	-4115.539981102912
794.0	-4112.846378801058
794.5	-4111.473595746298
795.0	-4110.713969772197
795.5	-4110.277809733024
796.0	-4109.996520530141
796.5	-4109.864302859084
797.0	-4109.749587242459
797.5	-4109.630134414032
798.0	-4109.473572505974
798.5	-4109.142481289904
799.0	-4108.580209414517
799.5	-4107.515828565658
800.0	-4105.382075945507
800.5	-4097.201885439613
801.0	-4083.664717608473
801.5	-4081.4683327973053
802.0	-4080.4054281768344
802.5	-4079.8057368072505
803.0	-4079.5059177993126
803.5	-4079.289019285584
804.0	-4079.162499816869
804.5	-4079.0424734093513
805.0	-4078.8625365026164
805.5	-4078.6082114264796
806.0	-4078.0963591997747
806.5	-4077.2980693714862
807.0	-4075.9214604559825
807.5	-4073.2353807845398
808.0	-4059.9729162553003
808.5	-4050.858190212676
809.0	-4048.0792333680633
809.5	-4045.683247001802
810.0	-4039.558065920451
810.5	-4036.441928039811
811.0	-4035.219044832988
811.5	-4034.5120701489313
812.0	-4033.930819222029
812.5	-4033.4663951532393
813.0	-4032.914256188184
813.5	-4032.239200379423
814.0	-4031.201784865285
814.5	-4029.3352204299767
815.0	-4025.7975760360596
815.5	-4010.218210695062
816.0	-4004.441477678843
816.5	-4002.5362773191687
817.0	-4001.580840306345
817.5	-4001.0010813685453
818.0	-4000.695197567817
818.5	-4000.519399912636
819.0	-4000.4032801154867
819.5	-4000.3283305037285
820.0	-4000.195159409925
820.5	-4000.0055847081544
821.0	-3999.582641175981
821.5	-3998.9090326160203
822.0	-3997.572525064544
822.5	-3994.7087683525992
823.0	-3978.758474271849
823.5	-3974.3707402992904
824.0	-3972.73673944147
824.5	-3971.8064944927696
825.0	-3971.2541622430467
825.5	-3970.7984143140116
826.0	-3970.4451192727033
826.5	-3970.02418424533
827.0	-3969.497639047087
827.5	-3968.7045592074396
828.0	-3967.361952994596
828.5	-3963.6758277364993
829.0	-3958.0725663670382
829.5	-3955.5588734844955
830.0	-3951.711165871619
830.5	-3935.405424252227
831.0	-3931.6411475884133
831.5	-3930.080445137969
832.0	-3929.212865105022
832.5	-3928.7064271818067
833.0	-3928.4391588972735
833.5	-3928.2614924178156
834.0	-3928.191607132763
834.5	-3928.0840024136724
835.0	-3927.9966334249034
835.5	-3927.758281780485
836.0	-3927.361253775547
836.5	-3926.6235902467147
837.0	-3925.173551538516
837.5	-3921.5875732764375
838.0	-3905.9394513390266
838.5	-3903.0432080915452
839.0	-3901.775400488827
839.5	-3901.1517888738417
840.0	-3900.7775616588697
840.5	-3900.5854157351505
841.0	-3900.472693005226
841.5	-3900.3847074313776
842.0	-3900.288333054082
842.5	-3900.078917634623
843.0	-3899.782777632881
843.5	-3899.1765439532646
844.0	-3898.1976832133378
844.5	-3896.351499123447
845.0	-3891.7241215125073
845.5	-3876.2868354878847
846.0	-3873.19756185303
846.5	-3871.18783697011
847.0	-3868.5345478495274
847.5	-3862.698355517716
848.0	-3861.1625379304633
848.5	-3860.3980828615895
849.0	-3859.8780865403232
849.5	-3859.503101321934
850.0	-3859.146023526708
850.5	-3858.712583077908
851.0	-3858.1265739115665
851.5	-3857.151692911174
852.0	-3855.3880745313068
852.5	-3850.0083680152184
853.0	-3836.211077755977
853.5	-3834.009940956929
854.0	-3832.988636210295
854.5	-3832.446403829416
855.0	-3832.1393743179783
855.5	-3831.9950813981895
856.0	-3831.8977266239167
856.5	-3831.8713977301286
857.0	-3831.761875755818
857.5	-3831.6253131609033
858.0	-3831.3255673982926
858.5	-3830.7936538518857
859.0	-3829.819480343613
859.5	-3827.8769845846705
860.0	-3820.33226641029
860.5	-3808.810154957598
861.0	-3806.841454912893
861.5	-3805.7660396432902
862.0	-3805.121035218985
862.5	-3804.6272876837293
863.0	-3804.22859389688
863.5	-3803.813825713031
864.0	-3803.292947417085
864.5	-3802.619195481473
865.0	-3801.528195277482
865.5	-3799.592067779881
866.0	-3793.351794819985
866.5	-3790.375909014702
867.0	-3787.050351812059
867.5	-3773.697677266905
868.0	-3766.5142551492736
868.5	-3764.415120551246
869.0	-3763.2927601155766
869.5	-3762.583422533796
870.0	-3762.1641546086507
870.5	-3761.8356938506686
871.0	-3761.6372477707673
871.5	-3761.441757338129
872.0	-3761.235730542798
872.5	-3760.9707319430117
873.0	-3760.544828228773
873.5	-3759.883381583216
874.0	-3758.6886185305734
874.5	-3756.3311349802843
875.0	-3742.7013601434433
875.5	-3738.0211655594107
876.0	-3736.390406088401
876.5	-3735.455281927274
877.0	-3734.8032899336145
877.5	-3734.223316677798
878.0	-3733.518814906839
878.5	-3732.453697522048
879.0	-3731.799434049828
879.5	-3731.2845226433587
880.0	-3730.79292175815
880.5	-3730.1447819536065
881.0	-3729.2364884472063
881.5	-3727.7648033029395
882.0	-3724.826712081538
882.5	-3710.4661643042054
883.0	-3706.3768351063145
883.5	-3704.3710177844496
884.0	-3702.4526491888464
884.5	-3697.44402135745
885.0	-3694.7840961343095
885.5	-3693.7941731915093
886.0	-3693.208119854186
886.5	-3692.7635338584923
887.0	-3692.4055423269833
887.5	-3691.9931531199322
888.0	-3691.508595393162
888.5	-3690.7109261062037
889.0	-3689.415220204665
889.5	-3686.4828184687085
890.0	-3672.5528330688117
890.5	-3669.607209744048
891.0	-3668.4037391121947
891.5	-3667.7889489452064
892.0	-3667.4229195750822
892.5	-3667.2727334662654
893.0	-3667.1534891900865
893.5	-3667.11240516827
894.0	-3667.0497934372197
894.5	-3666.9511022543993
895.0	-3666.752709522069
895.5	-3666.3647514038626
896.0	-3665.6917339208294
896.5	-3664.3424570011953
897.0	-3661.033824576852
897.5	-3647.3743464077806
898.0	-3644.862456005978
898.5	-3643.7071706845695
899.0	-3643.0569645733876
899.5	-3642.623900346047
900.0	-3642.288644795838
900.5	-3642.000278941902
901.0	-3641.6479614942546
901.5	-3641.2108213255415
902.0	-3640.49227936311
902.5	-3639.3409092704032
903.0	-3636.1174160407677
903.5	-3631.3149286902276
904.0	-3628.9144629057037
904.5	-3624.4266982734284
905.0	-3611.214907465664
905.5	-3608.8670844298676
906.0	-3607.767305282045
906.5	-3607.103616625617
907.0	-3606.748451001894
907.5	-3606.5135618111294
908.0	-3606.389280315825
908.5	-3606.2944259085116
909.0	-3606.2072083400167
909.5	-3606.0826712255744
910.0	-3605.8290079697385
910.5	-3605.4284142030124
911.0	-3604.631941920048
911.5	-3603.117877793342
912.0	-3598.130553631271
912.5	-3586.3895128517847
913.0	-3584.5292436604345
913.5	-3583.6404094301647
914.0	-3583.166707490063
914.5	-3582.87047692773
915.0	-3582.7122162919227
915.5	-3582.5737347632044
916.0	-3582.479403269034
916.5	-3582.2909718382803
917.0	-3582.051494927523
917.5	-3581.6448496330504
918.0	-3580.983362537026
918.5	-3579.8807378510137
919.0	-3577.81670691059
919.5	-3569.8064770027227
920.0	-3559.8011540591447
920.5	-3557.1294757021665
921.0	-3555.3077289234175
921.5	-3552.978983550745
922.0	-3548.0030531008633
922.5	-3546.6992901739936
923.0	-3545.998853570253
923.5	-3545.5183337580315
924.0	-3545.1665780149624
924.5	-3544.789152520611
925.0	-3544.3847057750586
925.5	-3543.7606892100275
926.0	-3542.797812908129
926.5	-3540.873668146557
927.0	-3529.8789438378044
927.5	-3524.678454207016
928.0	-3523.2208117637474
928.5	-3522.514076745645
929.0	-3522.109356251015
929.5	-3521.9244371738923
930.0	-3521.7926154487236
930.5	-3521.7643388163615
931.0	-3521.7128291775575
931.5	-3521.648602580405
932.0	-3521.5222755954405
932.5	-3521.2459495353364
933.0	-3520.754293199304
933.5	-3519.794776383597
934.0	-3517.768379897488
934.5	-3505.7149093622043
935.0	-3501.902126286183
935.5	-3500.560583819161
936.0	-3499.840167095471
936.5	-3499.3903751595567
937.0	-3499.0735093772428
937.5	-3498.8186239559177
938.0	-3498.524110677474
938.5	-3498.197565110227
939.0	-3497.6607062995813
939.5	-3496.8453157748354
940.0	-3495.222511313809
940.5	-3490.035142453899
941.0	-3487.6241734419573
941.5	-3484.7047216363876
942.0	-3472.0615765252996
942.5	-3468.8065831065305
943.0	-3467.5166799291214
943.5	-3466.785579576648
944.0	-3466.38900901776
944.5	-3466.128587316948
945.0	-3466.006060938894
945.5	-3465.9214262333144
946.0	-3465.849397101205
946.5	-3465.771920785031
947.0	-3465.5978080922687
947.5	-3465.3129588887314
948.0	-3464.738602714087
948.5	-3463.6947213877484
949.0	-3461.1074491192453
949.5	-3448.8808981943025
950.0	-3446.3938706692193
950.5	-3445.3724275378254
951.0	-3444.847517691606
951.5	-3444.550112975964
952.0	-3444.4091044298975
952.5	-3444.2943170657763
953.0	-3444.2537231492815
953.5	-3444.1478289439488
954.0	-3444.0122068981577
954.5	-3443.76191730098
955.0	-3443.3318892408
955.5	-3442.5971588572647
956.0	-3441.229617858026
956.5	-3438.0061539099065
957.0	-3425.7498796098807
957.5	-3423.2675349459328
958.0	-3421.7531222188295
958.5	-3420.2440488067946
959.0	-3415.8708457358343
959.5	-3413.8551512232284
960.0	-3413.083615380502
960.5	-3412.597997750287
961.0	-3412.26420592127
961.5	-3411.936495333149
962.0	-3411.6027133881967
962.5	-3411.0935640982807
963.0	-3410.357737437424
963.5	-3408.9966816857423
964.0	-3405.3180810228737
964.5	-3394.01998126439
965.0	-3392.156123043807
965.5	-3391.3047335337847
966.0	-3390.8178195086084
966.5	-3390.5716801584867
967.0	-3390.3883637658946
967.5	-3390.298239456896
968.0	-3390.2117066466435
968.5	-3390.1098751143836
969.0	-3389.9467045622946
969.5	-3389.672244791877
970.0	-3389.2194819478996
970.5	-3388.393902701562
971.0	-3386.8900510968415
971.5	-3382.0024823832478
972.0	-3371.6647607182954
972.5	-3369.6339753228726
973.0	-3368.1025489750114
973.5	-3367.309977956543
974.0	-3366.7823819856335
974.5	-3366.3997751733014
975.0	-3366.010580839353
975.5	-3365.620491491694
976.0	-3365.087709959878
976.5	-3364.371021357523
977.0	-3363.174481481653
977.5	-3359.956728759017
978.0	-3355.9326400678165
978.5	-3353.480226112427
979.0	-3345.498930417215
979.5	-3337.9921065240164
980.0	-3336.284469106734
980.5	-3335.255427954928
981.0	-3334.546674842875
981.5	-3333.833453491526
982.0	-3332.9244678801188
982.5	-3332.311835888708
983.0	-3331.943221771403
983.5	-3331.6654885375665
984.0	-3331.3694281004864
984.5	-3331.0260046941453
985.0	-3330.47250413694
985.5	-3329.610199768182
986.0	-3327.863326095066
986.5	-3317.8513018069602
987.0	-3313.5165535730866
987.5	-3312.2413484366543
988.0	-3311.591247792959
988.5	-3311.2015002433636
989.0	-3311.0009401595976
989.5	-3310.8443478911568
990.0	-3310.760743377522
990.5	-3310.643241324094
991.0	-3310.515628101472
991.5	-3310.2954829540154
992.0	-3309.941196469719
992.5	-3309.3711975080982
993.0	-3308.3494150732863
993.5	-3306.310870713217
994.0	-3295.318917608137
994.5	-3291.8246232139745
995.0	-3290.252194893208
995.5	-3288.9965886950504
996.0	-3287.030306776086
996.5	-3282.9763041521346
997.0	-3281.9874265049157
997.5	-3281.4461103019657
998.0	-3281.1002931563953
998.5	-3280.7831272018416
999.0	-3280.509611266793
999.5	-3280.1035924667453
1000.0	-3279.535501683669
1000.5	-3278.5626084838336
1001.0	-3276.4544470564233
1001.5	-3265.535964293675
1002.0	-3262.941427746396
1002.5	-3261.958245266539
1003.0	-3261.4252307913243
1003.5	-3261.167175163757
1004.0	-3261.005497073551
1004.5	-3260.942812001362
1005.0	-3260.897048469148
1005.5	-3260.8688449901438
1006.0	-3260.805160528162
1006.5	-3260.652746241626
1007.0	-3260.3930226666976
1007.5	-3259.8654881226535
1008.0	-3258.8978387359825
1008.5	-3256.508645138463
1009.0	-3245.6534035065656
1009.5	-3243.452555321353
1010.0	-3242.5075475037306
1010.5	-3241.9768531196564
1011.0	-3241.6237193187662
1011.5	-3241.3777292793116
1012.0	-3241.1448264768223
1012.5	-3240.9191904175277
1013.0	-3240.569599259235
1013.5	-3240.1079458658364
1014.0	-3239.325628991892
1014.5	-3237.8005746521467
1015.0	-3233.240891159599
1015.5	-3231.0622677316564
1016.0	-3227.785316362468
1016.5	-3216.9637503817216
1017.0	-3214.9501110043884
1017.5	-3213.9649200011418
1018.0	-3213.4256940385003
1018.5	-3213.088886611203
1019.0	-3212.8908554135005
1019.5	-3212.762515375592
1020.0	-3212.667217336562
1020.5	-3212.587592063073
1021.0	-3212.4439884689027
1021.5	-3212.255312339726
1022.0	-3211.883396309178
1022.5	-3211.2685769973755
1023.0	-3210.0591974776667
1023.5	-3206.692591649113
1024.0	-3196.701740723945
1024.5	-3194.97175815654
1025.0	-3194.0206336224014
1025.5	-3193.0080073367426
1026.0	-3192.4769346837597
1026.5	-3192.1873736705093
1027.0	-3192.028184418223
1027.5	-3191.877768195588
1028.0	-3191.740855705743
1028.5	-3191.5557369584026
1029.0	-3191.2649524961416
1029.5	-3190.8159751781704
1030.0	-3190.0471432482777
1030.5	-3188.645330868846
1031.0	-3184.0805101000365
1031.5	-3175.048095740147
1032.0	-3173.2903950394125
1032.5	-3172.106676431253
1033.0	-3170.803150530796
1033.5	-3166.9150040512295
1034.0	-3165.4219530393348
1034.5	-3164.786249524152
1035.0	-3164.4195025021245
1035.5	-3164.1065613918267
1036.0	-3163.8486069776927
1036.5	-3163.5203867347814
1037.0	-3163.074253367996
1037.5	-3162.3431085018424
1038.0	-3160.948862851139
1038.5	-3153.9695872289767
1039.0	-3148.003821798717
1039.5	-3146.7876000967376
1040.0	-3146.165349347866
1040.5	-3145.854175972588
1041.0	-3145.674574356199
1041.5	-3145.598541513612
1042.0	-3145.5611725554763
1042.5	-3145.5323619948053
1043.0	-3145.504700372247
1043.5	-3145.396340142802
1044.0	-3145.214407645143
1044.5	-3144.8305744585787
1045.0	-3144.138823472281
1045.5	-3142.6286668332154
1046.0	-3133.640945254491
1046.5	-3129.901178115537
1047.0	-3128.756494892782
1047.5	-3128.16896627512
1048.0	-3127.793358793117
1048.5	-3127.55576449284
1049.0	-3127.335069847127
1049.5	-3127.1448274939044
1050.0	-3126.876014035044
1050.5	-3126.5098119379963
1051.0	-3125.946945271961
1051.5	-3124.9391530042394
1052.0	-3121.6129101651472
1052.5	-3118.723555752476
1053.0	-3116.445177237114
1053.5	-3106.497747003939
1054.0	-3103.491175651585
1054.5	-3102.3440431003
1055.0	-3101.7301174494755
1055.5	-3101.3732443121144
1056.0	-3101.163001030705
1056.5	-3101.049371352753
1057.0	-3100.963095786326
1057.5	-3100.928537933678
1058.0	-3100.8342995778926
1058.5	-3100.714787224621
1059.0	-3100.4741444625115
1059.5	-3100.0516690053278
1060.0	-3099.2420023853347
1060.5	-3097.3989175012425
1061.0	-3087.66875113548
1061.5	-3085.3749903214266
1062.0	-3084.5139860587415
1062.5	-3084.040568251977
1063.0	-3083.799529738861
1063.5	-3083.64357361304
1064.0	-3083.5669886224514
1064.5	-3083.5040325044783
1065.0	-3083.420350210517
1065.5	-3083.3218342091645
1066.0	-3083.1126994008805
1066.5	-3082.7913894149106
1067.0	-3082.2088123771077
1067.5	-3081.2011688056905
1068.0	-3078.8820557216927
1068.5	-3068.96314915691
1069.0	-3066.7625705367145
1069.5	-3065.5440023713127
1070.0	-3064.463648005621
1070.5	-3062.4386023527823
1071.0	-3059.2398704255374
1071.5	-3058.418093775079
1072.0	-3057.9762157611235
1072.5	-3057.6301844450027
1073.0	-3057.3315375276657
1073.5	-3057.015648210426
1074.0	-3056.5938196460465
1074.5	-3055.9756562588987
1075.0	-3054.9006913677977
1075.5	-3052.342745286096
1076.0	-3042.840494538626
1076.5	-3041.1083876829493
1077.0	-3040.2404799907868
1077.5	-3039.6522505488465
1078.0	-3038.9533761386983
1078.5	-3038.3935920038502
1079.0	-3038.144707865069
1079.5	-3037.955256105043
1080.0	-3037.8194187754652
1080.5	-3037.618376267831
1081.0	-3037.3734050108146
1081.5	-3036.9715173381305
1082.0	-3036.339982405652
1082.5	-3035.183726774707
1083.0	-3032.0505965232787
1083.5	-3023.067193228829
1084.0	-3021.448336349779
1084.5	-3020.5544943353502
1085.0	-3019.8042454706224
1085.5	-3018.94960134028
1086.0	-3018.2584191830756
1086.5	-3017.8130400002856
1087.0	-3017.4172185508833
1087.5	-3016.975377054711
1088.0	-3016.42422510817
1088.5	-3015.5879696062875
1089.0	-3013.9729365267804
1089.5	-3009.9287990000585
1090.0	-3007.9407538778696
1090.5	-3003.5587066549497
1091.0	-2995.4880880438254
1091.5	-2994.0519245089317
1092.0	-2993.3053484068287
1092.5	-2992.8732180700304
1093.0	-2992.5952676777833
1093.5	-2992.447493782581
1094.0	-2992.32398442663
1094.5	-2992.250957155542
1095.0	-2992.1620580065955
1095.5	-2992.0467566517214
1096.0	-2991.847683803794
1096.5	-2991.5132690766586
1097.0	-2990.918852663303
1097.5	-2989.6878235250206
1098.0	-2983.396631371544
1098.5	-2978.1435343685134
1099.0	-2977.0543532286847
1099.5	-2976.495742970511
1100.0	-2976.2106041177753
1100.5	-2976.042444405837
1101.0	-2975.941098899375
1101.5	-2975.8906912714856
1102.0	-2975.8238995200622
1102.5	-2975.7511921425466
1103.0	-2975.5926213783555
1103.5	-2975.36254579875
1104.0	-2974.9230361084888
1104.5	-2974.1822513519583
1105.0	-2972.7059179836347
1105.5	-2964.4565769040028
1106.0	-2960.9360419871145
1106.5	-2959.6365625816975
1107.0	-2958.6791000396724
1107.5	-2957.445024733506
1108.0	-2953.998868944038
1108.5	-2952.939824612713
1109.0	-2952.45270006712
1109.5	-2952.136809126509
1110.0	-2951.891191405394
1110.5	-2951.6549048307775
1111.0	-2951.3411773496687
1111.5	-2950.925784850164
1112.0	-2950.179245119232
1112.5	-2948.67359772503
1113.0	-2940.072102618975
1113.5	-2937.5599098653493
1114.0	-2936.672463710586
1114.5	-2936.219270026336
1115.0	-2935.987575014252
1115.5	-2935.8516641584215
1116.0	-2935.798212326737
1116.5	-2935.7618225170004
1117.0	-2935.750196942626
1117.5	-2935.6812741349163
1118.0	-2935.5826355169015
1118.5	-2935.3720130176507
1119.0	-2934.978608411579
1119.5	-2934.24547230271
1120.0	-2932.558524005759
1120.5	-2923.7999764747433
1121.0	-2921.713058092609
1121.5	-2920.9007669281523
1122.0	-2920.41669900897
1122.5	-2920.119473855073
1123.0	-2919.9030869669036
1123.5	-2919.713843751782
1124.0	-2919.5133554995864
1124.5	-2919.2504788654524
1125.0	-2918.8959685668224
1125.5	-2918.3039364833603
1126.0	-2917.283705837006
1126.5	-2913.747795549594
1127.0	-2911.668996233372
1127.5	-2909.2195953080654
1128.0	-2900.24204341058
1128.5	-2898.313360152778
1129.0	-2897.3942344370757
1129.5	-2896.8510386331113
1130.0	-2896.4248487188534
1130.5	-2895.977975870314
1131.0	-2895.3797072613515
1131.5	-2895.1456687106556
1132.0	-2894.981678913141
1132.5	-2894.827685037024
1133.0	-2894.650776413237
1133.5	-2894.3609320468977
1134.0	-2893.8990839875833
1134.5	-2893.02303707875
1135.0	-2890.8168114378427
1135.5	-2882.3788346561155
1136.0	-2880.9131074517727
1136.5	-2880.2567082584046
1137.0	-2879.902566019504
1137.5	-2879.709000825939
1138.0	-2879.595796109853
1138.5	-2879.538184166252
1139.0	-2879.467760535165
1139.5	-2879.424481101503
1140.0	-2879.2992024200425
1140.5	-2879.114165053226
1141.0	-2878.790706233427
1141.5	-2878.2365405226037
1142.0	-2877.200962987084
1142.5	-2874.362641043052
1143.0	-2866.243832624585
1143.5	-2864.701714922737
1144.0	-2863.753966039733
1144.5	-2862.783267460584
1145.0	-2860.1940840636507
1145.5	-2858.3102571316076
1146.0	-2857.7392719637205
1146.5	-2857.4043378588112
1147.0	-2857.15197542466
1147.5	-2856.9456597759295
1148.0	-2856.686852869556
1148.5	-2856.3569120812354
1149.0	-2855.7887711820426
1149.5	-2854.7694970985267
1150.0	-2851.2406038426047
1150.5	-2844.206667377565
1151.0	-2843.0914141416406
1151.5	-2842.553175927169
1152.0	-2842.276288665556
1152.5	-2842.120946199972
1153.0	-2842.0671892621876
1153.5	-2842.017203142241
1154.0	-2842.0102800937093
1154.5	-2841.9754266917994
1155.0	-2841.9039968529323
1155.5	-2841.756361029738
1156.0	-2841.473152967496
1156.5	-2840.9500304290364
1157.0	-2839.8380011601407
1157.5	-2834.1375396712465
1158.0	-2829.396187237513
1158.5	-2828.378577142518
1159.0	-2827.846486151174
1159.5	-2827.5318788251157
1160.0	-2827.3155113892735
1160.5	-2827.1414383319066
1161.0	-2826.9852125841153
1161.5	-2826.772855125409
1162.0	-2826.5010909624793
1162.5	-2826.059306707273
1163.0	-2825.3344347404945
1163.5	-2823.4699479989426
1164.0	-2820.3092496424547
1164.5	-2818.498081493622
1165.0	-2810.907316851204
1165.5	-2807.7528081988894
1166.0	-2806.72231919469
1166.5	-2806.188981139853
1167.0	-2805.8550398042244
1167.5	-2805.6818938779475
1168.0	-2805.558772349363
1168.5	-2805.4868444191065
1169.0	-2805.4383645618723
1169.5	-2805.3686671855457
1170.0	-2805.2656507726533
1170.5	-2805.072087537274
1171.0	-2804.753836796649
1171.5	-2804.117923940026
1172.0	-2802.790040324026
1172.5	-2795.0364104195355
1173.0	-2792.758777286966
1173.5	-2791.954393713602
1174.0	-2791.5379056438087
1174.5	-2791.3081581009214
1175.0	-2791.153298331457
1175.5	-2791.0845782394404
1176.0	-2790.9999932313935
1176.5	-2790.930990853874
1177.0	-2790.811768915747
1177.5	-2790.6393991833547
1178.0	-2790.3509461292733
1178.5	-2789.879820469714
1179.0	-2789.0804913040215
1179.5	-2787.3783277567754
1180.0	-2779.2595921826073
1180.5	-2777.134371207737
1181.0	-2776.0578601192883
1181.5	-2775.1001684524254
1182.0	-2773.701403591682
1182.5	-2770.6295367268294
1183.0	-2769.6576282035144
1183.5	-2768.772214542517
1184.0	-2768.2567108460566
1184.5	-2767.896880786557
1185.0	-2767.5349242712236
1185.5	-2767.1488882844205
1186.0	-2766.5847109126103
1186.5	-2765.712754637102
1187.0	-2763.843648724857
1187.5	-2755.864774485199
1188.0	-2754.133000526903
1188.5	-2753.2113929118186
1189.0	-2752.3909742821197
1189.5	-2751.7932740594993
1190.0	-2751.496262638752
1190.5	-2751.287722682606
1191.0	-2751.1530448839676
1191.5	-2751.0249435429305
1192.0	-2750.895345598409
1192.5	-2750.718759651732
1193.0	-2750.431212582106
1193.5	-2749.9949064805596
1194.0	-2749.1631463785834
1194.5	-2747.1320109274175
1195.0	-2739.463948475199
1195.5	-2738.0907400015785
1196.0	-2737.4394898867563
1196.5	-2737.052117676722
1197.0	-2736.8052992993867
1197.5	-2736.603317362572
1198.0	-2736.432611031627
1198.5	-2736.2316560741833
1199.0	-2735.9974033871713
1199.5	-2735.617969912846
1200.0	-2735.050463013839
1200.5	-2733.9338872142066
1201.0	-2730.6424703745874
1201.5	-2729.0158432958447
1202.0	-2726.2282980231707
1202.5	-2718.8549461710104
1203.0	-2717.537596750522
1203.5	-2716.917586002881
1204.0	-2716.5381291968697
1204.5	-2716.325466144976
1205.0	-2716.1940478978195
1205.5	-2716.1211292176126
1206.0	-2716.0692265800553
1206.5	-2716.0105174414953
1207.0	-2715.945101040232
1207.5	-2715.7991903852107
1208.0	-2715.56454048413
1208.5	-2715.1099366829785
1209.0	-2714.2278361802987
1209.5	-2711.1034855061666
1210.0	-2704.723357470602
1210.5	-2703.714181515441
1211.0	-2703.2292980687707
1211.5	-2702.977582574782
1212.0	-2702.8304772936517
1212.5	-2702.7668460813156
1213.0	-2702.6989058406325
1213.5	-2702.672551498619
1214.0	-2702.603212153647
1214.5	-2702.49549017519
1215.0	-2702.3119611857874
1215.5	-2701.987912984784
1216.0	-2701.431134381261
1216.5	-2700.327086839966
1217.0	-2695.154635652089
1217.5	-2690.584634056125
1218.0	-2689.439069263597
1218.5	-2688.6192336704635
1219.0	-2687.678978081088
1219.5	-2684.8588310991518
1220.0	-2683.8596642368816
1220.5	-2683.4383474932392
1221.0	-2683.159766286715
1221.5	-2682.966809327872
1222.0	-2682.7611245563126
1222.5	-2682.5341407481033
1223.0	-2682.1789862776654
1223.5	-2681.62738781406
1224.0	-2680.513632079542
1224.5	-2673.969900374733
1225.0	-2671.2324851512485
1225.5	-2670.4132922514923
1226.0	-2670.0145775208666
1226.5	-2669.781423143504
1227.0	-2669.677478012549
1227.5	-2669.60374254771
1228.0	-2669.5709478827757
1228.5	-2669.5453979660547
1229.0	-2669.4976064524653
1229.5	-2669.407365015956
1230.0	-2669.2343206781075
1230.5	-2668.9363342919632
1231.0	-2668.348834267223
1231.5	-2667.1318502276627
1232.0	-2660.0872650946503
1232.5	-2657.962215459384
1233.0	-2657.170242982355
1233.5	-2656.72562646225
1234.0	-2656.4258312940515
1234.5	-2656.171876452536
1235.0	-2655.9479817324327
1235.5	-2655.631303994286
1236.0	-2655.0575418490953
1236.5	-2654.4834811993005
1237.0	-2653.933683668643
1237.5	-2653.0714909164612
1238.0	-2650.308449834999
1238.5	-2648.450630473243
1239.0	-2646.6295199745546
1239.5	-2639.242031460979
1240.0	-2637.381149989017
1240.5	-2636.6197929164123
1241.0	-2636.171244197016
1241.5	-2635.9231067621126
1242.0	-2635.7677562872286
1242.5	-2635.6744372748553
1243.0	-2635.617070516541
1243.5	-2635.5667353855933
1244.0	-2635.5117459849585
1244.5	-2635.393139338584
1245.0	-2635.228044169519
1245.5	-2634.8829902912007
1246.0	-2634.2557000509223
1246.5	-2632.729771700298
1247.0	-2625.644133675506
1247.5	-2624.228399125587
1248.0	-2623.638991508549
1248.5	-2623.3434493187647
1249.0	-2623.167093935346
1249.5	-2623.083613891224
1250.0	-2623.0247400756593
1250.5	-2622.9960896416583
1251.0	-2622.9372438142614
1251.5	-2622.863260336406
1252.0	-2622.7237288047263
1252.5	-2622.4736640580095
1253.0	-2622.055150383686
1253.5	-2621.271345131571
1254.0	-2619.3797443655812
1254.5	-2612.283798851358
1255.0	-2610.8741730368506
1255.5	-2610.0267459475094
1256.0	-2609.2291865682014
1256.5	-2607.3134515982056
1257.0	-2605.4962064318574
1257.5	-2605.0004650508777
1258.0	-2604.7071282936004
1258.5	-2604.5198566453655
1259.0	-2604.3292670656315
1259.5	-2604.141300688137
1260.0	-2603.865379426947
1260.5	-2603.4455099280926
1261.0	-2602.665917242225
1261.5	-2600.510515022025
1262.0	-2593.9577551414204
1262.5	-2592.88293141745
1263.0	-2592.408378763809
1263.5	-2592.1431451072635
1264.0	-2592.0192757969958
1264.5	-2591.937230455278
1265.0	-2591.915018610255
1265.5	-2591.895157202126
1266.0	-2591.8640644522334
1266.5	-2591.817656426974
1267.0	-2591.6987319415807
1267.5	-2591.4850659215613
1268.0	-2591.0682802077226
1268.5	-2590.2651855698064
1269.0	-2587.4660618944226
1269.5	-2581.5585630806627
1270.0	-2580.594716126168
1270.5	-2580.1143875850735
1271.0	-2579.822735036425
1271.5	-2579.629495443252
1272.0	-2579.4851457413865
1272.5	-2579.326054348281
1273.0	-2579.1676877645937
1273.5	-2578.9187691984766
1274.0	-2578.566921088221
1274.5	-2577.9586542722845
1275.0	-2576.512791377285
1275.5	-2573.8357032822423
1276.0	-2572.4127922745347
1276.5	-2567.737834033182
1277.0	-2563.3972562078147
1277.5	-2562.4558816968297
1278.0	-2561.9456107412143
1278.5	-2561.6636487180267
1279.0	-2561.4767692339587
1279.5	-2561.3660533201923
1280.0	-2561.2974795421646
1280.5	-2561.2332512401254
1281.0	-2561.1671528496145
1281.5	-2561.0634319842843
1282.0	-2560.912410864266
1282.5	-2560.617913587672
1283.0	-2560.1330168569484
1283.5	-2559.1176197203276
1284.0	-2553.2057218972313
1284.5	-2550.607904907319
1285.0	-2549.828788973254
1285.5	-2549.4173116569664
1286.0	-2549.1452720323127
1286.5	-2548.9795052141258
1287.0	-2548.8200719300658
1287.5	-2548.674751668055
1288.0	-2548.466471611968
1288.5	-2548.093750586536
1289.0	-2547.569799986188
1289.5	-2547.1741409707492
1290.0	-2546.698213957904
1290.5	-2545.961102930473
1291.0	-2544.6122355522507
1291.5	-2537.9342837619706
1292.0	-2535.5778152771045
1292.5	-2534.201591020595
1293.0	-2533.1480731954625
1293.5	-2531.874070213394
1294.0	-2529.2956012447407
1294.5	-2528.591378959668
1295.0	-2528.1950232945924
1295.5	-2527.9274531074375
1296.0	-2527.6838629148547
1296.5	-2527.473451620897
1297.0	-2527.1923126496995
1297.5	-2526.8194435550745
1298.0	-2526.2071737011624
1298.5	-2524.9402968987824
1299.0	-2518.4327031887374
1299.5	-2516.835751805528
1300.0	-2516.2306387980743
1300.5	-2515.893070070229
1301.0	-2515.719923203669
1301.5	-2515.6064357739588
1302.0	-2515.556800638643
1302.5	-2515.5167005625085
1303.0	-2515.4806133163247
1303.5	-2515.4345519105573
1304.0	-2515.3319574221696
1304.5	-2515.1608897982355
1305.0	-2514.8419050842267
1305.5	-2514.265108777491
1306.0	-2512.8550977309
1306.5	-2506.372407571706
1307.0	-2505.0320932478903
1307.5	-2504.4539482806954
1308.0	-2504.1260752026037
1308.5	-2503.912487117118
1309.0	-2503.7633421275905
1309.5	-2503.611587853349
1310.0	-2503.476730352967
1310.5	-2503.2681167629758
1311.0	-2502.9834089423894
1311.5	-2502.5147044011346
1312.0	-2501.596363525075
1312.5	-2498.8873427654426
1313.0	-2497.614748517486
1313.5	-2495.720350626098
1314.0	-2489.2282698552044
1314.5	-2487.994908635009
1315.0	-2487.4103047413414
1315.5	-2487.0964738987755
1316.0	-2486.9003844308404
1316.5	-2486.7939106898357
1317.0	-2486.7354187522487
1317.5	-2486.692353376001
1318.0	-2486.658888447355
1318.5	-2486.6001450818926
1319.0	-2486.5130082424
1319.5	-2486.3134072815847
1320.0	-2485.9876576215256
1320.5	-2485.3185122364102
1321.0	-2483.4213704661734
1321.5	-2477.4175076350098
1322.0	-2476.442369091896
1322.5	-2476.006266968539
1323.0	-2475.7585865658334
1323.5	-2475.645915769141
1324.0	-2475.563169453934
1324.5	-2475.5263937516306
1325.0	-2475.485184070167
1325.5	-2475.4395222380813
1326.0	-2475.354360800922
1326.5	-2475.2025672562795
1327.0	-2474.9591033217907
1327.5	-2474.5130549556707
1328.0	-2473.693915612117
1328.5	-2471.12244069373
1329.0	-2465.518630885198
1329.5	-2464.42953787512
1330.0	-2463.6983033429874
1330.5	-2462.862219004596
1331.0	-2460.4549281829586
1331.5	-2459.6601908415955
1332.0	-2459.300058650902
1332.5	-2459.085217058776
1333.0	-2458.8989011223002
1333.5	-2458.7506105048433
1334.0	-2458.550391621033
1334.5	-2458.2776193192385
1335.0	-2457.8395382595495
1335.5	-2457.0046605041803
1336.0	-2453.2469704268456
1336.5	-2449.140854736442
1337.0	-2448.3676733995535
1337.5	-2447.9645509207544
1338.0	-2447.746970738614
1338.5	-2447.6085682050098
1339.0	-2447.5256094758415
1339.5	-2447.4520784789083
1340.0	-2447.373961907269
1340.5	-2447.2616043822754
1341.0	-2447.0167338833176
1341.5	-2446.533048072989
1342.0	-2446.143847891618
1342.5	-2445.647778454984
1343.0	-2444.690825533425
1343.5	-2439.382447242534
1344.0	-2436.885859511086
1344.5	-2436.145489021321
1345.0	-2435.754833320928
1345.5	-2435.500689195958
1346.0	-2435.3338051658875
1346.5	-2435.175387352277
1347.0	-2435.0434466685533
1347.5	-2434.857707766566
1348.0	-2434.6114509269664
1348.5	-2434.2388720372246
1349.0	-2433.5626441585005
1349.5	-2431.2071023898957
1350.0	-2429.835033276052
1350.5	-2428.525872488883
1351.0	-2422.5793400440725
1351.5	-2420.641537902119
1352.0	-2419.9304690816343
1352.5	-2419.5543401105056
1353.0	-2419.33062622595
1353.5	-2419.2065785855866
1354.0	-2419.140193550707
1354.5	-2419.089257201864
1355.0	-2419.068246997574
1355.5	-2419.0179971541174
1356.0	-2418.95233326322
1356.5	-2418.806527756114
1357.0	-2418.561932968191
1357.5	-2418.086583694737
1358.0	-2417.0118982421973
1358.5	-2411.1243285135456
1359.0	-2409.648173195989
1359.5	-2409.101499362694
1360.0	-2408.8143042780594
1360.5	-2408.671965644229
1361.0	-2408.5748756298153
1361.5	-2408.533516233328
1362.0	-2408.499702145491
1362.5	-2408.458679389388
1363.0	-2408.399016974601
1363.5	-2408.2848323575217
1364.0	-2408.100836140215
1364.5	-2407.7561145071986
1365.0	-2407.174116613392
1365.5	-2405.8327998734653
1366.0	-2399.7678458770497
1366.5	-2398.349829400954
1367.0	-2397.577815455754
1367.5	-2396.8552611333293
1368.0	-2394.941918031337
1368.5	-2393.696447855381
1369.0	-2393.282308673772
1369.5	-2393.0589006926803
1370.0	-2392.8862270148893
1370.5	-2392.746811061954
1371.0	-2392.585051860587
1371.5	-2392.375637896886
1372.0	-2392.051891417293
1372.5	-2391.4575575452504
1373.0	-2390.0455539875497
1373.5	-2384.2196130872844
1374.0	-2383.1616032609613
1374.5	-2382.690916637941
1375.0	-2382.453474869582
1375.5	-2382.320247721976
1376.0	-2382.2489117378555
1376.5	-2382.222470990598
1377.0	-2382.197215720744
1377.5	-2382.177418381238
1378.0	-2382.1254371011987
1378.5	-2382.042836137886
1379.0	-2381.8542299954124
1379.5	-2381.5392831441823
1380.0	-2380.9194805928514
1380.5	-2379.227057804999
1381.0	-2373.621555547512
1381.5	-2372.661289290257
1382.0	-2372.209446321287
1382.5	-2371.9228455025104
1383.0	-2371.748760727579
1383.5	-2371.588998462111
1384.0	-2371.4460790714816
1384.5	-2371.2830296006746
1385.0	-2371.0641513503747
1385.5	-2370.7412331969417
1386.0	-2370.1989234508383
1386.5	-2368.748716092616
1387.0	-2366.721646063837
1387.5	-2365.6446461082705
1388.0	-2363.2960636590083
1388.5	-2357.99623340688
1389.0	-2357.0521466611144
1389.5	-2356.567979995809
1390.0	-2356.2742816088116
1390.5	-2356.0668621725754
1391.0	-2355.936901384362
1391.5	-2355.8120669677164
1392.0	-2355.707259585395
1392.5	-2355.5618067451555
1393.0	-2355.3797209402132
1393.5	-2355.0769292301466
1394.0	-2354.473166587616
1394.5	-2353.8250372076936
1395.0	-2352.8602852626523
1395.5	-2349.583232285449
1396.0	-2344.972274189443
1396.5	-2344.0494490380747
1397.0	-2343.548565592039
1397.5	-2343.2629356696452
1398.0	-2343.073038467134
1398.5	-2342.939915518532
1399.0	-2342.84556252494
1399.5	-2342.753156190205
1400.0	-2342.6602738643805
1400.5	-2342.520526773247
1401.0	-2342.343325391079
1401.5	-2342.03941256866
1402.0	-2341.559833634792
1402.5	-2340.65593217863
1403.0	-2335.953511291866
1403.5	-2333.2491978019907
1404.0	-2332.359426349893
1404.5	-2331.6665922512248
1405.0	-2330.5535473116074
1405.5	-2328.585602369537
1406.0	-2328.0895101561796
1406.5	-2327.8268288605095
1407.0	-2327.6426712367547
1407.5	-2327.4991082488486
1408.0	-2327.355051615372
1408.5	-2327.1669810606527
1409.0	-2326.9140805651855
1409.5	-2326.4690590932664
1410.0	-2325.5944332262975
1410.5	-2320.433399583991
1411.0	-2318.6224701735596
1411.5	-2318.030497035355
1412.0	-2317.7356880182606
1412.5	-2317.5804940509843
1413.0	-2317.490211613904
1413.5	-2317.455723917851
1414.0	-2317.428516201275
1414.5	-2317.4221314051033
1415.0	-2317.3776899037925
1415.5	-2317.320907945395
1416.0	-2317.1926904675315
1416.5	-2316.9564205030697
1417.0	-2316.5268486469963
1417.5	-2315.5609124127927
1418.0	-2310.1838047467504
1418.5	-2308.7163044308722
1419.0	-2308.1755111589605
1419.5	-2307.857827873816
1420.0	-2307.668642834676
1420.5	-2307.5260647956934
1421.0	-2307.403084306525
1421.5	-2307.2727802145523
1422.0	-2307.1025018442915
1422.5	-2306.8615519663826
1423.0	-2306.4480472464184
1423.5	-2305.5987706414476
1424.0	-2303.367038810891
1424.5	-2302.428954450993
1425.0	-2301.1156412778378
1425.5	-2295.557240833197
1426.0	-2294.263592882459
1426.5	-2293.7170722151736
1427.0	-2293.4266636394364
1427.5	-2293.2474674878185
1428.0	-2293.1601104016313
1428.5	-2293.0970791670065
1429.0	-2293.0704866495807
1429.5	-2293.035694658678
1430.0	-2292.9985962493065
1430.5	-2292.92469063758
1431.0	-2292.780849658928
1431.5	-2292.5357677727006
1432.0	-2292.039892443411
1432.5	-2290.836032777697
1433.0	-2285.4705655437306
1433.5	-2284.454824893014
1434.0	-2284.0145245944177
1434.5	-2283.788940211167
1435.0	-2283.664650185726
1435.5	-2283.588226556107
1436.0	-2283.5507705168725
1436.5	-2283.5098604662285
1437.0	-2283.4754399649632
1437.5	-2283.392251717207
1438.0	-2283.2802988444546
1438.5	-2283.071600472641
1439.0	-2282.724344233586
1439.5	-2282.102570151961
1440.0	-2280.556584751687
1440.5	-2275.2017827769296
1441.0	-2274.1037087971895
1441.5	-2273.4081940337055
1442.0	-2272.5687252526513
1442.5	-2270.488017421028
1443.0	-2269.878690681621
1443.5	-2269.5744107942287
1444.0	-2269.3712324167764
1444.5	-2269.2049147959588
1445.0	-2269.0433572037396
1445.5	-2268.833402229197
1446.0	-2268.546421338341
1446.5	-2267.9808086712005
1447.0	-2267.1277576651564
1447.5	-2265.2889955424803
1448.0	-2260.339743040349
1448.5	-2259.5101735184207
1449.0	-2259.119610557864
1449.5	-2258.908198204037
1450.0	-2258.778790466867
1450.5	-2258.7219480441795
1451.0	-2258.6768228521237
1451.5	-2258.6591591681554
1452.0	-2258.6193199570976
1452.5	-2258.5709386299673
1453.0	-2258.470126401391
1453.5	-2258.290553758595
1454.0	-2257.972918106855
1454.5	-2257.326747996849
1455.0	-2255.0438760052507
1455.5	-2250.7025981618344
1456.0	-2249.991560872039
1456.5	-2249.612486006339
1457.0	-2249.3967656745167
1457.5	-2249.241863563522
1458.0	-2249.113386909095
1458.5	-2248.996108236679
1459.0	-2248.843245428145
1459.5	-2248.6406393445395
1460.0	-2248.305332711253
1460.5	-2247.695940350949
1461.0	-2245.5946265894027
1461.5	-2244.653206522624
1462.0	-2243.699036238138
1462.5	-2239.875045753914
1463.0	-2236.925480297241
1463.5	-2236.233096659703
1464.0	-2235.885183951194
1464.5	-2235.674485397786
1465.0	-2235.5721051115092
1465.5	-2235.4986431538587
1466.0	-2235.4642096296357
1466.5	-2235.4386526914363
1467.0	-2235.409483915161
1467.5	-2235.355604807761
1468.0	-2235.252189920244
1468.5	-2235.0722356886454
1469.0	-2234.7139918398775
1469.5	-2233.977936976991
1470.0	-2229.4232343615863
1470.5	-2227.5583870398946
1471.0	-2226.997365702057
1471.5	-2226.723828567728
1472.0	-2226.5734743941503
1472.5	-2226.4847522106625
1473.0	-2226.444659245025
1473.5	-2226.40595480695
1474.0	-2226.3783266490536
1474.5	-2226.3179606542867
1475.0	-2226.2355085593904
1475.5	-2226.0730500804175
1476.0	-2225.8143765260206
1476.5	-2225.3579495710173
1477.0	-2224.419844405669
1477.5	-2219.4263858707877
1478.0	-2217.8049116420048
1478.5	-2217.0581131649087
1479.0	-2216.3365365873024
1479.5	-2214.4275909445328
1480.0	-2213.6383632143147
1480.5	-2213.3197436636974
1481.0	-2213.130989021259
1481.5	-2212.9938488908642
1482.0	-2212.878910701754
1482.5	-2212.749991860161
1483.0	-2212.591900675238
1483.5	-2212.32657113779
1484.0	-2211.897073286366
1484.5	-2210.9350402442346
1485.0	-2205.9542222084833
1485.5	-2204.7569631662586
1486.0	-2204.2924748753608
1486.5	-2204.0517880826496
1487.0	-2203.9113654301846
1487.5	-2203.844336438815
1488.0	-2203.7936104170194
1488.5	-2203.7722654332606
1489.0	-2203.733680512497
1489.5	-2203.689121809299
1490.0	-2203.5984980646112
1490.5	-2203.4513188239803
1491.0	-2203.19404758117
1491.5	-2202.711385722402
1492.0	-2201.6182681891382
1492.5	-2196.600252813557
1493.0	-2195.5542099047307
1493.5	-2195.066716835142
1494.0	-2194.7794185826942
1494.5	-2194.5630649465593
1495.0	-2194.3842754479388
1495.5	-2194.211040019961
1496.0	-2194.0048257998756
1496.5	-2193.7480776116
1497.0	-2193.3690584246633
1497.5	-2192.76920422546
1498.0	-2190.8651257848287
1498.5	-2189.4190304871745
1499.0	-2188.1677529245926
1499.5	-2186.285915261028
1500.0	-2181.1172894592814
1500.5	-2180.044364817112
1501.0	-2179.5189945545803
1501.5	-2179.1953636641424
1502.0	-2179.0030196268
1502.5	-2178.8598320956944
1503.0	-2178.772858556679
1503.5	-2178.6987027386294
1504.0	-2178.6348581290285
1504.5	-2178.557468005424
1505.0	-2178.448843445717
1505.5	-2178.2840537580537
1506.0	-2177.991021531466
1506.5	-2177.467206870384
1507.0	-2175.989009783405
1507.5	-2171.35599340377
1508.0	-2170.5833801724107
1508.5	-2170.230457017462
1509.0	-2170.0317488462165
1509.5	-2169.9166361445486
1510.0	-2169.851827715572
1510.5	-2169.7998204977384
1511.0	-2169.7644939694405
1511.5	-2169.706036953125
1512.0	-2169.6364593888316
1512.5	-2169.497502895158
1513.0	-2169.2928552353974
1513.5	-2168.937859201738
1514.0	-2168.283431552053
1514.5	-2166.323169789152
1515.0	-2161.9440199214578
1515.5	-2161.0655973536914
1516.0	-2160.3849021706274
1516.5	-2159.0101025020044
1517.0	-2157.7196225067273
1517.5	-2157.3626617307054
1518.0	-2157.157568447759
1518.5	-2157.0215034339385
1519.0	-2156.915896781056
1519.5	-2156.8072107472403
1520.0	-2156.6815261489323
1520.5	-2156.4787458141454
1521.0	-2156.168339658092
1521.5	-2155.536302173481
1522.0	-2152.7741985741845
1522.5	-2149.514623389467
1523.0	-2148.920510683948
1523.5	-2148.6334462293817
1524.0	-2148.479912483827
1524.5	-2148.4070275100544
1525.0	-2148.3626791863308
1525.5	-2148.354102530791
1526.0	-2148.3354608999643
1526.5	-2148.3208225694702
1527.0	-2148.2690810202407
1527.5	-2148.1797351436376
1528.0	-2148.0064253360156
1528.5	-2147.6783887275997
1529.0	-2147.00719004969
1529.5	-2142.9904857461584
1530.0	-2141.028852191516
1530.5	-2140.4646042299555
1531.0	-2140.176110564408
1531.5	-2139.980983289234
1532.0	-2139.851145715924
1532.5	-2139.736672967132
1533.0	-2139.614225698473
1533.5	-2139.4633316894415
1534.0	-2139.2347727657584
1534.5	-2138.8650192467567
1535.0	-2137.872948667519
1535.5	-2136.2176080784584
1536.0	-2135.523980990198
1536.5	-2134.598690075533
1537.0	-2130.078902879922
1537.5	-2128.563473222138
1538.0	-2128.029759687705
1538.5	-2127.743757095179
1539.0	-2127.589820624045
1539.5	-2127.488784277331
1540.0	-2127.447970520145
1540.5	-2127.4097116084313
1541.0	-2127.389242690463
1541.5	-2127.353757919127
1542.0	-2127.2962380809736
1542.5	-2127.1910377678273
1543.0	-2126.990499957681
1543.5	-2126.6297145447793
1544.0	-2125.7988475558195
1544.5	-2121.2486374497585
1545.0	-2120.075624149862
1545.5	-2119.6416644931096
1546.0	-2119.405224509906
1546.5	-2119.2752080193522
1547.0	-2119.1975494138132
1547.5	-2119.140521809263
1548.0	-2119.100548954176
1548.5	-2119.043564843315
1549.0	-2118.975703605451
1549.5	-2118.8478367472467
1550.0	-2118.665708530433
1550.5	-2118.3529677222555
1551.0	-2117.823765312152
1551.5	-2116.699166335079
1552.0	-2111.763027350418
1552.5	-2110.3976848134453
1553.0	-2109.6273540723378
1553.5	-2108.691311428229
1554.0	-2106.9505271134026
1554.5	-2106.5115262539443
1555.0	-2106.2627139464207
1555.5	-2106.1066273790284
1556.0	-2105.9874450382335
1556.5	-2105.880539960262
1557.0	-2105.7636703056714
1557.5	-2105.595210014739
1558.0	-2105.3497596723796
1558.5	-2104.892546519148
1559.0	-2103.813805230933
1559.5	-2099.289769423802
1560.0	-2098.455224602154
1560.5	-2098.090802751548
1561.0	-2097.902773762355
1561.5	-2097.8041743363947
1562.0	-2097.7470036068635
1562.5	-2097.729525471416
1563.0	-2097.7107616768353
1563.5	-2097.7021364816364
1564.0	-2097.660200603543
1564.5	-2097.5971269259558
1565.0	-2097.461168876265
1565.5	-2097.218806038848
1566.0	-2096.7495823602617
1566.5	-2095.466929505797
1567.0	-2091.1039320841655
1567.5	-2090.350945144214
1568.0	-2090.002354348365
1568.5	-2089.7802797963186
1569.0	-2089.6437315886137
1569.5	-2089.5214781997693
1570.0	-2089.408395671158
1570.5	-2089.2714269507696
1571.0	-2089.0802857472345
1571.5	-2088.7758827748708
1572.0	-2088.128122844771
1572.5	-2086.357956517409
1573.0	-2085.689703305021
1573.5	-2084.9922711661256
1574.0	-2083.2808291221836
1574.5	-2079.1764223142213
1575.0	-2078.4765883061486
1575.5	-2078.138570486717
1576.0	-2077.951446716693
1576.5	-2077.838520276226
1577.0	-2077.7852233185963
1577.5	-2077.746854931244
1578.0	-2077.7326340976324
1578.5	-2077.700864596134
1579.0	-2077.6661503903756
1579.5	-2077.5827585999186
1580.0	-2077.4383779727877
1580.5	-2077.1711178246633
1581.0	-2076.6236919018997
1581.5	-2074.426854513844
1582.0	-2071.048866437519
1582.5	-2070.488375709495
1583.0	-2070.205350484599
1583.5	-2070.063595323603
1584.0	-2069.971220591443
1584.5	-2069.9210853028353
1585.0	-2069.8851561016486
1585.5	-2069.849959460089
1586.0	-2069.8014498754983
1586.5	-2069.7201371341303
1587.0	-2069.5962435972456
1587.5	-2069.3743202049695
1588.0	-2069.016068659902
1588.5	-2068.3070553722996
1589.0	-2064.689390651505
1589.5	-2062.483978844384
1590.0	-2061.7269178790925
1590.5	-2060.988409131029
1591.0	-2059.226875714336
1591.5	-2058.7010130715034
1592.0	-2058.4400952980295
1592.5	-2058.282822086282
1593.0	-2058.1593781652496
1593.5	-2058.064997203179
1594.0	-2057.9450373479654
1594.5	-2057.8113340078003
1595.0	-2057.5908893843125
1595.5	-2057.247157316908
1596.0	-2056.536859798224
1596.5	-2052.510381349123
1597.0	-2051.042624940348
1597.5	-2050.557312024182
1598.0	-2050.293794733853
1598.5	-2050.1339035455176
1599.0	-2050.0224215751928
1599.5	-2049.9370841152054
1600.0	-2049.8576737757608
1600.5	-2049.756263468945
1601.0	-2049.6216480290036
1601.5	-2049.3850336002056
1602.0	-2048.9826451910553
1602.5	-2048.5712243512
1603.0	-2048.089995701341
1603.5	-2047.2030914519707
1604.0	-2042.87522073321
1604.5	-2041.5188790218585
1605.0	-2040.8067575148232
1605.5	-2040.4265448476087
1606.0	-2040.1887151200926
1606.5	-2039.9991311682045
1607.0	-2039.8348982075527
1607.5	-2039.6614558137733
1608.0	-2039.4517305145346
1608.5	-2039.1473303406556
1609.0	-2038.5854524100816
1609.5	-2036.8731627061175
1610.0	-2036.2144917524508
1610.5	-2035.631209608322
1611.0	-2034.6482544604182
1611.5	-2030.3239645773729
1612.0	-2029.3067441147314
1612.5	-2028.8894242194144
1613.0	-2028.6476709526755
1613.5	-2028.5183446978733
1614.0	-2028.4300000805777
1614.5	-2028.3911564191296
1615.0	-2028.351903082925
1615.5	-2028.3297938931212
1616.0	-2028.2889650700613
1616.5	-2028.2256534776682
1617.0	-2028.111014929309
1617.5	-2027.9082138501349
1618.0	-2027.519642643959
1618.5	-2026.5710406422234
1619.0	-2022.374692589098
1619.5	-2021.5642978987785
1620.0	-2021.224735345665
1620.5	-2021.039347792053
1621.0	-2020.9431575687638
1621.5	-2020.8760671194843
1622.0	-2020.846484709666
1622.5	-2020.8077192763426
1623.0	-2020.7757480660646
1623.5	-2020.7067960905922
1624.0	-2020.6148313301806
1624.5	-2020.4386814633945
1625.0	-2020.163741888596
1625.5	-2019.6567515026625
1626.0	-2018.4333498982567
1626.5	-2014.1951801324255
1627.0	-2013.2634020293117
1627.5	-2012.489255599311
1628.0	-2010.7865876270403
1628.5	-2010.2814618717907
1629.0	-2010.0375994678473
1629.5	-2009.8944869087882
1630.0	-2009.7943922761406
1630.5	-2009.7240563450978
1631.0	-2009.6405778106596
1631.5	-2009.551232850114
1632.0	-2009.3991860400108
1632.5	-2009.1626267732047
1633.0	-2008.6953399920023
1633.5	-2007.3575497799352
1634.0	-2003.5040378569258
1634.5	-2002.8961800067352
1635.0	-2002.6109120176468
1635.5	-2002.4663808150608
1636.0	-2002.3869657561825
1636.5	-2002.3519914324092
1637.0	-2002.335398419843
1637.5	-2002.3247956322596
1638.0	-2002.3108946388488
1638.5	-2002.2755431543153
1639.0	-2002.2050000340234
1639.5	-2002.0669458109783
1640.0	-2001.8211848657622
1640.5	-2001.3121526978052
1641.0	-1999.52181163254
1641.5	-1996.1018874455929
1642.0	-1995.5348063456076
1642.5	-1995.2325143432467
1643.0	-1995.0565101738096
1643.5	-1994.912345459882
1644.0	-1994.80067801371
1644.5	-1994.6678061084829
1645.0	-1994.507263747341
1645.5	-1994.249761789373
1646.0	-1993.752206570934
1646.5	-1992.1579111386723
1647.0	-1991.5951027608933
1647.5	-1991.134141755865
1648.0	-1990.4695391031985
1648.5	-1987.501871311574
1649.0	-1985.2011978710464
1649.5	-1984.6756926079468
1650.0	-1984.398828950421
1650.5	-1984.2506470647736
1651.0	-1984.1559246754662
1651.5	-1984.1100968327369
1652.0	-1984.0702804820924
1652.5	-1984.052884668537
1653.0	-1984.0121007190105
1653.5	-1983.9629844475191
1654.0	-1983.860543701732
1654.5	-1983.698145727017
1655.0	-1983.390289852827
1655.5	-1982.7724132599933
1656.0	-1979.1406051722745
1656.5	-1977.6120565713134
1657.0	-1977.0595715025654
1657.5	-1976.597840775471
1658.0	-1976.3755775391471
1658.5	-1976.2504399346499
1659.0	-1976.1760168880828
1659.5	-1976.1126525923464
1660.0	-1976.0620541526553
1660.5	-1975.9893930183282
1661.0	-1975.9007481482874
1661.5	-1975.7453041651236
1662.0	-1975.520746076463
1662.5	-1975.1215928348008
1663.0	-1974.3507716399833
1663.5	-1970.3465419091383
1664.0	-1968.9873480093272
1664.5	-1968.1354009577246
1665.0	-1966.4641841141026
1665.5	-1965.951107706619
1666.0	-1965.703270472019
1666.5	-1965.554221844344
1667.0	-1965.4572208304994
1667.5	-1965.384889035641
1668.0	-1965.3151417894217
1668.5	-1965.238699878056
1669.0	-1965.1201585480078
1669.5	-1964.936577145943
1670.0	-1964.5981439797401
1670.5	-1963.8635267078175
1671.0	-1959.9344934326655
1671.5	-1959.0117706864864
1672.0	-1958.6488677107807
1672.5	-1958.473579332421
1673.0	-1958.3696798355377
1673.5	-1958.3272669222204
1674.0	-1958.297925125309
1674.5	-1958.2899596625489
1675.0	-1958.2754464514871
1675.5	-1958.2515831447627
1676.0	-1958.195921351797
1676.5	-1958.0937672019406
1677.0	-1957.9056501425102
1677.5	-1957.5427549936915
1678.0	-1956.6913047553514
1678.5	-1952.748113464521
1679.0	-1951.936445555845
1679.5	-1951.5716830564002
1680.0	-1951.364595750858
1680.5	-1951.2067647220958
1681.0	-1951.0903682990142
1681.5	-1950.956515136477
1682.0	-1950.8041571645667
1682.5	-1950.5611740026495
1683.0	-1950.1005786947962
1683.5	-1948.5900447498432
1684.0	-1948.0782067269388
1684.5	-1947.6926684974135
1685.0	-1947.1973235637327
1685.5	-1946.1439499418545
1686.0	-1942.2568862623884
1686.5	-1941.5421864757354
1687.0	-1941.2107631657707
1687.5	-1941.0384610415806
1688.0	-1940.932861399535
1688.5	-1940.883206431181
1689.0	-1940.8447517419747
1689.5	-1940.8339279434401
1690.0	-1940.8047763694485
1690.5	-1940.774965711779
1691.0	-1940.708558609146
1691.5	-1940.5946935271002
1692.0	-1940.3815198701716
1692.5	-1939.969879370595
1693.0	-1938.808884926928
1693.5	-1935.133448827004
1694.0	-1934.5320032544728
1694.5	-1934.2475963627664
1695.0	-1934.0939312559765
1695.5	-1933.994461188793
1696.0	-1933.9406199613943
1696.5	-1933.885674711878
1697.0	-1933.8473394011214
1697.5	-1933.7822774639612
1698.0	-1933.7022944515422
1698.5	-1933.5685009239842
1699.0	-1933.370889384599
1699.5	-1933.0475959433097
1700.0	-1932.4692662871037
1700.5	-1930.8241663739393
1701.0	-1927.2311009251885
1701.5	-1926.2535850961842
1702.0	-1924.5569950688098
1702.5	-1923.996440287249
1703.0	-1923.6864483206987
1703.5	-1923.4819725554003
1704.0	-1923.298231400378
1704.5	-1923.1146318345523
1705.0	-1922.8254732618568
1705.5	-1922.534886539154
1706.0	-1922.3093596784795
1706.5	-1922.0754796125816
1707.0	-1921.7508750389215
1707.5	-1921.1939963398193
1708.0	-1918.9321936228764
1708.5	-1916.283333482988
1709.0	-1915.7401408889455
1709.5	-1915.3925894205609
1710.0	-1915.031198590115
1710.5	-1914.8368843747332
1711.0	-1914.7400657322116
1711.5	-1914.6662805495262
1712.0	-1914.622426245502
1712.5	-1914.5589946663742
1713.0	-1914.4938241247132
1713.5	-1914.3846133471077
1714.0	-1914.2188590896283
1714.5	-1913.930187487394
1715.0	-1913.365304013894
1715.5	-1910.161052051624
1716.0	-1908.5642692843637
1716.5	-1908.1000620364036
1717.0	-1907.8352103174363
1717.5	-1907.659596639797
1718.0	-1907.5129926770428
1718.5	-1907.3832673034592
1719.0	-1907.2155042173142
1719.5	-1906.9955537969545
1720.0	-1906.5608670522151
1720.5	-1905.1337170393297
1721.0	-1904.6371886456914
1721.5	-1904.3048161979975
1722.0	-1903.911615501487
1722.5	-1903.2431224895204
1723.0	-1899.6961839208586
1723.5	-1898.5081233872643
1724.0	-1898.1000633090905
1724.5	-1897.883782486365
1725.0	-1897.7709630227203
1725.5	-1897.6984426613756
1726.0	-1897.6704164503108
1726.5	-1897.6463313612708
1727.0	-1897.638413013802
1727.5	-1897.6090303573053
1728.0	-1897.572042295826
1728.5	-1897.4851206397707
1729.0	-1897.33436903357
1729.5	-1897.044718407732
1730.0	-1896.3957984095807
1730.5	-1892.7753565391124
1731.0	-1891.8443546511426
1731.5	-1891.5012551730094
1732.0	-1891.3160488356273
1732.5	-1891.2195290785191
1733.0	-1891.156610130137
1733.5	-1891.1239989361152
1734.0	-1891.085683334891
1734.5	-1891.0579280569236
1735.0	-1890.9940013023797
1735.5	-1890.9099384920294
1736.0	-1890.7622580421892
1736.5	-1890.5267171905086
1737.0	-1890.11367185656
1737.5	-1889.2391104927922
1738.0	-1885.388164890306
1738.5	-1884.2270114411097
1739.0	-1882.5751960371826
1739.5	-1882.0070230791182
1740.0	-1881.7433420014556
1740.5	-1881.5837752628888
1741.0	-1881.494195897367
1741.5	-1881.4217470240305
1742.0	-1881.3780490499487
1742.5	-1881.319389683146
1743.0	-1881.2549639413414
1743.5	-1881.1399866173967
1744.0	-1880.9597452092862
1744.5	-1880.6140824201068
1745.0	-1879.764811519778
1745.5	-1876.1675001847016
1746.0	-1875.5019582554498
1746.5	-1875.2186922397095
1747.0	-1875.069540907337
1747.5	-1874.9971969448154
1748.0	-1874.9521072638856
1748.5	-1874.9390019343462
1749.0	-1874.9239258012133
1749.5	-1874.9151522151383
1750.0	-1874.8792335518183
1750.5	-1874.8283275405513
1751.0	-1874.7107765142157
1751.5	-1874.514784710335
1752.0	-1874.1272042744863
1752.5	-1873.1022530873709
1753.0	-1869.5953054432434
1753.5	-1868.9809232623222
1754.0	-1868.678424747588
1754.5	-1868.481425215069
1755.0	-1868.336678040891
1755.5	-1868.2006363922274
1756.0	-1868.051370088054
1756.5	-1867.8367953100114
1757.0	-1867.4644202172624
1757.5	-1866.1060658523727
1758.0	-1865.6095275994794
1758.5	-1865.2952877410478
1759.0	-1864.9724952005695
1759.5	-1864.4698888358062
1760.0	-1863.1437345591896
1760.5	-1859.8594989222333
1761.0	-1859.291023500596
1761.5	-1858.9879231061013
1762.0	-1858.7702580225905
1762.5	-1858.487092738483
1763.0	-1858.326859238489
1763.5	-1858.2550320407702
1764.0	-1858.2032296272685
1764.5	-1858.1651813426329
1765.0	-1858.1113238983928
1765.5	-1858.0398240341333
1766.0	-1857.9051262942571
1766.5	-1857.6879572617468
1767.0	-1857.23585503991
1767.5	-1855.460557168561
1768.0	-1852.7633629535546
1768.5	-1852.3086503303368
1769.0	-1852.0771267342484
1769.5	-1851.9517169381666
1770.0	-1851.877148379917
1770.5	-1851.8269380219335
1771.0	-1851.7915760360547
1771.5	-1851.7533255136718
1772.0	-1851.7050582155623
1772.5	-1851.624785854058
1773.0	-1851.5087120208013
1773.5	-1851.3088199965996
1774.0	-1850.9888781752109
1774.5	-1850.3725470001332
1775.0	-1847.3809423648079
1775.5	-1845.4302022324002
1776.0	-1843.7713369274968
1776.5	-1843.1206692609937
1777.0	-1842.8304723917327
1777.5	-1842.661486482821
1778.0	-1842.5592054728986
1778.5	-1842.4915160411792
1779.0	-1842.4392367942537
1779.5	-1842.3966888159432
1780.0	-1842.3351208821136
1780.5	-1842.2526547719465
1781.0	-1842.1056049932326
1781.5	-1841.8571904415662
1782.0	-1841.3138781241369
1782.5	-1838.1065946775898
1783.0	-1836.9672224752926
1783.5	-1836.6074913415023
1784.0	-1836.4233105500637
1784.5	-1836.3313131663144
1785.0	-1836.2778955190147
1785.5	-1836.2536764905794
1786.0	-1836.242394454683
1786.5	-1836.2278749465597
1787.0	-1836.2075822862262
1787.5	-1836.1602945024395
1788.0	-1836.0801754742622
1788.5	-1835.9201276324743
1789.0	-1835.6429647268096
1789.5	-1835.020109641397
1790.0	-1831.6275435682908
1790.5	-1830.6911025470456
1791.0	-1830.3293891450903
1791.5	-1830.1047136455945
1792.0	-1829.9497733503836
1792.5	-1829.8143624083393
1793.0	-1829.66908768915
1793.5	-1829.479677518691
1794.0	-1829.155732817839
1794.5	-1827.9357124914063
1795.0	-1827.3706122057574
1795.5	-1827.0930276762183
1796.0	-1826.815140274818
1796.5	-1826.4445787029274
1797.0	-1825.6991221542653
1797.5	-1822.2574522645712
1798.0	-1821.4725516402932
1798.5	-1821.155281099014
1799.0	-1820.9770514348993
1799.5	-1820.8767340326613
1800.0	-1820.8153685265424
1800.5	-1820.78037198712
1801.0	-1820.754894463413
1801.5	-1820.7259923704216
1802.0	-1820.691772250869
1802.5	-1820.6268158083444
1803.0	-1820.523387534079
1803.5	-1820.3362666823136
1804.0	-1820.0064197997083
1804.5	-1819.188682647976
1805.0	-1815.7916456775563
1805.5	-1815.1185818109846
1806.0	-1814.8098929745533
1806.5	-1814.6102030558172
1807.0	-1814.4671673055389
1807.5	-1814.3246537488494
1808.0	-1814.13879171759
1808.5	-1813.8761526021892
1809.0	-1813.693542049439
1809.5	-1813.5447783327872
1810.0	-1813.3772449799337
1810.5	-1813.1701089035687
1811.0	-1812.8532789474416
1811.5	-1812.3553609367377
1812.0	-1811.2077349004999
1812.5	-1807.627524063622
1813.0	-1805.9407801116338
1813.5	-1805.0779520829906
1814.0	-1804.6926274665313
1814.5	-1804.427571136569
1815.0	-1804.1226885893
1815.5	-1803.9099808496169
1816.0	-1803.792817400223
1816.5	-1803.7041719603553
1817.0	-1803.6239835389204
1817.5	-1803.5202910479568
1818.0	-1803.3871856206372
1818.5	-1803.1686134426488
1819.0	-1802.7774496101586
1819.5	-1801.6006394230287
1820.0	-1798.5674146303993
1820.5	-1798.06915268983
1821.0	-1797.8423654466658
1821.5	-1797.7126051615837
1822.0	-1797.644322087874
1822.5	-1797.6027816166202
1823.0	-1797.5804641320888
1823.5	-1797.5646373273294
1824.0	-1797.5380394335727
1824.5	-1797.501696791869
1825.0	-1797.4306956585579
1825.5	-1797.3095709674317
1826.0	-1797.0864867986431
1826.5	-1796.6639301919947
1827.0	-1794.99797872237
1827.5	-1792.4371735722461
1828.0	-1791.969321809008
1828.5	-1791.7231584698625
1829.0	-1791.5485471470315
1829.5	-1791.4149699567554
1830.0	-1791.2771655114702
1830.5	-1791.1072942890007
1831.0	-1790.839510809725
1831.5	-1789.9331557993698
1832.0	-1789.129017056846
1832.5	-1788.8511164269185
1833.0	-1788.618819893999
1833.5	-1788.3162116326537
1834.0	-1787.8153124821893
1834.5	-1785.142101414296
1835.0	-1783.6282222587467
1835.5	-1783.2251162535717
1836.0	-1783.0333681716534
1836.5	-1782.9194536377986
1837.0	-1782.8631253856176
1837.5	-1782.8310590407361
1838.0	-1782.820940533805
1838.5	-1782.8076159917375
1839.0	-1782.7930586864627
1839.5	-1782.7636875318583
1840.0	-1782.6964787125278
1840.5	-1782.5772146558757
1841.0	-1782.3454906824709
1841.5	-1781.8509669788757
1842.0	-1778.8291023362665
1842.5	-1777.783624749883
1843.0	-1777.4369112787126
1843.5	-1777.2689100128616
1844.0	-1777.1647162177026
1844.5	-1777.1131285895892
1845.0	-1777.0687238683654
1845.5	-1777.040702708887
1846.0	-1777.0050330380036
1846.5	-1776.9520102211914
1847.0	-1776.871524843988
1847.5	-1776.744425444167
1848.0	-1776.5349105276757
1848.5	-1776.1789136541404
1849.0	-1775.4728934555042
1849.5	-1772.0702508889879
1850.0	-1770.5777966615753
1850.5	-1769.3179863682265
1851.0	-1768.9472303517568
1851.5	-1768.7357943378342
1852.0	-1768.6210723235736
1852.5	-1768.5368098937706
1853.0	-1768.4897287673837
1853.5	-1768.4456515774443
1854.0	-1768.407474503146
1854.5	-1768.3481317452993
1855.0	-1768.2603283172873
1855.5	-1768.1112162325414
1856.0	-1767.8302617608235
1856.5	-1767.1896520496746
1857.0	-1763.9971850726404
1857.5	-1763.3099415856645
1858.0	-1763.0309833560361
1858.5	-1762.8944314383057
1859.0	-1762.8104475458774
1859.5	-1762.7746406491806
1860.0	-1762.7478322231032
1860.5	-1762.738154143674
1861.0	-1762.7135791368394
1861.5	-1762.6884298590696
1862.0	-1762.6281063458512
1862.5	-1762.5299071602713
1863.0	-1762.354842055478
1863.5	-1762.0317355081697
1864.0	-1761.2531414504645
1864.5	-1758.0562045373083
1865.0	-1757.4246944501615
1865.5	-1757.1091248812484
1866.0	-1756.9034572320213
1866.5	-1756.7195777603642
1867.0	-1756.5362335404493
1867.5	-1756.2289646694974
1868.0	-1755.8687636867605
1868.5	-1755.2996348176293
1869.0	-1754.1460015585767
1869.5	-1753.8199311788521
1870.0	-1753.5785263253622
1870.5	-1753.3128298553522
1871.0	-1752.9222892167109
1871.5	-1752.0059364393771
1872.0	-1748.9180926706106
1872.5	-1748.3758889613946
1873.0	-1748.1242908947468
1873.5	-1747.9894367069571
1874.0	-1747.9086738724368
1874.5	-1747.872231952933
1875.0	-1747.8431370303347
1875.5	-1747.8381960041813
1876.0	-1747.813996254217
1876.5	-1747.7938847304479
1877.0	-1747.737621022206
1877.5	-1747.6456274560853
1878.0	-1747.4710957137045
1878.5	-1747.126591800634
1879.0	-1746.092459386899
1879.5	-1743.2007952203599
1880.0	-1742.7381519576795
1880.5	-1742.5188939360971
1881.0	-1742.3998797031643
1881.5	-1742.3276911918306
1882.0	-1742.2842072790436
1882.5	-1742.2463499523462
1883.0	-1742.2178810237895
1883.5	-1742.166546086037
1884.0	-1742.1076681192847
1884.5	-1741.993894640183
1885.0	-1741.8315153074466
1885.5	-1741.551369868622
1886.0	-1741.0551167506926
1886.5	-1739.5242192955373
1887.0	-1736.5525433508076
1887.5	-1735.0096142001516
1888.0	-1734.5293819007175
1888.5	-1734.2904340885948
1889.0	-1734.1439830096847
1889.5	-1734.0590358828129
1890.0	-1733.9992717464197
1890.5	-1733.9606213921675
1891.0	-1733.9184773025647
1891.5	-1733.8769542571454
1892.0	-1733.8009096121573
1892.5	-1733.6908551461072
1893.0	-1733.4829880606699
1893.5	-1733.081594943091
1894.0	-1731.008765757023
1894.5	-1729.1966943561486
1895.0	-1728.8230990037423
1895.5	-1728.6395510445227
1896.0	-1728.5457977297738
1896.5	-1728.4874429136214
1897.0	-1728.4642122509408
1897.5	-1728.4422772533767
1898.0	-1728.4328444172606
1898.5	-1728.4059457866088
1899.0	-1728.3704468044316
1899.5	-1728.2934334252075
1900.0	-1728.1676089796283
1900.5	-1727.933815790074
1901.0	-1727.4706052908227
1901.5	-1724.776835232308
1902.0	-1723.5624980885666
1902.5	-1723.1776432375752
1903.0	-1722.955057518654
1903.5	-1722.7947561302828
1904.0	-1722.6531004137237
1904.5	-1722.5090255062082
1905.0	-1722.3101570272233
1905.5	-1721.9763810004588
1906.0	-1720.81092835717
1906.5	-1720.4136634624258
1907.0	-1720.1684011915106
1907.5	-1719.9370694275594
1908.0	-1719.6207759092335
1908.5	-1719.0624300418867
1909.0	-1716.128736118295
1909.5	-1715.1599670214057
1910.0	-1714.7891892251414
1910.5	-1714.5592238263746
1911.0	-1714.3646292505061
1911.5	-1714.1265250615913
1912.0	-1713.9443897912645
1912.5	-1713.8430073996565
1913.0	-1713.7753724981972
1913.5	-1713.70670825869
1914.0	-1713.6384023926912
1914.5	-1713.5283728502898
1915.0	-1713.3759500251806
1915.5	-1713.100950691112
1916.0	-1712.5400274252775
1916.5	-1709.549742819061
1917.0	-1708.7782622177479
1917.5	-1708.4611773452016
1918.0	-1708.2838103548145
1918.5	-1708.1572587564442
1919.0	-1708.0626477706792
1919.5	-1707.9585525709035
1920.0	-1707.7919181775237
1920.5	-1707.591118822222
1921.0	-1707.4714189098386
1921.5	-1707.3457200478254
1922.0	-1707.1798097471187
1922.5	-1706.9452208383937
1923.0	-1706.5554394047824
1923.5	-1705.780141594126
1924.0	-1702.5204775796365
1924.5	-1700.870128906093
1925.0	-1700.135063816358
1925.5	-1699.82990865399
1926.0	-1699.647430090317
1926.5	-1699.5412790784558
1927.0	-1699.4627626182626
1927.5	-1699.4189655157447
1928.0	-1699.3700329649078
1928.5	-1699.3321118822425
1929.0	-1699.26665272853
1929.5	-1699.178098711968
1930.0	-1699.0226242044826
1930.5	-1698.7406005566186
1931.0	-1698.0485877589165
1931.5	-1695.110756315208
1932.0	-1694.5653091842596
1932.5	-1694.3304406889647
1933.0	-1694.2092992515177
1933.5	-1694.143042026869
1934.0	-1694.109544328464
1934.5	-1694.0898717389878
1935.0	-1694.081684039026
1935.5	-1694.0630900572473
1936.0	-1694.0427788017823
1936.5	-1693.9858060841973
1937.0	-1693.9019989740243
1937.5	-1693.729735058253
1938.0	-1693.4223456091152
1938.5	-1692.584990568439
1939.0	-1689.722251779143
1939.5	-1689.2118893241206
1940.0	-1688.9580710169046
1940.5	-1688.7918552112606
1941.0	-1688.6646295273067
1941.5	-1688.539364795181
1942.0	-1688.3937719778687
1942.5	-1688.1648512583208
1943.0	-1687.502072986398
1943.5	-1686.6496924730072
1944.0	-1686.401250803309
1944.5	-1686.207079947391
1945.0	-1685.967274087071
1945.5	-1685.600366243519
1946.0	-1684.5636146687261
1946.5	-1681.8905653718489
1947.0	-1681.4490719494786
1947.5	-1681.2465231843305
1948.0	-1681.131439565321
1948.5	-1681.075449883722
1949.0	-1681.0390168324702
1949.5	-1681.030523079507
1950.0	-1681.0159408794661
1950.5	-1681.0119228291999
1951.0	-1680.9825454687168
1951.5	-1680.9381306292903
1952.0	-1680.844868052152
1952.5	-1680.6737100450173
1953.0	-1680.3259269562432
1953.5	-1678.965253625117
1954.0	-1676.681740113051
1954.5	-1676.301402444099
1955.0	-1676.1185388071628
1955.5	-1676.015835746577
1956.0	-1675.955374041447
1956.5	-1675.9144982222883
1957.0	-1675.8869359113748
1957.5	-1675.851245605265
1958.0	-1675.8136234270678
1958.5	-1675.7415714039212
1959.0	-1675.644075969757
1959.5	-1675.4720857401494
1960.0	-1675.2036764587608
1960.5	-1674.6883044933766
1961.0	-1672.3159634007573
1961.5	-1670.459682895827
1962.0	-1669.1103186869598
1962.5	-1668.7063033020543
1963.0	-1668.5000331183505
1963.5	-1668.370946100962
1964.0	-1668.2949464132596
1964.5	-1668.2397047346717
1965.0	-1668.200070338484
1965.5	-1668.1620817360163
1966.0	-1668.111702309453
1966.5	-1668.0417750738397
1967.0	-1667.918226979884
1967.5	-1667.7092667375416
1968.0	-1667.2716220537293
1968.5	-1664.678950985
1969.0	-1663.6871343112782
1969.5	-1663.374258127703
1970.0	-1663.2052228852256
1970.5	-1663.1122231516904
1971.0	-1663.0410219170992
1971.5	-1662.9966596550641
1972.0	-1662.9282814201513
1972.5	-1662.8147114141964
1973.0	-1662.6359179654082
1973.5	-1662.5448509839375
1974.0	-1662.4391757381657
1974.5	-1662.29134598752
1975.0	-1662.042040027501
1975.5	-1661.5358966410279
1976.0	-1658.7628839787478
1976.5	-1657.9582400776173
1977.0	-1657.638299686669
1977.5	-1657.4486608183895
1978.0	-1657.3085609134205
1978.5	-1657.1864043570558
1979.0	-1657.0579586279694
1979.5	-1656.8809576599815
1980.0	-1656.5676551971335
1980.5	-1655.4973292762895
1981.0	-1655.1476265126273
1981.5	-1654.9373658946886
1982.0	-1654.7271137549096
1982.5	-1654.4338811782816
1983.0	-1653.8546825942617
1983.5	-1651.0378930968286
1984.0	-1650.388180921669
1984.5	-1650.12081656448
1985.0	-1649.9873595991942
1985.5	-1649.9049039205388
1986.0	-1649.8678452453173
1986.5	-1649.8430400258642
1987.0	-1649.835184313167
1987.5	-1649.8230178820208
1988.0	-1649.806792152482
1988.5	-1649.766230247261
1989.0	-1649.7005641668607
1989.5	-1649.5645359134294
1990.0	-1649.320332116893
1990.5	-1648.6954043594144
1991.0	-1645.926115046426
1991.5	-1645.380015657834
1992.0	-1645.155640882613
1992.5	-1645.0266158568647
1993.0	-1644.9585481866807
1993.5	-1644.907848734518
1994.0	-1644.8809913677637
1994.5	-1644.844593751889
1995.0	-1644.8142260528064
1995.5	-1644.7531543452662
1996.0	-1644.6747979576694
1996.5	-1644.5365915588359
1997.0	-1644.3253984954345
1997.5	-1643.9479427515828
1998.0	-1643.0757853219786
1998.5	-1640.1311565755752
1999.0	-1638.7600929643204
1999.5	-1638.0778234870752
2000.0	-1637.81114932145
2000.5	-1637.6541045625402
2001.0	-1637.5623342569936
2001.5	-1637.498017757226
2002.0	-1637.4543845230205
2002.5	-1637.4161414629273
2003.0	-1637.3718965152473
2003.5	-1637.3122833874934
2004.0	-1637.215110758301
2004.5	-1637.0520878135846
2005.0	-1636.7439632380842
2005.5	-1635.8356830655912
2006.0	-1633.2921582372758
2006.5	-1632.8797371085914
2007.0	-1632.6847709680242
2007.5	-1632.580052956748
2008.0	-1632.5147961787309
2008.5	-1632.4806197953812
2009.0	-1632.4509390135202
2009.5	-1632.4294856698712
2010.0	-1632.397674605868
2010.5	-1632.353371296186
2011.0	-1632.2786637949127
2011.5	-1632.1593247800267
2012.0	-1631.9535720671327
2012.5	-1631.5792886426498
2013.0	-1630.2770049350302
2013.5	-1628.0104234076996
2014.0	-1627.5403838155974
2014.5	-1627.1935550202397
2015.0	-1626.883263715347
2015.5	-1626.6853249943144
2016.0	-1626.5145455245158
2016.5	-1626.341498766156
2017.0	-1626.0991855445398
2017.5	-1625.5680523941598
2018.0	-1624.625783299208
2018.5	-1624.356820929082
2019.0	-1624.1241235621496
2019.5	-1623.861911569268
2020.0	-1623.4235287543447
2020.5	-1621.3213538306134
2021.0	-1619.929357061819
2021.5	-1619.5813245704592
2022.0	-1619.3874780030965
2022.5	-1619.2798733373547
2023.0	-1619.1981498028647
2023.5	-1619.1495131787633
2024.0	-1619.0939267109886
2024.5	-1619.0375068225087
2025.0	-1618.920248172514
2025.5	-1618.7344417788283
2026.0	-1618.6142139430244
2026.5	-1618.4763899979753
2027.0	-1618.2558039568803
2027.5	-1617.8329920021563
2028.0	-1615.3616861109424
2028.5	-1614.4417960577016
2029.0	-1614.139397526416
2029.5	-1613.9827400715926
2030.0	-1613.8897010583407
2030.5	-1613.8300427291958
2031.0	-1613.7903861316986
2031.5	-1613.7547890769856
2032.0	-1613.7181547789405
2032.5	-1613.6700750109876
2033.0	-1613.598421285552
2033.5	-1613.4901053539086
2034.0	-1613.3178083548755
2034.5	-1613.0293704866997
2035.0	-1612.4655702013865
2035.5	-1609.7076892756031
2036.0	-1608.6848417051453
2036.5	-1607.4399330194117
2037.0	-1607.054156247845
2037.5	-1606.8587920853574
2038.0	-1606.7468872023223
2038.5	-1606.6736384919175
2039.0	-1606.6285385430324
2039.5	-1606.5883619785109
2040.0	-1606.5562392911766
2040.5	-1606.503652064298
2041.0	-1606.4353291313241
2041.5	-1606.3067253172048
2042.0	-1606.0857512684618
2042.5	-1605.5650657165256
2043.0	-1602.9418294623163
2043.5	-1602.3567954972877
2044.0	-1602.1325068100832
2044.5	-1602.0092975167192
2045.0	-1601.9539592918532
2045.5	-1601.9154981961635
2046.0	-1601.9068654592154
2046.5	-1601.8925673480126
2047.0	-1601.8880522954198
2047.5	-1601.8646316547818
2048.0	-1601.8294899369719
2048.5000000000005	-1601.7523919839473
2049.0000000000005	-1601.6234496012876
2049.5000000000005	-1601.366997549269
2050.0000000000005	-1600.758773909789
2050.5000000000005	-1598.1265943340757
2051.0000000000005	-1597.6141374084311
2051.5000000000005	-1597.3721629494476
2052.0000000000005	-1597.2260147919053
2052.5000000000005	-1597.1167077155962
2053.0000000000005	-1597.019924357708
2053.5000000000005	-1596.9134917893973
2054.0000000000005	-1596.7717854241546
2054.5000000000005	-1596.5262492533166
2055.0000000000005	-1595.6097045704062
2055.5000000000005	-1595.1607904713119
2056.0000000000005	-1594.940798590566
2056.5000000000005	-1594.7191705306025
2057.0000000000005	-1594.3979621828098
2057.5000000000005	-1593.644642951033
2058.0000000000005	-1591.097121216772
2058.5000000000005	-1590.6562514523096
2059.0000000000005	-1590.4516284033516
2059.5000000000005	-1590.3435616110512
2060.0000000000005	-1590.283169235447
2060.5000000000005	-1590.252342428664
2061.0000000000005	-1590.2349840036372
2061.5000000000005	-1590.2288196782806
2062.0000000000005	-1590.215688108986
2062.5000000000005	-1590.2001833876618
2063.0000000000005	-1590.1553990397533
2063.5000000000005	-1590.0819084199727
2064.0000000000005	-1589.9349219696862
2064.5000000000005	-1589.651172656084
2065.0000000000005	-1588.7463643254018
2065.5000000000005	-1586.4043667507622
2066.0000000000005	-1586.0258578665414
2066.5000000000005	-1585.8539954483372
2067.0000000000005	-1585.7504781033203
2067.5000000000005	-1585.6993925325662
2068.0000000000005	-1585.656201874606
2068.5000000000005	-1585.6334822796612
2069.0000000000005	-1585.60101049295
2069.5000000000005	-1585.5690538135848
2070.0000000000005	-1585.5105142187265
2070.5000000000005	-1585.428532485551
2071.0000000000005	-1585.286302839237
2071.5000000000005	-1585.0684150955265
2072.0000000000005	-1584.6536917069568
2072.5000000000005	-1583.2201475677787
2073.0000000000005	-1581.0974377745476
2073.5000000000005	-1580.271958404214
2074.0000000000005	-1579.300508917495
2074.5000000000005	-1579.026650797861
2075.0000000000005	-1578.8693044619356
2075.5000000000005	-1578.7677537774941
2076.0000000000005	-1578.6895318044208
2076.5000000000005	-1578.6251776593695
2077.0000000000005	-1578.5468874897372
2077.5000000000005	-1578.4285460480332
2078.0000000000005	-1578.2113523764065
2078.5000000000005	-1578.0521493553283
2079.0000000000005	-1577.84391266962
2079.5000000000005	-1577.4649702677466
2080.0000000000005	-1575.3625120719792
2080.5000000000005	-1574.2296149406116
2081.0000000000005	-1573.929102463004
2081.5000000000005	-1573.7771610700559
2082.0000000000005	-1573.6942931578344
2082.5000000000005	-1573.6482539401336
2083.0000000000005	-1573.6228303905966
2083.5000000000005	-1573.6062440404419
2084.0000000000005	-1573.595436014743
2084.5000000000005	-1573.5736094052372
2085.0000000000005	-1573.5441467850933
2085.5000000000005	-1573.4791047149413
2086.0000000000005	-1573.3747148594114
2086.5000000000005	-1573.1769026476038
2087.0000000000005	-1572.7712195810554
2087.5000000000005	-1570.3832293080063
2088.0000000000005	-1569.5688678716135
2088.5000000000005	-1569.2764489645783
2089.0000000000005	-1569.116167358632
2089.5000000000005	-1568.9972692409733
2090.0000000000005	-1568.911027132973
2090.5000000000005	-1568.8131766879417
2091.0000000000005	-1568.7077063929519
2091.5000000000005	-1568.5420193875239
2092.0000000000005	-1568.2317875007534
2092.5000000000005	-1567.2562798886222
2093.0000000000005	-1566.9507380384523
2093.5000000000005	-1566.7200973911654
2094.0000000000005	-1566.4528335379391
2094.5000000000005	-1565.9511146901204
2095.0000000000005	-1563.456349199304
2095.5000000000005	-1562.7980447926138
2096.0000000000005	-1562.5493518364347
2096.5000000000005	-1562.4135332735414
2097.0000000000005	-1562.3409610849412
2097.5000000000005	-1562.2991506588364
2098.0000000000005	-1562.278040554252
2098.5000000000005	-1562.2640576951896
2099.0000000000005	-1562.255171381371
2099.5000000000005	-1562.236024125138
2100.0000000000005	-1562.2057068664894
2100.5000000000005	-1562.1415083394666
2101.0000000000005	-1562.0284466825633
2101.5000000000005	-1561.8123362132326
2102.0000000000005	-1561.3001604604358
2102.5000000000005	-1558.8104524091304
2103.0000000000005	-1558.282251221203
2103.5000000000005	-1558.0666603251407
2104.0000000000005	-1557.9491104062088
2104.5000000000005	-1557.8819553224907
2105.0000000000005	-1557.8393618303803
2105.5000000000005	-1557.8100765351917
2106.0000000000005	-1557.7815886637818
2106.5000000000005	-1557.7516439823703
2107.0000000000005	-1557.7026855162633
2107.5000000000005	-1557.6358447508096
2108.0000000000005	-1557.5207726616075
2108.5000000000005	-1557.3452946627758
2109.0000000000005	-1557.0337278582087
2109.5000000000005	-1556.3402175015235
2110.0000000000005	-1553.7490302768392
2110.5000000000005	-1553.0827725107101
2111.0000000000005	-1552.051428712017
2111.5000000000005	-1551.5340650188625
2112.0000000000005	-1551.3228561101123
2112.5000000000005	-1551.2056881191581
2113.0000000000005	-1551.117314106657
2113.5000000000005	-1551.0599853911222
2114.0000000000005	-1550.9997096152035
2114.5000000000005	-1550.9445256577915
2115.0000000000005	-1550.863668503675
2115.5000000000005	-1550.7575883087598
2116.0000000000005	-1550.577805958215
2116.5000000000005	-1550.2746136875078
2117.0000000000005	-1549.4734203302037
2117.5000000000005	-1547.0137490294612
2118.0000000000005	-1546.4696130264858
2118.5000000000005	-1546.215320138179
2119.0000000000005	-1546.0695767120071
2119.5000000000005	-1545.9839100596769
2120.0000000000005	-1545.928247408908
2120.5000000000005	-1545.890016286362
2121.0000000000005	-1545.8573159850807
2121.5000000000005	-1545.827663620715
2122.0000000000005	-1545.7837462506996
2122.5000000000005	-1545.7223690268052
2123.0000000000005	-1545.6231160045
2123.5000000000005	-1545.4570500394707
2124.0000000000005	-1545.1493785930693
2124.5000000000005	-1544.166475028188
2125.0000000000005	-1542.0161341937176
2125.5000000000005	-1541.6444802690048
2126.0000000000005	-1541.44601105019
2126.5000000000005	-1541.3114776037578
2127.0000000000005	-1541.2073759858856
2127.5000000000005	-1541.1068340681195
2128.0000000000005	-1541.0018549820304
2128.5000000000005	-1540.859155195362
2129.0000000000005	-1540.6504017507632
2129.5000000000005	-1540.1753008304609
2130.0000000000005	-1539.2338251962099
2130.5000000000005	-1538.809884699857
2131.0000000000005	-1538.4921488602188
2131.5000000000005	-1538.0734512554604
2132.0000000000005	-1536.4493551199994
2132.5000000000005	-1534.9055679040807
2133.0000000000005	-1534.5793246142366
2133.5000000000005	-1534.4029452971054
2134.0000000000005	-1534.3086337292616
2134.5000000000005	-1534.2466622221184
2135.0000000000005	-1534.2162144604815
2135.5000000000005	-1534.1900593184273
2136.0000000000005	-1534.1794120150573
2136.5000000000005	-1534.1547990167076
2137.0000000000005	-1534.1312255581217
2137.5000000000005	-1534.0733092307314
2138.0000000000005	-1533.9852572411469
2138.5000000000005	-1533.8134115370183
2139.0000000000005	-1533.464621723805
2139.5000000000005	-1531.3368906592677
2140.0000000000005	-1530.4383952961891
2140.5000000000005	-1530.1692565668234
2141.0000000000005	-1530.0360379937683
2141.5000000000005	-1529.9580388947702
2142.0000000000005	-1529.9135070715124
2142.5000000000005	-1529.8853256432515
2143.0000000000005	-1529.862376352543
2143.5000000000005	-1529.8407074423214
2144.0000000000005	-1529.805767433087
2144.5000000000005	-1529.7545194832435
2145.0000000000005	-1529.6703229356083
2145.5000000000005	-1529.5352990216695
2146.0000000000005	-1529.3014642712578
2146.5000000000005	-1528.842321211603
2147.0000000000005	-1526.4473751458036
2147.5000000000005	-1525.640826987291
2148.0000000000005	-1525.143542726988
2148.5000000000005	-1524.1426326497362
2149.0000000000005	-1523.8109329067486
2149.5000000000005	-1523.6650999557296
2150.0000000000005	-1523.574147223689
2150.5000000000005	-1523.5218314886508
2151.0000000000005	-1523.4750844407688
2151.5000000000005	-1523.4423273076445
2152.0000000000005	-1523.3906942766525
2152.5000000000005	-1523.3268495567606
2153.0000000000005	-1523.2127133976198
2153.5000000000005	-1523.0155755591636
2154.0000000000005	-1522.5648325521427
2154.5000000000005	-1520.211543428585
2155.0000000000005	-1519.6646123329208
2155.5000000000005	-1519.4555112272417
2156.0000000000005	-1519.3473520126931
2156.5000000000005	-1519.2912589756595
2157.0000000000005	-1519.263566601152
2157.5000000000005	-1519.249183357235
2158.0000000000005	-1519.2452561598282
2158.5000000000005	-1519.235757278454
2159.0000000000005	-1519.2222819054643
2159.5000000000005	-1519.1884803678852
2160.0000000000005	-1519.1278239590858
2160.5000000000005	-1519.0109723357402
2161.0000000000005	-1518.794647727654
2161.5000000000005	-1518.2618214359577
2162.0000000000005	-1515.9032519946902
2162.5000000000005	-1515.425365033043
2163.0000000000005	-1515.2180071804785
2163.5000000000005	-1515.087325816424
2164.0000000000005	-1515.0043148712493
2164.5000000000005	-1514.9282149686783
2165.0000000000005	-1514.8609813495336
2165.5000000000005	-1514.76923625696
2166.0000000000005	-1514.6514986708426
2166.5000000000005	-1514.4402528238732
2167.0000000000005	-1513.7558270936815
2167.5000000000005	-1513.147341498283
2168.0000000000005	-1512.87930401274
2168.5000000000005	-1512.5615216391006
2169.0000000000005	-1511.8844357558148
2169.5000000000005	-1509.5653591157657
2170.0000000000005	-1509.1500673553671
2170.5000000000005	-1508.9573520819574
2171.0000000000005	-1508.851474470895
2171.5000000000005	-1508.7934353181106
2172.0000000000005	-1508.7587720057404
2172.5000000000005	-1508.743976368908
2173.0000000000005	-1508.7294624063045
2173.5000000000005	-1508.7195666322325
2174.0000000000005	-1508.6967299734201
2174.5000000000005	-1508.6602487732757
2175.0000000000005	-1508.5854353862608
2175.5000000000005	-1508.458370056077
2176.0000000000005	-1508.1960813907272
2176.5000000000005	-1507.416207079331
2177.0000000000005	-1505.2707852813944
2177.5000000000005	-1504.929616219179
2178.0000000000005	-1504.7611219193786
2178.5000000000005	-1504.6726169135063
2179.0000000000005	-1504.6104539721023
2179.5000000000005	-1504.5769870444753
2180.0000000000005	-1504.5404051751498
2180.5000000000005	-1504.5123929767906
2181.0000000000005	-1504.4655372050913
2181.5000000000005	-1504.405413632479
2182.0000000000005	-1504.306730096558
2182.5000000000005	-1504.1460829918692
2183.0000000000005	-1503.8285988164873
2183.5000000000005	-1503.4121007175358
2184.0000000000005	-1502.1782599246776
2184.5000000000005	-1500.2709370543428
2185.0000000000005	-1499.8072316667365
2185.5000000000005	-1499.3335455083272
2186.0000000000005	-1498.4113105014155
2186.5000000000005	-1498.1621410746818
2187.0000000000005	-1498.0375755074647
2187.5000000000005	-1497.9552832460338
2188.0000000000005	-1497.9008463492355
2188.5000000000005	-1497.8525448213934
2189.0000000000005	-1497.8055481338708
2189.5000000000005	-1497.7382770417007
2190.0000000000005	-1497.6454939368768
2190.5000000000005	-1497.4787997899425
2191.0000000000005	-1497.160411937183
2191.5000000000005	-1495.2990713261404
2192.0000000000005	-1494.265825616846
2192.5000000000005	-1493.9968188731127
2193.0000000000005	-1493.86991529585
2193.5000000000005	-1493.794899557285
2194.0000000000005	-1493.7632275377712
2194.5000000000005	-1493.7388783030653
2195.0000000000005	-1493.7348727416925
2195.5000000000005	-1493.721259266447
2196.0000000000005	-1493.7111379551025
2196.5000000000005	-1493.6811790280287
2197.0000000000005	-1493.632080426417
2197.5000000000005	-1493.536386982469
2198.0000000000005	-1493.3665446968857
2198.5000000000005	-1493.001038477197
2199.0000000000005	-1490.8596616585064
2199.5000000000005	-1490.1256332633534
2200.0000000000005	-1489.8714585594444
2200.5000000000005	-1489.7311891548757
2201.0000000000005	-1489.6371794365512
2201.5000000000005	-1489.5670949831274
2202.0000000000005	-1489.5020229135746
2202.5000000000005	-1489.4322499228092
2203.0000000000005	-1489.3386323993066
2203.5000000000005	-1489.203945971627
2204.0000000000005	-1488.956013046449
2204.5000000000005	-1488.0968996081947
2205.0000000000005	-1487.6709625968135
2205.5000000000005	-1487.3687481083707
2206.0000000000005	-1486.885923043044
2206.5000000000005	-1484.6155917714686
2207.0000000000005	-1484.0134835660701
2207.5000000000005	-1483.7811405191746
2208.0000000000005	-1483.6486465987366
2208.5000000000005	-1483.579280527808
2209.0000000000005	-1483.5326083548498
2209.5000000000005	-1483.5096766145407
2210.0000000000005	-1483.491882012048
2210.5000000000005	-1483.478150973095
2211.0000000000005	-1483.4567310866198
2211.5000000000005	-1483.4221628716202
2212.0000000000005	-1483.3600919004105
2212.5000000000005	-1483.2521111497024
2213.0000000000005	-1483.0507617820826
2213.5000000000005	-1482.5781093657813
2214.0000000000005	-1480.3278725500184
2214.5000000000005	-1479.8496320006557
2215.0000000000005	-1479.6516112206587
2215.5000000000005	-1479.5370871665957
2216.0000000000005	-1479.4706150205511
2216.5000000000005	-1479.4210036841212
2217.0000000000005	-1479.3865279051602
2217.5000000000005	-1479.3453978454224
2218.0000000000005	-1479.3060614696817
2218.5000000000005	-1479.2399547493324
2219.0000000000005	-1479.1548688486391
2219.5000000000005	-1479.011741641533
2220.0000000000005	-1478.7847057914385
2220.5000000000005	-1478.3754988567766
2221.0000000000005	-1477.6740826385967
2221.5000000000005	-1475.3360717500866
2222.0000000000005	-1474.8035362184137
2222.5000000000005	-1474.438292653707
2223.0000000000005	-1473.8879168783396
2223.5000000000005	-1473.1249754944402
2224.0000000000005	-1472.9235685393476
2224.5000000000005	-1472.8112918230506
2225.0000000000005	-1472.7324417244388
2225.5000000000005	-1472.6726635722746
2226.0000000000005	-1472.6140815145898
2226.5000000000005	-1472.5489446139431
2227.0000000000005	-1472.45519291303
2227.5000000000005	-1472.317755284696
2228.0000000000005	-1472.061741827667
2228.5000000000005	-1471.3812684133916
2229.0000000000005	-1469.2649214137766
2229.5000000000005	-1468.917182027867
2230.0000000000005	-1468.7477481708515
2230.5000000000005	-1468.659664052949
2231.0000000000005	-1468.6005746481787
2231.5000000000005	-1468.5705142640643
2232.0000000000005	-1468.5447062166322
2232.5000000000005	-1468.525113742648
2233.0000000000005	-1468.4988410894193
2233.5000000000005	-1468.4596757725617
2234.0000000000005	-1468.3987124600774
2234.5000000000005	-1468.2943725787197
2235.0000000000005	-1468.1161934968275
2235.5000000000005	-1467.7439950872588
2236.0000000000005	-1466.744301398308
2236.5000000000005	-1464.8019681451499
2237.0000000000005	-1464.4659331023915
2237.5000000000005	-1464.2831842401256
2238.0000000000005	-1464.1750519854802
2238.5000000000005	-1464.0881623086802
2239.0000000000005	-1464.0242128682419
2239.5000000000005	-1463.9531491332348
2240.0000000000005	-1463.8773544490023
2240.5000000000005	-1463.7695027077057
2241.0000000000005	-1463.6125412579047
2241.5000000000005	-1463.3089543847013
2242.0000000000005	-1462.408093955211
2242.5000000000005	-1462.039743535488
2243.0000000000005	-1461.645086725781
2243.5000000000005	-1460.1153173889177
2244.0000000000005	-1458.780523304395
2244.5000000000005	-1458.4867763865657
2245.0000000000005	-1458.3334602674245
2245.5000000000005	-1458.2503950251778
2246.0000000000005	-1458.1981905664936
2246.5000000000005	-1458.174748078373
2247.0000000000005	-1458.15421898508
2247.5000000000005	-1458.148532759565
2248.0000000000005	-1458.1298318715424
2248.5000000000005	-1458.1089262315952
2249.0000000000005	-1458.0629675079522
2249.5000000000005	-1457.9839569225908
2250.0000000000005	-1457.8339052892406
2250.5000000000005	-1457.518262356875
2251.0000000000005	-1455.5895761997388
2251.5000000000005	-1454.7923837427766
2252.0000000000005	-1454.5571511054438
2252.5000000000005	-1454.4365422123403
2253.0000000000005	-1454.3749396034814
2253.5000000000005	-1454.3355934222034
2254.0000000000005	-1454.3177490235598
2254.5000000000005	-1454.2996406970842
2255.0000000000005	-1454.2872986304837
2255.5000000000005	-1454.2598799024638
2256.0000000000005	-1454.2242583270313
2256.5000000000005	-1454.1522291827637
2257.0000000000005	-1454.0438228487208
2257.5000000000005	-1453.8441293112203
2258.0000000000005	-1453.445386109123
2258.5000000000005	-1451.3074814061367
2259.0000000000005	-1450.6299097254432
2259.5000000000005	-1450.311666013836
2260.0000000000005	-1450.0206019202349
2260.5000000000005	-1449.2816933341862
2261.0000000000005	-1448.847847510782
2261.5000000000005	-1448.7082984685685
2262.0000000000005	-1448.624373368965
2262.5000000000005	-1448.5738729681086
2263.0000000000005	-1448.5236834862064
2263.5000000000005	-1448.4787809725171
2264.0000000000005	-1448.4070738397588
2264.5000000000005	-1448.305118823362
2265.0000000000005	-1448.118220317177
2265.5000000000005	-1447.7090587873722
2266.0000000000005	-1445.5755852903549
2266.5000000000005	-1445.0859884895297
2267.0000000000005	-1444.894404534173
2267.5000000000005	-1444.7970720402097
2268.0000000000005	-1444.7468761372252
2268.5000000000005	-1444.7189728669157
2269.0000000000005	-1444.710473506923
2269.5000000000005	-1444.7018977681428
2270.0000000000005	-1444.6989974088056
2270.5000000000005	-1444.682608534177
2271.0000000000005	-1444.658121071813
2271.5000000000005	-1444.5983384938738
2272.0000000000005	-1444.4995777975219
2272.5000000000005	-1444.2988639166172
2273.0000000000005	-1443.8245228913659
2273.5000000000005	-1441.6881156205905
2274.0000000000005	-1441.2641181520257
2274.5000000000005	-1441.077182418797
2275.0000000000005	-1440.967658636653
2275.5000000000005	-1440.8964233804727
2276.0000000000005	-1440.8402621765124
2276.5000000000005	-1440.7904172500555
2277.0000000000005	-1440.73154856607
2277.5000000000005	-1440.6594244183777
2278.0000000000005	-1440.5461146904954
2278.5000000000005	-1440.3735728013864
2279.0000000000005	-1439.9795802925337
2279.5000000000005	-1439.1244695292494
2280.0000000000005	-1438.736051155352
2280.5000000000005	-1438.0864232819195
2281.0000000000005	-1435.962252921244
2281.5000000000005	-1435.5699830562112
2282.0000000000005	-1435.3824893652277
2282.5000000000005	-1435.277428939506
2283.0000000000005	-1435.2147608011326
2283.5000000000005	-1435.1748349273012
2284.0000000000005	-1435.152592802726
2284.5000000000005	-1435.131058540889
2285.0000000000005	-1435.113575869479
2285.5000000000005	-1435.0815066091066
2286.0000000000005	-1435.0367482210006
2286.5000000000005	-1434.9538406983777
2287.0000000000005	-1434.8193597485983
2287.5000000000005	-1434.551259818975
2288.0000000000005	-1433.7923728374844
2288.5000000000005	-1431.7228635551378
2289.0000000000005	-1431.3665732037568
2289.5000000000005	-1431.1945064280558
2290.0000000000005	-1431.0988653255158
2290.5000000000005	-1431.0422393674855
2291.0000000000005	-1431.0055013452986
2291.5000000000005	-1430.9810620803564
2292.0000000000005	-1430.9579130907948
2292.5000000000005	-1430.9335695258121
2293.0000000000005	-1430.8933805638069
2293.5000000000005	-1430.8379102252757
2294.0000000000005	-1430.7393251172568
2294.5000000000005	-1430.5860195149965
2295.0000000000005	-1430.2882650127556
2295.5000000000005	-1429.265985404746
2296.0000000000005	-1427.54227394564
2296.5000000000005	-1427.1906456774552
2297.0000000000005	-1426.9394408166092
2297.5000000000005	-1426.654573182923
2298.0000000000005	-1425.8444323548504
2298.5000000000005	-1425.5739396923198
2299.0000000000005	-1425.4573798904285
2299.5000000000005	-1425.3832160520326
2300.0000000000005	-1425.3313798496172
2300.5000000000005	-1425.276454324233
2301.0000000000005	-1425.2168290889254
2301.5000000000005	-1425.1229871472933
2302.0000000000005	-1424.9779159354805
2302.5000000000005	-1424.6837346173663
2303.0000000000005	-1423.069123922632
2303.5000000000005	-1422.058365416981
2304.0000000000005	-1421.8167381156388
2304.5000000000005	-1421.6939058491737
2305.0000000000005	-1421.6299040918027
2305.5000000000005	-1421.5953369289255
2306.0000000000005	-1421.576878047002
2306.5000000000005	-1421.568956836486
2307.0000000000005	-1421.5602785363121
2307.5000000000005	-1421.5489169101115
2308.0000000000005	-1421.523405568481
2308.5000000000005	-1421.4802195002703
2309.0000000000005	-1421.3934921279463
2309.5000000000005	-1421.2450514458876
2310.0000000000005	-1420.91840427248
2310.5000000000005	-1419.0119855363234
2311.0000000000005	-1418.3118641460385
2311.5000000000005	-1418.08190941888
2312.0000000000005	-1417.9536505428873
2312.5000000000005	-1417.8731013463112
2313.0000000000005	-1417.8133304638034
2313.5000000000005	-1417.762824813073
2314.0000000000005	-1417.7112156048834
2314.5000000000005	-1417.6461640278653
2315.0000000000005	-1417.5613432097773
2315.5000000000005	-1417.4284446195577
2316.0000000000005	-1417.2164546919475
2316.5000000000005	-1416.609868802215
2317.0000000000005	-1415.9061829773946
2317.5000000000005	-1415.4042389529543
2318.0000000000005	-1413.3219565152792
2318.5000000000005	-1412.728119896799
2319.0000000000005	-1412.4915851281944
2319.5000000000005	-1412.3533556404957
2320.0000000000005	-1412.2691053199571
2320.5000000000005	-1412.2100041811686
2321.0000000000005	-1412.164286253008
2321.5000000000005	-1412.1258001911265
2322.0000000000005	-1412.0772499972556
2322.5000000000005	-1412.0136381182251
2323.0000000000005	-1411.8949483398292
2323.5000000000005	-1411.712903990523
2324.0000000000005	-1411.5405114355356
2324.5000000000005	-1411.3257245949378
2325.0000000000005	-1410.884077125427
2325.5000000000005	-1408.8335013594035
2326.0000000000005	-1408.3690806772975
2326.5000000000005	-1408.1771089619144
2327.0000000000005	-1408.0693280525643
2327.5000000000005	-1408.0047309659087
2328.0000000000005	-1407.9648459668383
2328.5000000000005	-1407.9357697212295
2329.0000000000005	-1407.9127176159282
2329.5000000000005	-1407.8866177421614
2330.0000000000005	-1407.854339243831
2330.5000000000005	-1407.8003101047764
2331.0000000000005	-1407.724302305666
2331.5000000000005	-1407.5907194607692
2332.0000000000005	-1407.3698934783492
2332.5000000000005	-1406.8497072994405
2333.0000000000005	-1404.7860356597366
2333.5000000000005	-1404.3414672504985
2334.0000000000005	-1404.0916901517737
2334.5000000000005	-1403.8700523449072
2335.0000000000005	-1403.5488795518859
2335.5000000000005	-1402.7769820422932
2336.0000000000005	-1402.576365268089
2336.5000000000005	-1402.473751443695
2337.0000000000005	-1402.3971266702247
2337.5000000000005	-1402.3356885830062
2338.0000000000005	-1402.261931100863
2338.5000000000005	-1402.1726863458262
2339.0000000000005	-1402.0320196617397
2339.5000000000005	-1401.7966106254196
2340.0000000000005	-1401.188818687805
2340.5000000000005	-1399.1898630884195
2341.0000000000005	-1398.7380642902497
2341.5000000000005	-1398.541186897881
2342.0000000000005	-1398.435380448663
2342.5000000000005	-1398.3743919877209
2343.0000000000005	-1398.3401553481895
2343.5000000000005	-1398.3173791517665
2344.0000000000005	-1398.3026465097003
2344.5000000000005	-1398.2853074633124
2345.0000000000005	-1398.264444510691
2345.5000000000005	-1398.2212731918585
2346.0000000000005	-1398.1574161659335
2346.5000000000005	-1398.0319466559897
2347.0000000000005	-1397.8034020590248
2347.5000000000005	-1397.0744558019271
2348.0000000000005	-1395.2709535282306
2348.5000000000005	-1394.9742450696806
2349.0000000000005	-1394.8280374249327
2349.5000000000005	-1394.7391668144708
2350.0000000000005	-1394.6805983668378
2350.5000000000005	-1394.6353103405888
2351.0000000000005	-1394.5913407122412
2351.5000000000005	-1394.5450196141173
2352.0000000000005	-1394.4782709016931
2352.5000000000005	-1394.389201445162
2353.0000000000005	-1394.2417026771445
2353.5000000000005	-1393.9871994985483
2354.0000000000005	-1393.148772817571
2354.5000000000005	-1392.6235980885533
2355.0000000000005	-1391.4456445770606
2355.5000000000005	-1389.9527071969273
2356.0000000000005	-1389.6594806352512
2356.5000000000005	-1389.5117924574909
2357.0000000000005	-1389.4273984133335
2357.5000000000005	-1389.3773979033315
2358.0000000000005	-1389.3521356361136
2358.5000000000005	-1389.3346363497758
2359.0000000000005	-1389.3255412720762
2359.5000000000005	-1389.3119102590633
2360.0000000000005	-1389.2945143346194
2360.5000000000005	-1389.2529576736335
2361.0000000000005	-1389.1878129677434
2361.5000000000005	-1389.0533359012902
2362.0000000000005	-1388.7841946250521
2362.5000000000005	-1387.1444628535314
2363.0000000000005	-1386.3037625673553
2363.5000000000005	-1386.0809075271545
2364.0000000000005	-1385.9717232091928
2364.5000000000005	-1385.9121893110203
2365.0000000000005	-1385.8805915742657
2365.5000000000005	-1385.8639846877568
2366.0000000000005	-1385.8510790271484
2366.5000000000005	-1385.8427291506318
2367.0000000000005	-1385.8214618291702
2367.5000000000005	-1385.7948931463916
2368.0000000000005	-1385.7363181808646
2368.5000000000005	-1385.6462401473757
2369.0000000000005	-1385.4781986255175
2369.5000000000005	-1385.1441452325437
2370.0000000000005	-1383.261902536744
2370.5000000000005	-1382.6089773612555
2371.0000000000005	-1382.3417103241218
2371.5000000000005	-1382.1548027725673
2372.0000000000005	-1381.9504203743174
2372.5000000000005	-1381.5113235496394
2373.0000000000005	-1380.9145770277412
2373.5000000000005	-1380.777860573193
2374.0000000000005	-1380.694052480197
2374.5000000000005	-1380.63990550336
2375.0000000000005	-1380.5815791971856
2375.5000000000005	-1380.5156868119564
2376.0000000000005	-1380.4164523774893
2376.5000000000005	-1380.2482083752418
2377.0000000000005	-1379.8873231375162
2377.5000000000005	-1377.9569255825431
2378.0000000000005	-1377.4877987893676
2378.5000000000005	-1377.3061242047536
2379.0000000000005	-1377.2181877040143
2379.5000000000005	-1377.1644258159938
2380.0000000000005	-1377.1443187575182
2380.5000000000005	-1377.1274900408953
2381.0000000000005	-1377.1251466663605
2381.5000000000005	-1377.1157417527986
2382.0000000000005	-1377.1047312827786
2382.5000000000005	-1377.0772230532245
2383.0000000000005	-1377.0282242957794
2383.5000000000005	-1376.9335421001404
2384.0000000000005	-1376.7578706445438
2384.5000000000005	-1376.3319686521968
2385.0000000000005	-1374.3901592078264
2385.5000000000005	-1374.0028635564033
2386.0000000000005	-1373.8276303499517
2386.5000000000005	-1373.7345281980545
2387.0000000000005	-1373.66558134222
2387.5000000000005	-1373.621262400086
2388.0000000000005	-1373.5758098831393
2388.5000000000005	-1373.533582000191
2389.0000000000005	-1373.4734516148947
2389.5000000000005	-1373.397105972277
2390.0000000000005	-1373.2783323528122
2390.5000000000005	-1373.0941790554825
2391.0000000000005	-1372.7384220238653
2391.5000000000005	-1371.8112594090198
2392.0000000000005	-1371.0939225752097
2392.5000000000005	-1369.1061924700366
2393.0000000000005	-1368.681872271984
2393.5000000000005	-1368.386957518971
2394.0000000000005	-1368.244020440377
2394.5000000000005	-1368.1557006874286
2395.0000000000005	-1368.1093623437182
2395.5000000000005	-1368.0718457782234
2396.0000000000005	-1368.0524602847095
2396.5000000000005	-1368.0287180119724
2397.0000000000005	-1368.0040330658603
2397.5000000000005	-1367.9652257072344
2398.0000000000005	-1367.9012597176452
2398.5000000000005	-1367.7891835242149
2399.0000000000005	-1367.5714472399334
2399.5000000000005	-1366.8931928227723
2400.0000000000005	-1365.163976962256
2400.5000000000005	-1364.8926553755855
2401.0000000000005	-1364.7584840386226
2401.5000000000005	-1364.6935051667103
2402.0000000000005	-1364.6495786324829
2402.5000000000005	-1364.629702743256
2403.0000000000005	-1364.6128740983495
2403.5000000000005	-1364.6022877902699
2404.0000000000005	-1364.582704007265
2404.5000000000005	-1364.5567707624516
2405.0000000000005	-1364.5070765920766
2405.5000000000005	-1364.427339016286
2406.0000000000005	-1364.2888245781435
2406.5000000000005	-1364.0191429022404
2407.0000000000005	-1362.884510226412
2407.5000000000005	-1361.5473664670174
2408.0000000000005	-1361.2619381929119
2408.5000000000005	-1361.0729965779447
2409.0000000000005	-1360.9128896358502
2409.5000000000005	-1360.6963901130878
2410.0000000000005	-1360.0107628862
2410.5000000000005	-1359.7230103559275
2411.0000000000005	-1359.6148484603705
2411.5000000000005	-1359.540545157044
2412.0000000000005	-1359.4786361709137
2412.5000000000005	-1359.4111495747152
2413.0000000000005	-1359.3182842223798
2413.5000000000005	-1359.1726195945726
2414.0000000000005	-1358.885889158751
2414.5000000000005	-1357.2210878541814
2415.0000000000005	-1356.4962051270954
2415.5000000000005	-1356.2870843060798
2416.0000000000005	-1356.1735513892577
2416.5000000000005	-1356.1196128477918
2417.0000000000005	-1356.0817800325751
2417.5000000000005	-1356.0662994048591
2418.0000000000005	-1356.0522488975846
2418.5000000000005	-1356.0430873629484
2419.0000000000005	-1356.0261131501695
2419.5000000000005	-1355.9996138840133
2420.0000000000005	-1355.950340722974
2420.5000000000005	-1355.8657241291342
2421.0000000000005	-1355.7139705822283
2421.5000000000005	-1355.3847896932994
2422.0000000000005	-1353.5586330651706
2422.5000000000005	-1353.0177468250222
2423.0000000000005	-1352.8162886722835
2423.5000000000005	-1352.6919186183811
2424.0000000000005	-1352.6109894053018
2424.5000000000005	-1352.539081150495
2425.0000000000005	-1352.4737122671247
2425.5000000000005	-1352.3866555319732
2426.0000000000005	-1352.2614108909424
2426.5000000000005	-1352.0794186063927
2427.0000000000005	-1351.9262640112279
2427.5000000000005	-1351.7522447395165
2428.0000000000005	-1351.495415516248
2428.5000000000005	-1350.9173424225608
2429.0000000000005	-1349.976219467003
2429.5000000000005	-1347.9798528705135
2430.0000000000005	-1347.4867595889805
2430.5000000000005	-1347.2735697974688
2431.0000000000005	-1347.1439899249137
2431.5000000000005	-1347.0725476344899
2432.0000000000005	-1347.02061827106
2432.5000000000005	-1346.9923369117396
2433.0000000000005	-1346.9684669388237
2433.5000000000005	-1346.949474243423
2434.0000000000005	-1346.9261446396501
2434.5000000000005	-1346.8919472932391
2435.0000000000005	-1346.8351968518166
2435.5000000000005	-1346.739587437568
2436.0000000000005	-1346.5625289224288
2436.5000000000005	-1346.1203970706588
2437.0000000000005	-1344.2798259714255
2437.5000000000005	-1343.929778503329
2438.0000000000005	-1343.784118945299
2438.5000000000005	-1343.697734635095
2439.0000000000005	-1343.6528108500354
2439.5000000000005	-1343.6215591336581
2440.0000000000005	-1343.6042790179579
2440.5000000000005	-1343.5846359595719
2441.0000000000005	-1343.5662489883603
2441.5000000000005	-1343.5351093039596
2442.0000000000005	-1343.4878829819838
2442.5000000000005	-1343.412566757014
2443.0000000000005	-1343.2837982541726
2443.5000000000005	-1343.060317098793
2444.0000000000005	-1342.4723601128198
2444.5000000000005	-1340.660562603025
2445.0000000000005	-1340.296587943933
2445.5000000000005	-1340.0561315581745
2446.0000000000005	-1339.7944967871333
2446.5000000000005	-1339.5980673122256
2447.0000000000005	-1339.301637427529
2447.5000000000005	-1338.606075011059
2448.0000000000005	-1338.4239949684716
2448.5000000000005	-1338.3261839992572
2449.0000000000005	-1338.2528517978546
2449.5000000000005	-1338.1801181037624
2450.0000000000005	-1338.093089857998
2450.5000000000005	-1337.9624797145782
2451.0000000000005	-1337.7338969887119
2451.5000000000005	-1336.9799490988541
2452.0000000000005	-1335.4109067273994
2452.5000000000005	-1335.150476157126
2453.0000000000005	-1335.0335769100097
2453.5000000000005	-1334.9638913591677
2454.0000000000005	-1334.93104298607
2454.5000000000005	-1334.9108623230834
2455.0000000000005	-1334.9035742087694
2455.5000000000005	-1334.8960154119177
2456.0000000000005	-1334.8890606464802
2456.5000000000005	-1334.8703114575085
2457.0000000000005	-1334.8369625097562
2457.5000000000005	-1334.7746455878769
2458.0000000000005	-1334.6539501066738
2458.5000000000005	-1334.4159386924907
2459.0000000000005	-1333.1062780596856
2459.5000000000005	-1332.1132309387149
2460.0000000000005	-1331.8850945324098
2460.5000000000005	-1331.7736260655408
2461.0000000000005	-1331.7028402570459
2461.5000000000005	-1331.6613028593192
2462.0000000000005	-1331.624493110614
2462.5000000000005	-1331.5969267216833
2463.0000000000005	-1331.5604918845156
2463.5000000000005	-1331.5135036872675
2464.0000000000005	-1331.4456362004942
2464.5000000000005	-1331.3387094959521
2465.0000000000005	-1331.1707047266202
2465.5000000000005	-1330.8552919379904
2466.0000000000005	-1329.9176251200356
2466.5000000000005	-1328.035211852066
2467.0000000000005	-1327.3422964380331
2467.5000000000005	-1327.0931510934822
2468.0000000000005	-1326.9673591978612
2468.5000000000005	-1326.8883303189937
2469.0000000000005	-1326.8465126081394
2469.5000000000005	-1326.8202623714756
2470.0000000000005	-1326.8052466368256
2470.5000000000005	-1326.7948457688428
2471.0000000000005	-1326.781182560157
2471.5000000000005	-1326.7593993116398
2472.0000000000005	-1326.7187995193458
2472.5000000000005	-1326.6486192972804
2473.0000000000005	-1326.5066336005407
2473.5000000000005	-1326.2014722948475
2474.0000000000005	-1324.4385654952166
2474.5000000000005	-1323.9809482751743
2475.0000000000005	-1323.8091607606925
2475.5000000000005	-1323.7256167542241
2476.0000000000005	-1323.678307492055
2476.5000000000005	-1323.6554495360851
2477.0000000000005	-1323.640838821657
2477.5000000000005	-1323.6337515497908
2478.0000000000005	-1323.6249524732982
2478.5000000000005	-1323.6066854925284
2479.0000000000005	-1323.580028615356
2479.5000000000005	-1323.522212625131
2480.0000000000005	-1323.4330865243003
2480.5000000000005	-1323.2577127087416
2481.0000000000005	-1322.872952536799
2481.5000000000005	-1321.0557956349726
2482.0000000000005	-1320.647705763991
2482.5000000000005	-1320.4466001359165
2483.0000000000005	-1320.3079887970657
2483.5000000000005	-1320.1736892096808
2484.0000000000005	-1319.999548608213
2484.5000000000005	-1319.4239263737782
2485.0000000000005	-1319.0810763986328
2485.5000000000005	-1318.9722204360853
2486.0000000000005	-1318.8964780862002
2486.5000000000005	-1318.8341932282858
2487.0000000000005	-1318.7552252916425
2487.5000000000005	-1318.6507706883344
2488.0000000000005	-1318.4613417429964
2488.5000000000005	-1318.0164225894127
2489.0000000000005	-1316.2506585787555
2489.5000000000005	-1315.9335938394827
2490.0000000000005	-1315.7917724325252
2490.5000000000005	-1315.7161367263657
2491.0000000000005	-1315.6761118781508
2491.5000000000005	-1315.6530929567155
2492.0000000000005	-1315.6416459855145
2492.5000000000005	-1315.63239227413
2493.0000000000005	-1315.6242125780075
2493.5000000000005	-1315.6032021294088
2494.0000000000005	-1315.5747043895456
2494.5000000000005	-1315.510581035316
2495.0000000000005	-1315.4108561512853
2495.5000000000005	-1315.207143155229
2496.0000000000005	-1314.6443702842723
2496.5000000000005	-1312.9605300295927
2497.0000000000005	-1312.6679965578608
2497.5000000000005	-1312.507259349885
2498.0000000000005	-1312.3726343017986
2498.5000000000005	-1312.2221993611097
2499.0000000000005	-1312.1487118409384
2499.5000000000005	-1312.0990232920465
2500.0000000000005	-1312.0481735570108
2500.5000000000005	-1311.9998065896682
2501.0000000000005	-1311.9274923566873
2501.5000000000005	-1311.8344545736647
2502.0000000000005	-1311.684957617964
2502.5000000000005	-1311.444952933013
2503.0000000000005	-1310.8727072479276
2503.5000000000005	-1309.5532542929243
2504.0000000000005	-1307.986221006706
2504.5000000000005	-1307.688773360656
2505.0000000000005	-1307.533128214282
2505.5000000000005	-1307.4426193914885
2506.0000000000005	-1307.3902101157837
2506.5000000000005	-1307.3557390684173
2507.0000000000005	-1307.3376101897597
2507.5000000000005	-1307.320777477181
2508.0000000000005	-1307.3082303959366
2508.5000000000005	-1307.2836273967937
2509.0000000000005	-1307.2511705621869
2509.5000000000005	-1307.1825335718247
2510.0000000000005	-1307.0721184819017
2510.5000000000005	-1306.8327495780998
2511.0000000000005	-1305.5062852349988
2511.5000000000005	-1304.6311522035403
2512.0000000000005	-1304.4253173153388
2512.5000000000005	-1304.3237073176385
2513.0000000000005	-1304.2683331561104
2513.5000000000005	-1304.237134130165
2514.0000000000005	-1304.21937229735
2514.5000000000005	-1304.2099211012326
2515.0000000000005	-1304.1954812182835
2515.5000000000005	-1304.1832863057466
2516.0000000000005	-1304.1506490774493
2516.5000000000005	-1304.1068713950099
2517.0000000000005	-1304.0217255252585
2517.5000000000005	-1303.880924325875
2518.0000000000005	-1303.590232402743
2518.5000000000005	-1301.9586447927902
2519.0000000000005	-1301.3496034292168
2519.5000000000005	-1301.125120762911
2520.0000000000005	-1300.9751052178408
2520.5000000000005	-1300.8461377864799
2521.0000000000005	-1300.6994443860592
2521.5000000000005	-1300.4141373292716
2522.0000000000005	-1299.7946040420152
2522.5000000000005	-1299.6420134671378
2523.0000000000005	-1299.5575286637986
2523.5000000000005	-1299.4824672385537
2524.0000000000005	-1299.4081902589996
2524.5000000000005	-1299.3014689911042
2525.0000000000005	-1299.1439654608228
2525.5000000000005	-1298.8147900747188
2526.0000000000005	-1297.1048974296816
2526.5000000000005	-1296.64376106997
2527.0000000000005	-1296.459604224752
2527.5000000000005	-1296.3533624663514
2528.0000000000005	-1296.2768157424557
2528.5000000000005	-1296.2095723636196
2529.0000000000005	-1296.115949730408
2529.5000000000005	-1296.0026899330633
2530.0000000000005	-1295.935034841349
2530.5000000000005	-1295.8923351853525
2531.0000000000005	-1295.8389819026756
2531.5000000000005	-1295.780907392494
2532.0000000000005	-1295.6816148369096
2532.5000000000005	-1295.5199321991458
2533.0000000000005	-1295.1519013989603
2533.5000000000005	-1293.4256859236439
2534.0000000000005	-1293.0506347817347
2534.5000000000005	-1292.8908196692284
2535.0000000000005	-1292.7977088011378
2535.5000000000005	-1292.7386627873532
2536.0000000000005	-1292.697764255686
2536.5000000000005	-1292.6595297513516
2537.0000000000005	-1292.6282514859563
2537.5000000000005	-1292.582578509917
2538.0000000000005	-1292.5299431159874
2538.5000000000005	-1292.4454520688146
2539.0000000000005	-1292.325846946264
2539.5000000000005	-1292.1252418342206
2540.0000000000005	-1291.744007607588
2540.5000000000005	-1290.6817857012036
2541.0000000000005	-1288.8388922912247
2541.5000000000005	-1288.4569728880208
2542.0000000000005	-1288.276845382345
2542.5000000000005	-1288.1735957375824
2543.0000000000005	-1288.1093994814687
2543.5000000000005	-1288.0717322765277
2544.0000000000005	-1288.0449678209563
2544.5000000000005	-1288.0274358830577
2545.0000000000005	-1288.0085574955922
2545.5000000000005	-1287.989085519455
2546.0000000000005	-1287.9499442485544
2546.5000000000005	-1287.8969294085227
2547.0000000000005	-1287.7928549907328
2547.5000000000005	-1287.6090710787666
2548.0000000000005	-1287.0825893175522
2548.5000000000005	-1285.4659163291515
2549.0000000000005	-1285.1886549024302
2549.5000000000005	-1285.0516447493846
2550.0000000000005	-1284.9565561937109
2550.5000000000005	-1284.856146642651
2551.0000000000005	-1284.745714739809
2551.5000000000005	-1284.6995893459136
2552.0000000000005	-1284.6721207776295
2552.5000000000005	-1284.6427510937656
2553.0000000000005	-1284.6136968378316
2553.5000000000005	-1284.564347908667
2554.0000000000005	-1284.4947089204059
2554.5000000000005	-1284.3721308193205
2555.0000000000005	-1284.154080903729
2555.5000000000005	-1283.4309924605313
2556.0000000000005	-1281.9687037383615
2556.5000000000005	-1281.6964099451409
2557.0000000000005	-1281.5399662662855
2557.5000000000005	-1281.412383984625
2558.0000000000005	-1281.2799586859594
2558.5000000000005	-1281.0759983394444
2559.0000000000005	-1280.4394505525715
2559.5000000000005	-1280.253438041431
2560.0000000000005	-1280.1646115356784
2560.5000000000005	-1280.100910889234
2561.0000000000005	-1280.0345752928843
2561.5000000000005	-1279.9574766908527
2562.0000000000005	-1279.8292179647012
2562.5000000000005	-1279.602922068664
2563.0000000000005	-1278.42435883556
2563.5000000000005	-1277.4770934794508
2564.0000000000005	-1277.2700141061162
2564.5000000000005	-1277.1724543703467
2565.0000000000005	-1277.117383278008
2565.5000000000005	-1277.0916407216068
2566.0000000000005	-1277.0769163385658
2566.5000000000005	-1277.0723108194
2567.0000000000005	-1277.069046611393
2567.5000000000005	-1277.0605460174331
2568.0000000000005	-1277.047508111286
2568.5000000000005	-1277.013059774025
2569.0000000000005	-1276.9541812776897
2569.5000000000005	-1276.8354580718762
2570.0000000000005	-1276.5914945401998
2570.5000000000005	-1275.0827430050394
2571.0000000000005	-1274.494378209087
2571.5000000000005	-1274.3046494990401
2572.0000000000005	-1274.2120878074988
2572.5000000000005	-1274.1521147511517
2573.0000000000005	-1274.1154105979035
2573.5000000000005	-1274.0862955502212
2574.0000000000005	-1274.0593931658605
2574.5000000000005	-1274.027778648688
2575.0000000000005	-1273.9843608253284
2575.5000000000005	-1273.919801186747
2576.0000000000005	-1273.8207850223441
2576.5000000000005	-1273.663360954721
2577.0000000000005	-1273.3660882582285
2577.5000000000005	-1272.4837305824203
2578.0000000000005	-1270.663860158559
2578.5000000000005	-1270.1394832744645
2579.0000000000005	-1269.9278112690668
2579.5000000000005	-1269.8166337598323
2580.0000000000005	-1269.750049202524
2580.5000000000005	-1269.713518657766
2581.0000000000005	-1269.689775055936
2581.5000000000005	-1269.6783502667556
2582.0000000000005	-1269.6671366511928
2582.5000000000005	-1269.6551485696975
2583.0000000000005	-1269.6343139036203
2583.5000000000005	-1269.5927596149622
2584.0000000000005	-1269.524653684402
2584.5000000000005	-1269.385737900188
2585.0000000000005	-1269.072237233889
2585.5000000000005	-1267.4295500384671
2586.0000000000005	-1267.0669391214324
2586.5000000000005	-1266.919804097915
2587.0000000000005	-1266.8489710101258
2587.5000000000005	-1266.8053030184972
2588.0000000000005	-1266.7865981921805
2588.5000000000005	-1266.7726336220471
2589.0000000000005	-1266.7651756821915
2589.5000000000005	-1266.7549278808017
2590.0000000000005	-1266.737264333753
2590.5000000000005	-1266.707833375187
2591.0000000000005	-1266.6536682408546
2591.5000000000005	-1266.5626889758378
2592.0000000000005	-1266.39309766501
2592.5000000000005	-1266.0011560979074
2593.0000000000005	-1264.3361894678494
2593.5000000000005	-1263.995339327776
2594.0000000000005	-1263.8131552349232
2594.5000000000005	-1263.6862952433664
2595.0000000000005	-1263.555892468782
2595.5000000000005	-1263.37882961925
2596.0000000000005	-1262.781334054502
2596.5000000000005	-1262.5481585150026
2597.0000000000005	-1262.4517080416865
2597.5000000000005	-1262.3860229500765
2598.0000000000005	-1262.3230855237703
2598.5000000000005	-1262.2489870777113
2599.0000000000005	-1262.1442128904944
2599.5000000000005	-1261.9581053077343
2600.0000000000005	-1261.4989902128052
2600.5000000000005	-1259.9015878422465
2601.0000000000005	-1259.6247472705757
2601.5000000000005	-1259.48619298781
2602.0000000000005	-1259.4051756376803
2602.5000000000005	-1259.3384508749564
2603.0000000000005	-1259.248264725738
2603.5000000000005	-1259.1607102593046
2604.0000000000005	-1259.1284793786326
2604.5000000000005	-1259.1028496700687
2605.0000000000005	-1259.0774254014905
2605.5000000000005	-1259.0414723809715
2606.0000000000005	-1258.9814071238306
2606.5000000000005	-1258.8850081819894
2607.0000000000005	-1258.6937311896304
2607.5000000000005	-1258.1192045024136
2608.0000000000005	-1256.6406599556628
2608.5000000000005	-1256.4015500222063
2609.0000000000005	-1256.278341986314
2609.5000000000005	-1256.2112350871848
2610.0000000000005	-1256.1606144448574
2610.5000000000005	-1256.1291405425452
2611.0000000000005	-1256.0962120941704
2611.5000000000005	-1256.0632227982321
2612.0000000000005	-1256.0199101391734
2612.5000000000005	-1255.9592822317102
2613.0000000000005	-1255.8690368882549
2613.5000000000005	-1255.7264453390196
2614.0000000000005	-1255.4763528964625
2614.5000000000005	-1254.713875642871
2615.0000000000005	-1253.621819234308
2615.5000000000005	-1252.3430000599124
2616.0000000000005	-1252.0912148758966
2616.5000000000005	-1251.9539234419717
2617.0000000000005	-1251.8803508022324
2617.5000000000005	-1251.8316166489406
2618.0000000000005	-1251.8050351797776
2618.5000000000005	-1251.7867125247615
2619.0000000000005	-1251.7753698261652
2619.5000000000005	-1251.7598136231834
2620.0000000000005	-1251.740906775758
2620.5000000000005	-1251.7055392811253
2621.0000000000005	-1251.6449850489769
2621.5000000000005	-1251.537402147217
2622.0000000000005	-1251.310146922652
2622.5000000000005	-1249.9961600753265
2623.0000000000005	-1249.2884343297317
2623.5000000000005	-1249.1053791008908
2624.0000000000005	-1249.008008200543
2624.5000000000005	-1248.9577790027736
2625.0000000000005	-1248.9232889692034
2625.5000000000005	-1248.9057885086836
2626.0000000000005	-1248.8867298433713
2626.5000000000005	-1248.873514927011
2627.0000000000005	-1248.8499625063985
2627.5000000000005	-1248.8170301126356
2628.0000000000005	-1248.7640382373359
2628.5000000000005	-1248.67727172346
2629.0000000000005	-1248.53386549499
2629.5000000000005	-1248.2477656902483
2630.0000000000005	-1246.7122020944023
2630.5000000000005	-1246.1550867995943
2631.0000000000005	-1245.9227802834139
2631.5000000000005	-1245.7350820276326
2632.0000000000005	-1245.5313279879765
2632.5000000000005	-1245.2602794213246
2633.0000000000005	-1244.655253102734
2633.5000000000005	-1244.3642922273584
2634.0000000000005	-1244.2491953715912
2634.5000000000005	-1244.1701116144034
2635.0000000000005	-1244.1037954050985
2635.5000000000005	-1244.0310654554796
2636.0000000000005	-1243.9375552538424
2636.5000000000005	-1243.7911930068724
2637.0000000000005	-1243.4933219064862
2637.5000000000005	-1241.9279934795884
2638.0000000000005	-1241.517203407505
2638.5000000000005	-1241.3658164096835
2639.0000000000005	-1241.2796571102201
2639.5000000000005	-1241.237114818252
2640.0000000000005	-1241.2082988299012
2640.5000000000005	-1241.1955417263118
2641.0000000000005	-1241.184419070671
2641.5000000000005	-1241.1777587666045
2642.0000000000005	-1241.1617353859203
2642.5000000000005	-1241.1398995655757
2643.0000000000005	-1241.0958695936056
2643.5000000000005	-1241.0200880161462
2644.0000000000005	-1240.8797648487948
2644.5000000000005	-1240.5498461404725
2645.0000000000005	-1238.9729083580191
2645.5000000000005	-1238.6301736891473
2646.0000000000005	-1238.4879659654757
2646.5000000000005	-1238.4024944236264
2647.0000000000005	-1238.3522967166605
2647.5000000000005	-1238.3099340256263
2648.0000000000005	-1238.2797201763788
2648.5000000000005	-1238.2407798600705
2649.0000000000005	-1238.2014980508786
2649.5000000000005	-1238.1411018551107
2650.0000000000005	-1238.0575278435147
2650.5000000000005	-1237.9261500480284
2651.0000000000005	-1237.7001628674125
2651.5000000000005	-1237.0128947534565
2652.0000000000005	-1236.373872644537
2652.5000000000005	-1234.7308423886736
2653.0000000000005	-1234.38945990294
2653.5000000000005	-1234.2273147508597
2654.0000000000005	-1234.123303958281
2654.5000000000005	-1234.0573313203197
2655.0000000000005	-1233.99136413474
2655.5000000000005	-1233.8947631385904
2656.0000000000005	-1233.8185596325839
2656.5000000000005	-1233.784027125716
2657.0000000000005	-1233.7516314413083
2657.5000000000005	-1233.716365333246
2658.0000000000005	-1233.6599235681288
2658.5000000000005	-1233.5715830458469
2659.0000000000005	-1233.4040500907497
2659.5000000000005	-1232.9476486333492
2660.0000000000005	-1231.4552625825447
2660.5000000000005	-1231.2034892694526
2661.0000000000005	-1231.0929515673358
2661.5000000000005	-1231.0286299218585
2662.0000000000005	-1230.9971858773058
2662.5000000000005	-1230.9743842450005
2663.0000000000005	-1230.9647667285406
2663.5000000000005	-1230.9513011372799
2664.0000000000005	-1230.941041902719
2664.5000000000005	-1230.915993592963
2665.0000000000005	-1230.8827849957884
2665.5000000000005	-1230.8193912296438
2666.0000000000005	-1230.715089736958
2666.5000000000005	-1230.517546533044
2667.0000000000005	-1229.9104416105047
2667.5000000000005	-1228.5108108322606
2668.0000000000005	-1228.2511950804146
2668.5000000000005	-1228.0947561688606
2669.0000000000005	-1227.9577362306914
2669.5000000000005	-1227.7907477081073
2670.0000000000005	-1227.2413215376455
2670.5000000000005	-1226.9997058904155
2671.0000000000005	-1226.9068526007884
2671.5000000000005	-1226.8554108936235
2672.0000000000005	-1226.8069931735154
2672.5000000000005	-1226.759718612172
2673.0000000000005	-1226.691748225164
2673.5000000000005	-1226.5873044365323
2674.0000000000005	-1226.3850377213357
2674.5000000000005	-1225.4923554732698
2675.0000000000005	-1224.4380804281589
2675.5000000000005	-1224.244498542771
2676.0000000000005	-1224.1535188327216
2676.5000000000005	-1224.1024718973838
2677.0000000000005	-1224.0810249451956
2677.5000000000005	-1224.0666054640144
2678.0000000000005	-1224.065396281724
2678.5000000000005	-1224.0594054712108
2679.0000000000005	-1224.0563051066024
2679.5000000000005	-1224.0399429452307
2680.0000000000005	-1224.0141348499594
2680.5000000000005	-1223.9559682358808
2681.0000000000005	-1223.8549003370158
2681.5000000000005	-1223.636011450113
2682.0000000000005	-1222.3349566041643
2682.5000000000005	-1221.701687241522
2683.0000000000005	-1221.5212419258244
2683.5000000000005	-1221.4294467793404
2684.0000000000005	-1221.3712282292358
2684.5000000000005	-1221.3343430158586
2685.0000000000005	-1221.3020771765416
2685.5000000000005	-1221.2749318764959
2686.0000000000005	-1221.2357987300118
2686.5000000000005	-1221.1907995608153
2687.0000000000005	-1221.1139374638683
2687.5000000000005	-1221.004247480308
2688.0000000000005	-1220.7996669651368
2688.5000000000005	-1220.1573294511018
2689.0000000000005	-1219.6867720559724
2689.5000000000005	-1218.1675883099078
2690.0000000000005	-1217.6594886434373
2690.5000000000005	-1217.4748813236054
2691.0000000000005	-1217.376166366992
2691.5000000000005	-1217.319628991385
2692.0000000000005	-1217.2890922014362
2692.5000000000005	-1217.2690382515925
2693.0000000000005	-1217.2618675050787
2693.5000000000005	-1217.2502489769843
2694.0000000000005	-1217.243663290329
2694.5000000000005	-1217.2212789596804
2695.0000000000005	-1217.1892489699885
2695.5000000000005	-1217.1233143977586
2696.0000000000005	-1217.005547036334
2696.5000000000005	-1216.7319859046959
2697.0000000000005	-1215.241104055178
2697.5000000000005	-1214.865660888555
2698.0000000000005	-1214.7250697867391
2698.5000000000005	-1214.6522025589695
2699.0000000000005	-1214.6101059677019
2699.5000000000005	-1214.5884810554746
2700.0000000000005	-1214.5725356669157
2700.5000000000005	-1214.5631959522393
2701.0000000000005	-1214.5477194168318
2701.5000000000005	-1214.530633764658
2702.0000000000005	-1214.4950936133669
2702.5000000000005	-1214.4454810798127
2703.0000000000005	-1214.3524448965313
2703.5000000000005	-1214.199894065003
2704.0000000000005	-1213.8545717628479
2704.5000000000005	-1212.3112374313955
2705.0000000000005	-1211.947950166074
2705.5000000000005	-1211.7549609926452
2706.0000000000005	-1211.5959497966635
2706.5000000000005	-1211.4013978787623
2707.0000000000005	-1210.8259245185416
2707.5000000000005	-1210.5742816731483
2708.0000000000005	-1210.404594121477
2708.5000000000005	-1210.3000409745046
2709.0000000000005	-1210.2389956907853
2709.5000000000005	-1210.1770235575916
2710.0000000000005	-1210.1150265937788
2710.5000000000005	-1210.0177065718538
2711.0000000000005	-1209.8634409769238
2711.5000000000005	-1209.4875351604699
2712.0000000000005	-1207.9990892623473
2712.5000000000005	-1207.7226580614108
2713.0000000000005	-1207.6032573725456
2713.5000000000005	-1207.537278950382
2714.0000000000005	-1207.5028925804409
2714.5000000000005	-1207.483781649371
2715.0000000000005	-1207.4729987445783
2715.5000000000005	-1207.467751717578
2716.0000000000005	-1207.4580441910955
2716.5000000000005	-1207.4471846158365
2717.0000000000005	-1207.4191657038448
2717.5000000000005	-1207.3760155720208
2718.0000000000005	-1207.2894623339675
2718.5000000000005	-1207.1328188560515
2719.0000000000005	-1206.686725247897
2719.5000000000005	-1205.2564421000466
2720.0000000000005	-1205.0091193922142
2720.5000000000005	-1204.8935581557491
2721.0000000000005	-1204.8217281196598
2721.5000000000005	-1204.7746401515901
2722.0000000000005	-1204.7370997411053
2722.5000000000005	-1204.7028205961176
2723.0000000000005	-1204.6634810761625
2723.5000000000005	-1204.6126766321238
2724.0000000000005	-1204.5409760750567
2724.5000000000005	-1204.4288293538018
2725.0000000000005	-1204.2337607373438
2725.5000000000005	-1203.6013089449787
2726.0000000000005	-1203.2393816250653
2726.5000000000005	-1202.5984275438043
2727.0000000000005	-1201.2475901304397
2727.5000000000005	-1201.005185205709
2728.0000000000005	-1200.885890269363
2728.5000000000005	-1200.8132500481274
2729.0000000000005	-1200.7724882138543
2729.5000000000005	-1200.7428275525378
2730.0000000000005	-1200.7264617617905
2730.5000000000005	-1200.70925771525
2731.0000000000005	-1200.692797878983
2731.5000000000005	-1200.6683022958587
2732.0000000000005	-1200.6290088848411
2732.5000000000005	-1200.567659006294
2733.0000000000005	-1200.4586519683528
2733.5000000000005	-1200.253718783433
2734.0000000000005	-1199.386130326421
2734.5000000000005	-1198.3254100758102
2735.0000000000005	-1198.0590201161222
2735.5000000000005	-1197.8867937391
2736.0000000000005	-1197.7890638485162
2736.5000000000005	-1197.7370692972006
2737.0000000000005	-1197.6972296852355
2737.5000000000005	-1197.6727988096975
2738.0000000000005	-1197.6464306952194
2738.5000000000005	-1197.621653264472
2739.0000000000005	-1197.5857167424979
2739.5000000000005	-1197.5371134642323
2740.0000000000005	-1197.4592163514742
2740.5000000000005	-1197.3340189483445
2741.0000000000005	-1197.0964043246613
2741.5000000000005	-1195.8289346011704
2742.0000000000005	-1195.1655786928359
2742.5000000000005	-1194.936738863799
2743.0000000000005	-1194.7696302789066
2743.5000000000005	-1194.5677808717564
2744.0000000000005	-1194.0047567425027
2744.5000000000005	-1193.813862772318
2745.0000000000005	-1193.7366248344806
2745.5000000000005	-1193.682194473828
2746.0000000000005	-1193.6464577211184
2746.5000000000005	-1193.6041442479643
2747.0000000000005	-1193.5595086194442
2747.5000000000005	-1193.4881651841217
2748.0000000000005	-1193.3735305581229
2748.5000000000005	-1193.136966681182
2749.0000000000005	-1191.7646989068935
2749.5000000000005	-1191.306486323111
2750.0000000000005	-1191.154416115404
2750.5000000000005	-1191.0761428149144
2751.0000000000005	-1191.0334732469596
2751.5000000000005	-1191.011588508496
2752.0000000000005	-1190.9969435435394
2752.5000000000005	-1190.992255447636
2753.0000000000005	-1190.9816080954015
2753.5000000000005	-1190.9733829539798
2754.0000000000005	-1190.9489298948433
2754.5000000000005	-1190.9136328573718
2755.0000000000005	-1190.843826235883
2755.5000000000005	-1190.7241290594707
2756.0000000000005	-1190.4548051330405
2756.5000000000005	-1189.0205093586665
2757.0000000000005	-1188.6381663616967
2757.5000000000005	-1188.4869778107898
2758.0000000000005	-1188.39488040686
2758.5000000000005	-1188.33113012663
2759.0000000000005	-1188.277474478766
2759.5000000000005	-1188.2222798520004
2760.0000000000005	-1188.1498950756288
2760.5000000000005	-1188.0151659340581
2761.0000000000005	-1187.9050250285748
2761.5000000000005	-1187.7781275520838
2762.0000000000005	-1187.5734147973258
2762.5000000000005	-1186.9568317245896
2763.0000000000005	-1186.668019880584
2763.5000000000005	-1186.2973116348046
2764.0000000000005	-1184.8164422597822
2764.5000000000005	-1184.476966030925
2765.0000000000005	-1184.3341406598672
2765.5000000000005	-1184.2518984497622
2766.0000000000005	-1184.2080551243303
2766.5000000000005	-1184.1793024988988
2767.0000000000005	-1184.1659621127508
2767.5000000000005	-1184.1559574548746
2768.0000000000005	-1184.14806882212
2768.5000000000005	-1184.1367665481919
2769.0000000000005	-1184.115089884998
2769.5000000000005	-1184.0783332427927
2770.0000000000005	-1184.0081477838294
2770.5000000000005	-1183.8761667394692
2771.0000000000005	-1183.5382115112009
2771.5000000000005	-1182.1175770061886
2772.0000000000005	-1181.8507990670605
2772.5000000000005	-1181.7415729461493
2773.0000000000005	-1181.6776010366918
2773.5000000000005	-1181.647908162791
2774.0000000000005	-1181.626107475727
2774.5000000000005	-1181.616476370967
2775.0000000000005	-1181.604991847352
2775.5000000000005	-1181.5936785445858
2776.0000000000005	-1181.5727346514695
2776.5000000000005	-1181.5407709256413
2777.0000000000005	-1181.483972433194
2777.5000000000005	-1181.3909078091397
2778.0000000000005	-1181.2206882020357
2778.5000000000005	-1180.7865637135387
2779.0000000000005	-1179.369229596299
2779.5000000000005	-1179.0803269333896
2780.0000000000005	-1178.89536275787
2780.5000000000005	-1178.6758588043003
2781.0000000000005	-1178.1203670451048
2781.5000000000005	-1177.95873821556
2782.0000000000005	-1177.8907358436338
2782.5000000000005	-1177.8446359829327
2783.0000000000005	-1177.816523444695
2783.5000000000005	-1177.7844387306166
2784.0000000000005	-1177.7520621227545
2784.5000000000005	-1177.6987042711385
2785.0000000000005	-1177.6147019363086
2785.5000000000005	-1177.4519187488102
2786.0000000000005	-1176.949491017023
2786.5000000000005	-1175.667815257495
2787.0000000000005	-1175.46508102196
2787.5000000000005	-1175.3721333587528
2788.0000000000005	-1175.3228176346363
2788.5000000000005	-1175.2997707406912
2789.0000000000005	-1175.285885940461
2789.5000000000005	-1175.2839314189562
2790.0000000000005	-1175.2782589230894
2790.5000000000005	-1175.2763816403296
2791.0000000000005	-1175.2612018011757
2791.5000000000005	-1175.2389742729224
2792.0000000000005	-1175.1884976475228
2792.5000000000005	-1175.1031406339248
2793.0000000000005	-1174.922410695245
2793.5000000000005	-1174.2011289933582
2794.0000000000005	-1173.1287666979958
2794.5000000000005	-1172.93947857407
2795.0000000000005	-1172.840529164036
2795.5000000000005	-1172.7790332876723
2796.0000000000005	-1172.7356863136783
2796.5000000000005	-1172.698723374562
2797.0000000000005	-1172.6613686202745
2797.5000000000005	-1172.6141888530963
2798.0000000000005	-1172.5510206657984
2798.5000000000005	-1172.447583919149
2799.0000000000005	-1172.2523222337034
2799.5000000000005	-1171.674283711227
2800.0000000000005	-1171.4501721428344
2800.5000000000005	-1171.1914881353248
2801.0000000000005	-1170.0339959210148
2801.5000000000005	-1169.359734875778
2802.0000000000005	-1169.1813614448304
2802.5000000000005	-1169.0872454249825
2803.0000000000005	-1169.0369299124652
2803.5000000000005	-1169.005534234798
2804.0000000000005	-1168.990572464022
2804.5000000000005	-1168.980104089845
2805.0000000000005	-1168.9726353496205
2805.5000000000005	-1168.9635366647076
2806.0000000000005	-1168.9451832324914
2806.5000000000005	-1168.9161000629147
2807.0000000000005	-1168.8586632937272
2807.5000000000005	-1168.758224562223
2808.0000000000005	-1168.5390469266817
2808.5000000000005	-1167.2469712966497
2809.0000000000005	-1166.7789626161348
2809.5000000000005	-1166.628939604714
2810.0000000000005	-1166.543593211442
2810.5000000000005	-1166.4963968321326
2811.0000000000005	-1166.459078007234
2811.5000000000005	-1166.431976911481
2812.0000000000005	-1166.3982513244905
2812.5000000000005	-1166.3492754440053
2813.0000000000005	-1166.2451841789386
2813.5000000000005	-1166.1783804921242
2814.0000000000005	-1166.1106459261289
2814.5000000000005	-1166.0192594865853
2815.0000000000005	-1165.8760831201853
2815.5000000000005	-1165.593666225148
2816.0000000000005	-1164.1883339050535
2816.5000000000005	-1163.7567691063641
2817.0000000000005	-1163.533002138524
2817.5000000000005	-1163.2778262207744
2818.0000000000005	-1162.7309011923128
2818.5000000000005	-1162.582369925811
2819.0000000000005	-1162.5143515555555
2819.5000000000005	-1162.4665433209022
2820.0000000000005	-1162.4374566153483
2820.5000000000005	-1162.4062851664833
2821.0000000000005	-1162.3760893932913
2821.5000000000005	-1162.3303343675777
2822.0000000000005	-1162.2612045575827
2822.5000000000005	-1162.137825608874
2823.0000000000005	-1161.8629425707206
2823.5000000000005	-1160.4819387058387
2824.0000000000005	-1160.1753252391043
2824.5000000000005	-1160.0529620756815
2825.0000000000005	-1159.9881395691623
2825.5000000000005	-1159.9553943595874
2826.0000000000005	-1159.9335600117647
2826.5000000000005	-1159.926212768369
2827.0000000000005	-1159.916094301573
2827.5000000000005	-1159.9114528346508
2828.0000000000005	-1159.8956778469474
2828.5000000000005	-1159.8745261776078
2829.0000000000005	-1159.8303160944404
2829.5000000000005	-1159.760069459598
2830.0000000000005	-1159.6221939820628
2830.5000000000005	-1159.3015860555647
2831.0000000000005	-1157.9166384684333
2831.5000000000005	-1157.6429468981053
2832.0000000000005	-1157.5131878241903
2832.5000000000005	-1157.4351794786903
2833.0000000000005	-1157.376115853113
2833.5000000000005	-1157.3292775138352
2834.0000000000005	-1157.277635468393
2834.5000000000005	-1157.2227174268555
2835.0000000000005	-1157.1434737522711
2835.5000000000005	-1157.030855054834
2836.0000000000005	-1156.7993328896162
2836.5000000000005	-1156.2430226438646
2837.0000000000005	-1156.0236979823846
2837.5000000000005	-1155.781704760259
2838.0000000000005	-1155.291106702351
2838.5000000000005	-1153.8779050493943
2839.0000000000005	-1153.5972887621394
2839.5000000000005	-1153.4657315561155
2840.0000000000005	-1153.3847988151324
2840.5000000000005	-1153.3398649176695
2841.0000000000005	-1153.307181893116
2841.5000000000005	-1153.2913359469605
2842.0000000000005	-1153.2738464260772
2842.5000000000005	-1153.2637289082809
2843.0000000000005	-1153.2428827486476
2843.5000000000005	-1153.2188776277424
2844.0000000000005	-1153.1708061623701
2844.5000000000005	-1153.094585132239
2845.0000000000005	-1152.9409662738005
2845.5000000000005	-1152.5062488912936
2846.0000000000005	-1151.228333810506
2846.5000000000005	-1151.0228309288668
2847.0000000000005	-1150.9217534948543
2847.5000000000005	-1150.86952566029
2848.0000000000005	-1150.8349828718
2848.5000000000005	-1150.8160180320697
2849.0000000000005	-1150.7989113994977
2849.5000000000005	-1150.7864824111723
2850.0000000000005	-1150.7660786287774
2850.5000000000005	-1150.7416561119583
2851.0000000000005	-1150.6979505506836
2851.5000000000005	-1150.6340815008587
2852.0000000000005	-1150.5256129868599
2852.5000000000005	-1150.3312628381325
2853.0000000000005	-1149.7276993161836
2853.5000000000005	-1148.5167061408165
2854.0000000000005	-1148.2380899178079
2854.5000000000005	-1147.947611716648
2855.0000000000005	-1147.4207900172057
2855.5000000000005	-1147.2886767608315
2856.0000000000005	-1147.2201806013559
2856.5000000000005	-1147.1780949508595
2857.0000000000005	-1147.148945942868
2857.5000000000005	-1147.1238177978214
2858.0000000000005	-1147.0972341184452
2858.5000000000005	-1147.0619271794587
2859.0000000000005	-1147.006789765011
2859.5000000000005	-1146.9150787922108
2860.0000000000005	-1146.7358607262931
2860.5000000000005	-1145.8857538615384
2861.0000000000005	-1145.0281899861286
2861.5000000000005	-1144.8562831090285
2862.0000000000005	-1144.7715747206412
2862.5000000000005	-1144.7216568314086
2863.0000000000005	-1144.6911793391478
2863.5000000000005	-1144.6688387974632
2864.0000000000005	-1144.6498546519185
2864.5000000000005	-1144.623570613845
2865.0000000000005	-1144.5772097234255
2865.5000000000005	-1144.4793434838214
2866.0000000000005	-1144.4192343683476
2866.5000000000005	-1144.3480801439355
2867.0000000000005	-1144.2417766630526
2867.5000000000005	-1144.0354580727644
2868.0000000000005	-1142.8828175444041
2868.5000000000005	-1142.319150309463
2869.0000000000005	-1142.1536642689894
2869.5000000000005	-1142.0575046692238
2870.0000000000005	-1141.9967007077978
2870.5000000000005	-1141.945900788502
2871.0000000000005	-1141.9022357828064
2871.5000000000005	-1141.849663495092
2872.0000000000005	-1141.7855417414107
2872.5000000000005	-1141.6804803207963
2873.0000000000005	-1141.4513778453438
2873.5000000000005	-1140.9587161863078
2874.0000000000005	-1140.8074000421796
2874.5000000000005	-1140.655440539606
2875.0000000000005	-1140.4162077018898
2875.5000000000005	-1139.1429044325087
2876.0000000000005	-1138.715647901687
2876.5000000000005	-1138.5654118528018
2877.0000000000005	-1138.492942433074
2877.5000000000005	-1138.4475012279809
2878.0000000000005	-1138.4282737846481
2878.5000000000005	-1138.413992935868
2879.0000000000005	-1138.4111808803696
2879.5000000000005	-1138.4045232956123
2880.0000000000005	-1138.4001712770737
2880.5000000000005	-1138.3829436821118
2881.0000000000005	-1138.3582568285597
2881.5000000000005	-1138.3007456331884
2882.0000000000005	-1138.2020085661284
2882.5000000000005	-1137.9689339750582
2883.0000000000005	-1136.6747117671698
2883.5000000000005	-1136.3315920168977
2884.0000000000005	-1136.207433626143
2884.5000000000005	-1136.139833504309
2885.0000000000005	-1136.106522842245
2885.5000000000005	-1136.0814187624837
2886.0000000000005	-1136.0705112030482
2886.5000000000005	-1136.0561598710856
2887.0000000000005	-1136.0450495945345
2887.5000000000005	-1136.0235726656113
2888.0000000000005	-1135.9932399113834
2888.5000000000005	-1135.9409198865023
2889.0000000000005	-1135.8589832593664
2889.5000000000005	-1135.7136491987417
2890.0000000000005	-1135.412816204463
2890.5000000000005	-1134.0352713492562
2891.0000000000005	-1133.6531225338124
2891.5000000000005	-1133.3062416092698
2892.0000000000005	-1132.8136179081112
2892.5000000000005	-1132.6875827716979
2893.0000000000005	-1132.6233906273492
2893.5000000000005	-1132.5843242488122
2894.0000000000005	-1132.5605107211702
2894.5000000000005	-1132.5408897581467
2895.0000000000005	-1132.5230862685346
2895.5000000000005	-1132.4987438314622
2896.0000000000005	-1132.460497962252
2896.5000000000005	-1132.3954569026869
2897.0000000000005	-1132.274828839247
2897.5000000000005	-1131.9801691443208
2898.0000000000005	-1130.6744655113907
2898.5000000000005	-1130.424205952589
2899.0000000000005	-1130.3195375644784
2899.5000000000005	-1130.2666220690164
2900.0000000000005	-1130.2371904359206
2900.5000000000005	-1130.2236813745399
2901.0000000000005	-1130.216307811379
2901.5000000000005	-1130.2127213529259
2902.0000000000005	-1130.20738152937
2902.5000000000005	-1130.1968597078949
2903.0000000000005	-1130.1748609048987
2903.5000000000005	-1130.1366659868304
2904.0000000000005	-1130.063939560135
2904.5000000000005	-1129.9300879046903
2905.0000000000005	-1129.5777122706888
2905.5000000000005	-1128.2911076045514
2906.0000000000005	-1128.056801227721
2906.5000000000005	-1127.9436420680229
2907.0000000000005	-1127.8707759174952
2907.5000000000005	-1127.8187678192467
2908.0000000000005	-1127.7691462006007
2908.5000000000005	-1127.7199681385025
2909.0000000000005	-1127.6510328351246
2909.5000000000005	-1127.5494758186376
2910.0000000000005	-1127.2910352601684
2910.5000000000005	-1126.8519387156416
2911.0000000000005	-1126.7179693587593
2911.5000000000005	-1126.59747609044
2912.0000000000005	-1126.4216734227377
2912.5000000000005	-1125.988217758508
2913.0000000000005	-1124.7527113981891
2913.5000000000005	-1124.5456426991243
2914.0000000000005	-1124.4432144929206
2914.5000000000005	-1124.385829241319
2915.0000000000005	-1124.3482853489495
2915.5000000000005	-1124.3268398097846
2916.0000000000005	-1124.3061215887622
2916.5000000000005	-1124.2905140376554
2917.0000000000005	-1124.2598925069155
2917.5000000000005	-1124.2080336479255
2918.0000000000005	-1124.1076993548847
2918.5000000000005	-1124.040113877191
2919.0000000000005	-1123.9451748081062
2919.5000000000005	-1123.784249293043
2920.0000000000005	-1123.2429529481926
2920.5000000000005	-1122.1393033270128
2921.0000000000005	-1121.9527550928651
2921.5000000000005	-1121.8654700650288
2922.0000000000005	-1121.8105210967565
2922.5000000000005	-1121.7811341663391
2923.0000000000005	-1121.7566143301094
2923.5000000000005	-1121.741854462433
2924.0000000000005	-1121.7217215437113
2924.5000000000005	-1121.7032202486316
2925.0000000000005	-1121.6689160451863
2925.5000000000005	-1121.624691152853
2926.0000000000005	-1121.5497933244876
2926.5000000000005	-1121.4344729861168
2927.0000000000005	-1121.2199563508252
2927.5000000000005	-1120.3506110668368
2928.0000000000005	-1119.4315193191214
2928.5000000000005	-1119.0132736032178
2929.0000000000005	-1118.5409732499804
2929.5000000000005	-1118.413140585018
2930.0000000000005	-1118.3414001285914
2930.5000000000005	-1118.2990815155254
2931.0000000000005	-1118.2701924606824
2931.5000000000005	-1118.249221875424
2932.0000000000005	-1118.228759629753
2932.5000000000005	-1118.2067172033599
2933.0000000000005	-1118.1711779344844
2933.5000000000005	-1118.1181206244091
2934.0000000000005	-1118.0244033165566
2934.5000000000005	-1117.8376381916237
2935.0000000000005	-1116.7447804788658
2935.5000000000005	-1116.2182277282154
2936.0000000000005	-1116.0698331562892
2936.5000000000005	-1115.9928074332006
2937.0000000000005	-1115.947693650209
2937.5000000000005	-1115.919500347961
2938.0000000000005	-1115.8993999625359
2938.5000000000005	-1115.8813954397788
2939.0000000000005	-1115.8633065795339
2939.5000000000005	-1115.8346711810223
2940.0000000000005	-1115.794824988716
2940.5000000000005	-1115.7245062812544
2941.0000000000005	-1115.598289579337
2941.5000000000005	-1115.4263908274258
2942.0000000000005	-1115.1815550621059
2942.5000000000005	-1113.9500327539088
2943.0000000000005	-1113.528128235773
2943.5000000000005	-1113.3657680924352
2944.0000000000005	-1113.2713758317325
2944.5000000000005	-1113.199503969569
2945.0000000000005	-1113.1422434897559
2945.5000000000005	-1113.080813166659
2946.0000000000005	-1113.010460754376
2946.5000000000005	-1112.900907159633
2947.0000000000005	-1112.6267590026268
2947.5000000000005	-1112.2226876919628
2948.0000000000005	-1112.1071056505393
2948.5000000000005	-1112.0018097101527
2949.0000000000005	-1111.8720505006472
2949.5000000000005	-1111.6241950552678
2950.0000000000005	-1110.3699161930156
2950.5000000000005	-1110.0336485520231
2951.0000000000005	-1109.9099836467776
2951.5000000000005	-1109.8385668167716
2952.0000000000005	-1109.8040172598064
2952.5000000000005	-1109.7801979726075
2953.0000000000005	-1109.7716127757735
2953.5000000000005	-1109.7628387594552
2954.0000000000005	-1109.7592107165526
2954.5000000000005	-1109.747207496461
2955.0000000000005	-1109.73319847457
2955.5000000000005	-1109.6982039922168
2956.0000000000005	-1109.6434567318008
2956.5000000000005	-1109.5327611638872
2957.0000000000005	-1109.2827038139321
2957.5000000000005	-1108.0233703854713
2958.0000000000005	-1107.7482720622327
2958.5000000000005	-1107.6336738182433
2959.0000000000005	-1107.574640252299
2959.5000000000005	-1107.5359034011053
2960.0000000000005	-1107.5143895246413
2960.5000000000005	-1107.4953868626465
2961.0000000000005	-1107.480408418766
2961.5000000000005	-1107.4612463769283
2962.0000000000005	-1107.4345230044617
2962.5000000000005	-1107.3944242808311
2963.0000000000005	-1107.3346018813095
2963.5000000000005	-1107.2377376966488
2964.0000000000005	-1107.076687617954
2964.5000000000005	-1106.7246772292847
2965.0000000000005	-1105.3761366851961
2965.5000000000005	-1104.867884654578
2966.0000000000005	-1104.3967188379997
2966.5000000000005	-1104.2581494641686
2967.0000000000005	-1104.1798813787843
2967.5000000000005	-1104.1303978153696
2968.0000000000005	-1104.0959107923986
2968.5000000000005	-1104.0675612317712
2969.0000000000005	-1104.0385272029482
2969.5000000000005	-1104.0022993371304
2970.0000000000005	-1103.9295975627278
2970.5000000000005	-1103.8243245617161
2971.0000000000005	-1103.7313625855174
2971.5000000000005	-1103.5921753732516
2972.0000000000005	-1103.247454210283
2972.5000000000005	-1102.0274288464702
2973.0000000000005	-1101.8136021598696
2973.5000000000005	-1101.7197824722011
2974.0000000000005	-1101.6653338134602
2974.5000000000005	-1101.638536269798
2975.0000000000005	-1101.6206526877786
2975.5000000000005	-1101.6133943947716
2976.0000000000005	-1101.605146628772
2976.5000000000005	-1101.5983819216829
2977.0000000000005	-1101.5826418676304
2977.5000000000005	-1101.5608437579333
2978.0000000000005	-1101.5153726917245
2978.5000000000005	-1101.4424357198407
2979.0000000000005	-1101.296267239261
2979.5000000000005	-1100.8818887649797
2980.0000000000005	-1099.718010355198
2980.5000000000005	-1099.5204293209688
2981.0000000000005	-1099.4138411047857
2981.5000000000005	-1099.347527175517
2982.0000000000005	-1099.2888172083651
2982.5000000000005	-1099.2377813229905
2983.0000000000005	-1099.1697031080682
2983.5000000000005	-1099.0739873472478
2984.0000000000005	-1098.8121546072691
2984.5000000000005	-1098.4286665138377
2985.0000000000005	-1098.3215835445124
2985.5000000000005	-1098.2409560644235
2986.0000000000005	-1098.1364227244121
2986.5000000000005	-1097.9738688382824
2987.0000000000005	-1097.4199445072863
2987.5000000000005	-1096.3985175323576
2988.0000000000005	-1096.227263731514
2988.5000000000005	-1096.1474057797436
2989.0000000000005	-1096.101753434443
2989.5000000000005	-1096.0815929735022
2990.0000000000005	-1096.067620762176
2990.5000000000005	-1096.0655818065004
2991.0000000000005	-1096.0604359782665
2991.5000000000005	-1096.058059363734
2992.0000000000005	-1096.047475974908
2992.5000000000005	-1096.0265892288423
2993.0000000000005	-1095.9845367762123
2993.5000000000005	-1095.9087683727641
2994.0000000000005	-1095.7467860456188
2994.5000000000005	-1094.902935892054
2995.0000000000005	-1094.19808703689
2995.5000000000005	-1094.0497414100957
2996.0000000000005	-1093.9758342504026
2996.5000000000005	-1093.9331887508527
2997.0000000000005	-1093.9076778419271
2997.5000000000005	-1093.891149538227
2998.0000000000005	-1093.8766379068709
2998.5000000000005	-1093.8626374637581
2999.0000000000005	-1093.8410182244522
2999.5000000000005	-1093.8103660969232
3000.0000000000005	-1093.7627885839418
3000.5000000000005	-1093.685604464319
3001.0000000000005	-1093.560557823702
3001.5000000000005	-1093.3236668479053
3002.0000000000005	-1092.1523066551079
3002.5000000000005	-1091.4537035695096
3003.0000000000005	-1090.9424222595546
3003.5000000000005	-1090.7938289385625
3004.0000000000005	-1090.7160144403817
3004.5000000000005	-1090.6685214781699
3005.0000000000005	-1090.6419738741345
3005.5000000000005	-1090.6231765237055
3006.0000000000005	-1090.6114592784422
3006.5000000000005	-1090.5979061200337
3007.0000000000005	-1090.5806123551674
3007.5000000000005	-1090.5504883791243
3008.0000000000005	-1090.5022680323036
3008.5000000000005	-1090.4092027316663
3009.0000000000005	-1090.2138111952975
3009.5000000000005	-1089.0508964173707
3010.0000000000005	-1088.6998781293926
3010.5000000000005	-1088.5778107323758
3011.0000000000005	-1088.5177604032058
3011.5000000000005	-1088.4828059144882
3012.0000000000005	-1088.4673103377772
3012.5000000000005	-1088.4551633973535
3013.0000000000005	-1088.451591693837
3013.5000000000005	-1088.442470507733
3014.0000000000005	-1088.4337190211274
3014.5000000000005	-1088.412927305746
3015.0000000000005	-1088.3799272157685
3015.5000000000005	-1088.3176877028338
3016.0000000000005	-1088.2127140514167
3016.5000000000005	-1087.9753132904689
3017.0000000000005	-1086.7661897307637
3017.5000000000005	-1086.4549547247293
3018.0000000000005	-1086.3243433312718
3018.5000000000005	-1086.2380985766674
3019.0000000000005	-1086.1735130640923
3019.5000000000005	-1086.1086736954167
3020.0000000000005	-1086.0401434661778
3020.5000000000005	-1085.935238796591
3021.0000000000005	-1085.7102185451395
3021.5000000000005	-1085.2821162627097
3022.0000000000005	-1085.1588006574107
3022.5000000000005	-1085.0296814598246
3023.0000000000005	-1084.884107862451
3023.5000000000005	-1084.7328766415437
3024.0000000000005	-1084.4544237070393
3024.5000000000005	-1083.231038546023
3025.0000000000005	-1082.974299146592
3025.5000000000005	-1082.8595850801878
3026.0000000000005	-1082.801040513144
3026.5000000000005	-1082.7648661125259
3027.0000000000005	-1082.746054663303
3027.5000000000005	-1082.7335048171758
3028.0000000000005	-1082.7270739839919
3028.5000000000005	-1082.717975332166
3029.0000000000005	-1082.7093276685077
3029.5000000000005	-1082.6869511014886
3030.0000000000005	-1082.6535201147274
3030.5000000000005	-1082.590350772714
3031.0000000000005	-1082.47331525004
3031.5000000000005	-1082.1770067645361
3032.0000000000005	-1080.988889592969
3032.5000000000005	-1080.7701964002126
3033.0000000000005	-1080.6732110499356
3033.5000000000005	-1080.616513331159
3034.0000000000005	-1080.5830871507098
3034.5000000000005	-1080.5584406161256
3035.0000000000005	-1080.5395373315223
3035.5000000000005	-1080.521036685891
3036.0000000000005	-1080.4971353543147
3036.5000000000005	-1080.466201985895
3037.0000000000005	-1080.419328267847
3037.5000000000005	-1080.3503293605118
3038.0000000000005	-1080.2422257031474
3038.5000000000005	-1080.056777466197
3039.0000000000005	-1079.6171730698081
3039.5000000000005	-1078.2794449558082
3040.0000000000005	-1077.6708879406444
3040.5000000000005	-1077.4903160270055
3041.0000000000005	-1077.3895009336522
3041.5000000000005	-1077.3285434104444
3042.0000000000005	-1077.2835919966333
3042.5000000000005	-1077.2502859433127
3043.0000000000005	-1077.2176178813895
3043.5000000000005	-1077.1792452363231
3044.0000000000005	-1077.1187814077475
3044.5000000000005	-1077.0190565555902
3045.0000000000005	-1076.9274840791245
3045.5000000000005	-1076.8322343009513
3046.0000000000005	-1076.6747537573997
3046.5000000000005	-1076.225870471288
3047.0000000000005	-1075.1587868186314
3047.5000000000005	-1074.9845091891264
3048.0000000000005	-1074.8979635221033
3048.5000000000005	-1074.8508382086127
3049.0000000000005	-1074.8210794323077
3049.5000000000005	-1074.8059195483374
3050.0000000000005	-1074.792193182215
3050.5000000000005	-1074.785593582518
3051.0000000000005	-1074.770771961507
3051.5000000000005	-1074.755933384375
3052.0000000000005	-1074.7243774356523
3052.5000000000005	-1074.6783796451953
3053.0000000000005	-1074.5935547359693
3053.5000000000005	-1074.4357911788895
3054.0000000000005	-1073.7825430376463
3054.5000000000005	-1072.9172838777656
3055.0000000000005	-1072.7450618381783
3055.5000000000005	-1072.65247223282
3056.0000000000005	-1072.580352163476
3056.5000000000005	-1072.5239130658458
3057.0000000000005	-1072.4574156956028
3057.5000000000005	-1072.3747589856282
3058.0000000000005	-1072.2069117732167
3058.5000000000005	-1071.7696058109582
3059.0000000000005	-1071.6523512401043
3059.5000000000005	-1071.5814579962653
3060.0000000000005	-1071.5050505455367
3060.5000000000005	-1071.4085096481328
3061.0000000000005	-1071.2279390804183
3061.5000000000005	-1070.2649358093643
3062.0000000000005	-1069.7324612851287
3062.5000000000005	-1069.5945253464936
3063.0000000000005	-1069.5227964771514
3063.5000000000005	-1069.485965625087
3064.0000000000005	-1069.4633845956178
3064.5000000000005	-1069.4538251070396
3065.0000000000005	-1069.4459833124058
3065.5000000000005	-1069.4432844807907
3066.0000000000005	-1069.4339824017165
3066.5000000000005	-1069.4219814854523
3067.0000000000005	-1069.394402931107
3067.5000000000005	-1069.348779237052
3068.0000000000005	-1069.2617412732072
3068.5000000000005	-1069.0795657934777
3069.0000000000005	-1067.9909237508282
3069.5000000000005	-1067.6082724580529
3070.0000000000005	-1067.4795624252613
3070.5000000000005	-1067.4120108212737
3071.0000000000005	-1067.3687775256112
3071.5000000000005	-1067.3408635809712
3072.0000000000005	-1067.3171738156093
3072.5000000000005	-1067.2956007241717
3073.0000000000005	-1067.2700973048181
3073.5000000000005	-1067.2354029666656
3074.0000000000005	-1067.186536676741
3074.5000000000005	-1067.110326993245
3075.0000000000005	-1066.9752944915556
3075.5000000000005	-1066.7763291267956
3076.0000000000005	-1066.4787767628502
3076.5000000000005	-1065.1897760598167
3077.0000000000005	-1064.4445100115845
3077.5000000000005	-1064.2126733473915
3078.0000000000005	-1064.1009667455214
3078.5000000000005	-1064.0340770759358
3079.0000000000005	-1063.9955698063138
3079.5000000000005	-1063.9690175277265
3080.0000000000005	-1063.9535410620404
3080.5000000000005	-1063.939643063279
3081.0000000000005	-1063.9263576572293
3081.5000000000005	-1063.906201655464
3082.0000000000005	-1063.8760329597867
3082.5000000000005	-1063.8211454121533
3083.0000000000005	-1063.724660318053
3083.5000000000005	-1063.4946644481672
3084.0000000000005	-1062.3451561851564
3084.5000000000005	-1062.0898599813431
3085.0000000000005	-1061.991556577504
3085.5000000000005	-1061.9385298994487
3086.0000000000005	-1061.912184305353
3086.5000000000005	-1061.8961538339006
3087.0000000000005	-1061.8903265864938
3087.5000000000005	-1061.8831750282443
3088.0000000000005	-1061.880454137176
3088.5000000000005	-1061.8670087357998
3089.0000000000005	-1061.8509562112922
3089.5000000000005	-1061.8132695084673
3090.0000000000005	-1061.7545729565095
3090.5000000000005	-1061.6389320984813
3091.0000000000005	-1061.3679136965516
3091.5000000000005	-1060.2077123296092
3092.0000000000005	-1059.9774293241856
3092.5000000000005	-1059.8631276226138
3093.0000000000005	-1059.793336288077
3093.5000000000005	-1059.7311959500835
3094.0000000000005	-1059.67634475387
3094.5000000000005	-1059.6015842688687
3095.0000000000005	-1059.4844742633709
3095.5000000000005	-1059.0612928850442
3096.0000000000005	-1058.9043995414072
3096.5000000000005	-1058.8284950971918
3097.0000000000005	-1058.7648291680018
3097.5000000000005	-1058.682289209749
3098.0000000000005	-1058.5553737588752
3098.5000000000005	-1058.231653515304
3099.0000000000005	-1057.1159134383663
3099.5000000000005	-1056.9215633609097
3100.0000000000005	-1056.8365205317643
3100.5000000000005	-1056.790925833431
3101.0000000000005	-1056.7670797565206
3101.5000000000005	-1056.7549144100824
3102.0000000000005	-1056.7504848355607
3102.5000000000005	-1056.7470938634003
3103.0000000000005	-1056.7453076556271
3103.5000000000005	-1056.73606912675
3104.0000000000005	-1056.719876566157
3104.5000000000005	-1056.6858376918797
3105.0000000000005	-1056.6233897424731
3105.5000000000005	-1056.4984040932113
3106.0000000000005	-1056.1104140390316
3106.5000000000005	-1055.0654589665971
3107.0000000000005	-1054.8965421454072
3107.5000000000005	-1054.8166131170876
3108.0000000000005	-1054.7720714982013
3108.5000000000005	-1054.7442086375434
3109.0000000000005	-1054.7256549774563
3109.5000000000005	-1054.7112185292608
3110.0000000000005	-1054.694594506558
3110.5000000000005	-1054.6758715292556
3111.0000000000005	-1054.6448886323865
3111.5000000000005	-1054.6017545348557
3112.0000000000005	-1054.5317073493707
3112.5000000000005	-1054.4211040006094
3113.0000000000005	-1054.221234704339
3113.5000000000005	-1053.5807092980901
3114.0000000000005	-1052.3364013612559
3114.5000000000005	-1051.968148730204
3115.0000000000005	-1051.8310026022218
3115.5000000000005	-1051.7593314752742
3116.0000000000005	-1051.7131980598972
3116.5000000000005	-1051.6886409618844
3117.0000000000005	-1051.6699379226422
3117.5000000000005	-1051.6592807528189
3118.0000000000005	-1051.6461625861568
3118.5000000000005	-1051.6317520629198
3119.0000000000005	-1051.6047510592086
3119.5000000000005	-1051.5643386595577
3120.0000000000005	-1051.4856846166208
3120.5000000000005	-1051.334213317266
3121.0000000000005	-1050.4597282787963
3121.5000000000005	-1049.9074834739324
3122.0000000000005	-1049.7707364069315
3122.5000000000005	-1049.705582439082
3123.0000000000005	-1049.665783394663
3123.5000000000005	-1049.6452470613162
3124.0000000000005	-1049.6281178007516
3124.5000000000005	-1049.6193659475964
3125.0000000000005	-1049.6043975233374
3125.5000000000005	-1049.5909982725077
3126.0000000000005	-1049.5618429529975
3126.5000000000005	-1049.5222907229788
3127.0000000000005	-1049.4488873519756
3127.5000000000005	-1049.311937609127
3128.0000000000005	-1049.073830901531
3128.5000000000005	-1048.0083534673051
3129.0000000000005	-1047.6030161376905
3129.5000000000005	-1047.4586532033657
3130.0000000000005	-1047.36632832726
3130.5000000000005	-1047.3012246098579
3131.0000000000005	-1047.2374231500544
3131.5000000000005	-1047.171771434436
3132.0000000000005	-1047.0766469961416
3132.5000000000005	-1046.8641298206178
3133.0000000000005	-1046.4849525664915
3133.5000000000005	-1046.3893489442353
3134.0000000000005	-1046.3182259231733
3134.5000000000005	-1046.2439510684628
3135.0000000000005	-1046.1354084207615
3135.5000000000005	-1045.9295709531355
3136.0000000000005	-1044.8267405991114
3136.5000000000005	-1044.5253657018056
3137.0000000000005	-1044.411320361996
3137.5000000000005	-1044.3521291661498
3138.0000000000005	-1044.3184800309675
3138.5000000000005	-1044.2988857837302
3139.0000000000005	-1044.2875039778655
3139.5000000000005	-1044.2804620062748
3140.0000000000005	-1044.2729368251203
3140.5000000000005	-1044.2632023364986
3141.0000000000005	-1044.2443210819922
3141.5000000000005	-1044.213044911593
3142.0000000000005	-1044.1585405894239
3142.5000000000005	-1044.0582555675305
3143.0000000000005	-1043.832817875831
3143.5000000000005	-1042.7138733634083
3144.0000000000005	-1042.4615699381766
3144.5000000000005	-1042.3527322104037
3145.0000000000005	-1042.2889340798838
3145.5000000000005	-1042.2448276237726
3146.0000000000005	-1042.2087368559914
3146.5000000000005	-1042.1728115197513
3147.0000000000005	-1042.1301823379304
3147.5000000000005	-1042.0599173279747
3148.0000000000005	-1041.9648893885508
3148.5000000000005	-1041.886382956094
3149.0000000000005	-1041.8070219360202
3149.5000000000005	-1041.699253630404
3150.0000000000005	-1041.5349856757234
3150.5000000000005	-1041.1945570166095
3151.0000000000005	-1039.9403537998116
3151.5000000000005	-1039.315162685798
3152.0000000000005	-1039.122569996334
3152.5000000000005	-1039.022833909857
3153.0000000000005	-1038.967792116869
3153.5000000000005	-1038.92906498191
3154.0000000000005	-1038.9076156825888
3154.5000000000005	-1038.8895170751007
3155.0000000000005	-1038.877056336776
3155.5000000000005	-1038.8600308568828
3156.0000000000005	-1038.839108434431
3156.5000000000005	-1038.801711660203
3157.0000000000005	-1038.7432843350355
3157.5000000000005	-1038.6264993778698
3158.0000000000005	-1038.3209132774946
3158.5000000000005	-1037.2526300209547
3159.0000000000005	-1037.0753625438838
3159.5000000000005	-1036.9924793436855
3160.0000000000005	-1036.9512865634995
3160.5000000000005	-1036.925580987078
3161.0000000000005	-1036.9146367986336
3161.5000000000005	-1036.904507006178
3162.0000000000005	-1036.9014253356897
3162.5000000000005	-1036.8907808180434
3163.0000000000005	-1036.880758625182
3163.5000000000005	-1036.854892218499
3164.0000000000005	-1036.8175121246054
3164.5000000000005	-1036.745774067989
3165.0000000000005	-1036.6150922854292
3165.5000000000005	-1036.2094499027758
3166.0000000000005	-1035.211266080085
3166.5000000000005	-1035.0357918768175
3167.0000000000005	-1034.9448021850271
3167.5000000000005	-1034.8776320449574
3168.0000000000005	-1034.8258981328222
3168.5000000000005	-1034.7688689219194
3169.0000000000005	-1034.7015128151306
3169.5000000000005	-1034.5879702399382
3170.0000000000005	-1034.1927211190366
3170.5000000000005	-1034.0230218681859
3171.0000000000005	-1033.9460228130902
3171.5000000000005	-1033.8739648247063
3172.0000000000005	-1033.7853357646318
3172.5000000000005	-1033.631168660691
3173.0000000000005	-1033.0276805276328
3173.5000000000005	-1032.2349818743066
3174.0000000000005	-1032.090294861061
3174.5000000000005	-1032.0184265710677
3175.0000000000005	-1031.977902061128
3175.5000000000005	-1031.9546575373085
3176.0000000000005	-1031.9410520710414
3176.5000000000005	-1031.9316555952796
3177.0000000000005	-1031.9241166083534
3177.5000000000005	-1031.9125171882947
3178.0000000000005	-1031.8946738627633
3178.5000000000005	-1031.864720350831
3179.0000000000005	-1031.812141429818
3179.5000000000005	-1031.7202348941885
3180.0000000000005	-1031.5184469473063
3180.5000000000005	-1030.5597449329962
3181.0000000000005	-1030.0748086066349
3181.5000000000005	-1029.9375679661985
3182.0000000000005	-1029.8647458688804
3182.5000000000005	-1029.8214648343233
3183.0000000000005	-1029.7922482319725
3183.5000000000005	-1029.7732808281012
3184.0000000000005	-1029.7544807251636
3184.5000000000005	-1029.7384247622138
3185.0000000000005	-1029.7134662435285
3185.5000000000005	-1029.6828385122526
3186.0000000000005	-1029.6337604845758
3186.5000000000005	-1029.5617443081826
3187.0000000000005	-1029.4413122195467
3187.5000000000005	-1029.2160250847767
3188.0000000000005	-1028.1072929406926
3188.5000000000005	-1027.5427438710387
3189.0000000000005	-1027.111981140131
3189.5000000000005	-1026.9887368530824
3190.0000000000005	-1026.9186214465378
3190.5000000000005	-1026.8813331415242
3191.0000000000005	-1026.8556615331095
3191.5000000000005	-1026.842430874428
3192.0000000000005	-1026.8295268878935
3192.5000000000005	-1026.819888190762
3193.0000000000005	-1026.8012486188293
3193.5000000000005	-1026.7776410416718
3194.0000000000005	-1026.728370302049
3194.5000000000005	-1026.6458836407733
3195.0000000000005	-1026.450188287403
3195.5000000000005	-1025.3930966284652
3196.0000000000005	-1025.1287056270303
3196.5000000000005	-1025.032339125301
3197.0000000000005	-1024.980830499167
3197.5000000000005	-1024.9563055093554
3198.0000000000005	-1024.940337727178
3198.5000000000005	-1024.9362169504386
3199.0000000000005	-1024.9298018524796
3199.5000000000005	-1024.9279134561323
3200.0000000000005	-1024.91726134933
3200.5000000000005	-1024.9024964730477
3201.0000000000005	-1024.8712171208138
3201.5000000000005	-1024.8186165508478
3202.0000000000005	-1024.7179077516232
3202.5000000000005	-1024.4867648030356
3203.0000000000005	-1023.4053002214714
3203.5000000000005	-1023.1753269439487
3204.0000000000005	-1023.068225675708
3204.5000000000005	-1023.0030084299369
3205.0000000000005	-1022.9511172443274
3205.5000000000005	-1022.9047594733502
3206.0000000000005	-1022.8517171799868
3206.5000000000005	-1022.7786081464826
3207.0000000000005	-1022.6379082473303
3207.5000000000005	-1022.2318519659093
3208.0000000000005	-1022.1168821257903
3208.5000000000005	-1022.043313999111
3209.0000000000005	-1021.9626901069348
3209.5000000000005	-1021.8428098114207
3210.0000000000005	-1021.5646458435116
3210.5000000000005	-1020.5066249168985
3211.0000000000005	-1020.3158262054819
3211.5000000000005	-1020.2306451851864
3212.0000000000005	-1020.186867956715
3212.5000000000005	-1020.1623446480907
3213.0000000000005	-1020.1504739388232
3213.5000000000005	-1020.1446865459176
3214.0000000000005	-1020.1423690487202
3214.5000000000005	-1020.1381472435135
3215.0000000000005	-1020.1317194788218
3215.5000000000005	-1020.1146592187963
3216.0000000000005	-1020.085519626605
3216.5000000000005	-1020.0271164724888
3217.0000000000005	-1019.9151558207851
3217.5000000000005	-1019.5832305948815
3218.0000000000005	-1018.5848225599746
3218.5000000000005	-1018.4202656489201
3219.0000000000005	-1018.3449470653688
3219.5000000000005	-1018.3001517201769
3220.0000000000005	-1018.275949317005
3220.5000000000005	-1018.2566922221146
3221.0000000000005	-1018.24500476204
3221.5000000000005	-1018.2293137936977
3222.0000000000005	-1018.2130826136266
3222.5000000000005	-1018.1860028454249
3223.0000000000005	-1018.14920284207
3223.5000000000005	-1018.088122251964
3224.0000000000005	-1017.9947706001587
3224.5000000000005	-1017.8231444205277
3225.0000000000005	-1017.309388836013
3225.5000000000005	-1016.3272066975062
3226.0000000000005	-1015.8258657948727
3226.5000000000005	-1015.5837519535323
3227.0000000000005	-1015.4908326054812
3227.5000000000005	-1015.4346270730017
3228.0000000000005	-1015.4028904163672
3228.5000000000005	-1015.3775132261982
3229.0000000000005	-1015.3621883508582
3229.5000000000005	-1015.3420466191493
3230.0000000000005	-1015.3235635495115
3230.5000000000005	-1015.2903387319484
3231.0000000000005	-1015.2443125333591
3231.5000000000005	-1015.1606284051928
3232.0000000000005	-1015.0036416032568
3232.5000000000005	-1014.2006677352742
3233.0000000000005	-1013.5800550748347
3233.5000000000005	-1013.4297629134061
3234.0000000000005	-1013.3585597918269
3234.5000000000005	-1013.3136683367281
3235.0000000000005	-1013.2914148860114
3235.5000000000005	-1013.2738374131495
3236.0000000000005	-1013.264905075133
3236.5000000000005	-1013.2539402822365
3237.0000000000005	-1013.2436217245931
3237.5000000000005	-1013.2246055759119
3238.0000000000005	-1013.1970511540853
3238.5000000000005	-1013.147620846678
3239.0000000000005	-1013.0650596773921
3239.5000000000005	-1012.8949760915053
3240.0000000000005	-1011.9205599251167
3240.5000000000005	-1011.5572969689883
3241.0000000000005	-1011.4290399869544
3241.5000000000005	-1011.3542561422312
3242.0000000000005	-1011.2984715890129
3242.5000000000005	-1011.2526676315224
3243.0000000000005	-1011.2037187417491
3243.5000000000005	-1011.146910059677
3244.0000000000005	-1011.059800888131
3244.5000000000005	-1010.8732000678489
3245.0000000000005	-1010.4955997174714
3245.5000000000005	-1010.3925445897145
3246.0000000000005	-1010.301452601075
3246.5000000000005	-1010.1919716801682
3247.0000000000005	-1009.9840140718873
3247.5000000000005	-1008.9465722358244
3248.0000000000005	-1008.6642745115403
3248.5000000000005	-1008.5528395587435
3249.0000000000005	-1008.4861215242381
3249.5000000000005	-1008.4436814964872
3250.0000000000005	-1008.4067693105814
3250.5000000000005	-1008.3702654223478
3251.0000000000005	-1008.3090185776388
3251.5000000000005	-1008.2448698529219
3252.0000000000005	-1008.2067627629468
3252.5000000000005	-1008.1728699623018
3253.0000000000005	-1008.1336592712213
3253.5000000000005	-1008.0743205239805
3254.0000000000005	-1007.975884523219
3254.5000000000005	-1007.7533275493424
3255.0000000000005	-1006.7123059879358
3255.5000000000005	-1006.4885202141081
3256.0000000000005	-1006.3957873563361
3256.5000000000005	-1006.3403306420608
3257.0000000000005	-1006.3108449573483
3257.5000000000005	-1006.2865206055187
3258.0000000000005	-1006.273026311053
3258.5000000000005	-1006.2558685789695
3259.0000000000005	-1006.2407996267759
3259.5000000000005	-1006.2163688397559
3260.0000000000005	-1006.1849555909912
3260.5000000000005	-1006.1332684407777
3261.0000000000005	-1006.0563234944307
3261.5000000000005	-1005.9206827678024
3262.0000000000005	-1005.6186074226429
3262.5000000000005	-1004.535561762974
3263.0000000000005	-1004.2401269725905
3263.5000000000005	-1003.7760471429044
3264.0000000000005	-1003.6161009072783
3264.5000000000005	-1003.5451976435006
3265.0000000000005	-1003.5037647307064
3265.5000000000005	-1003.4790156573315
3266.0000000000005	-1003.4615141262693
3266.5000000000005	-1003.4485198167982
3267.0000000000005	-1003.4320091063006
3267.5000000000005	-1003.4126778923768
3268.0000000000005	-1003.3763994964195
3268.5000000000005	-1003.3208989739985
3269.0000000000005	-1003.2064363623862
3269.5000000000005	-1002.8814104533682
3270.0000000000005	-1001.9198899520902
3270.5000000000005	-1001.7672665730262
3271.0000000000005	-1001.6945253596831
3271.5000000000005	-1001.6586935012339
3272.0000000000005	-1001.6361488827246
3272.5000000000005	-1001.6273922794809
3273.0000000000005	-1001.6194682415746
3273.5000000000005	-1001.6163754777155
3274.0000000000005	-1001.6085669769226
3274.5000000000005	-1001.5974475661767
3275.0000000000005	-1001.5759037264407
3275.5000000000005	-1001.5381433010583
3276.0000000000005	-1001.4712303412542
3276.5000000000005	-1001.3402922979633
3277.0000000000005	-1000.8547945077189
3277.5000000000005	-1000.0316377180106
3278.0000000000005	-999.8848537492223
3278.5000000000005	-999.8039147892245
3279.0000000000005	-999.7515944016527
3279.5000000000005	-999.7067751128372
3280.0000000000005	-999.668813772522
3280.5000000000005	-999.6210162524832
3281.0000000000005	-999.5634589688017
3281.5000000000005	-999.4673766203996
3282.0000000000005	-999.2070644952722
3282.5000000000005	-998.9031195146922
3283.0000000000005	-998.7974871259745
3283.5000000000005	-998.6841334517333
3284.0000000000005	-998.5130746580979
3284.5000000000005	-997.6627751925462
3285.0000000000005	-997.1443314775637
3285.5000000000005	-996.9679594076604
3286.0000000000005	-996.8877031954598
3286.5000000000005	-996.8419850347663
3287.0000000000005	-996.8161792640345
3287.5000000000005	-996.8004926261107
3288.0000000000005	-996.7915293743582
3288.5000000000005	-996.7840199967394
3289.0000000000005	-996.7762266845448
3289.5000000000005	-996.7632288880918
3290.0000000000005	-996.739759667958
3290.5000000000005	-996.7003716832843
3291.0000000000005	-996.6243229526449
3291.5000000000005	-996.4668534485967
3292.0000000000005	-995.5117766252264
3292.5000000000005	-995.1983572866803
3293.0000000000005	-995.090536998883
3293.5000000000005	-995.0376545308302
3294.0000000000005	-995.0041800706504
3294.5000000000005	-994.9873355044658
3295.0000000000005	-994.9718460068826
3295.5000000000005	-994.964061256184
3296.0000000000005	-994.9498936943733
3296.5000000000005	-994.9357526207373
3297.0000000000005	-994.9089916289374
3297.5000000000005	-994.8709982786966
3298.0000000000005	-994.807437029995
3298.5000000000005	-994.7019196559258
3299.0000000000005	-994.4846336860901
3299.5000000000005	-993.443425005099
3300.0000000000005	-993.1329145790821
3300.5000000000005	-992.9107668138785
3301.0000000000005	-992.4882642600888
3301.5000000000005	-992.3704362425328
3302.0000000000005	-992.3161728496584
3302.5000000000005	-992.2833126654942
3303.0000000000005	-992.2651755158233
3303.5000000000005	-992.2488753490427
3304.0000000000005	-992.2362975649704
3304.5000000000005	-992.2166535634433
3305.0000000000005	-992.1902511066261
3305.5000000000005	-992.1400257776099
3306.0000000000005	-992.0526669441459
3306.5000000000005	-991.8338548312607
3307.0000000000005	-990.8360378921061
3307.5000000000005	-990.6357280176568
3308.0000000000005	-990.5564414616709
3308.5000000000005	-990.5128995712729
3309.0000000000005	-990.4924883754004
3309.5000000000005	-990.4804568155879
3310.0000000000005	-990.4765961585349
3310.5000000000005	-990.4724826923593
3311.0000000000005	-990.4700550169165
3311.5000000000005	-990.4614224371666
3312.0000000000005	-990.4463862279772
3312.5000000000005	-990.4166119206967
3313.0000000000005	-990.3623703612548
3313.5000000000005	-990.2602658019397
3314.0000000000005	-989.9892382935736
3314.5000000000005	-989.0078580150193
3315.0000000000005	-988.8303946727966
3315.5000000000005	-988.7463890873634
3316.0000000000005	-988.6922328919087
3316.5000000000005	-988.65567692883
3317.0000000000005	-988.6206773406134
3317.5000000000005	-988.5890694876678
3318.0000000000005	-988.5447370264128
3318.5000000000005	-988.4883658929434
3319.0000000000005	-988.3861062326353
3319.5000000000005	-988.0483129096529
3320.0000000000005	-987.8330057202817
3320.5000000000005	-987.7231915988095
3321.0000000000005	-987.5799169851888
3321.5000000000005	-987.2153293004526
3322.0000000000005	-986.2976794773856
3322.5000000000005	-986.1466494095979
3323.0000000000005	-986.0725812656408
3323.5000000000005	-986.033538033752
3324.0000000000005	-986.0111615884538
3324.5000000000005	-985.999362561128
3325.0000000000005	-985.9936412950535
3325.5000000000005	-985.989293190127
3326.0000000000005	-985.9848073556111
3326.5000000000005	-985.9748427251523
3327.0000000000005	-985.9576804148281
3327.5000000000005	-985.9232875272689
3328.0000000000005	-985.8632644514038
3328.5000000000005	-985.7364187286388
3329.0000000000005	-985.1850574712959
3329.5000000000005	-984.4834004012425
3330.0000000000005	-984.3580805990786
3330.5000000000005	-984.2920938548906
3331.0000000000005	-984.2574619284334
3331.5000000000005	-984.2327329212649
3332.0000000000005	-984.2191795117517
3332.5000000000005	-984.2040708281058
3333.0000000000005	-984.1924670753986
3333.5000000000005	-984.1725621723735
3334.0000000000005	-984.1489667883102
3334.5000000000005	-984.1089312474583
3335.0000000000005	-984.0508031092505
3335.5000000000005	-983.9539924220204
3336.0000000000005	-983.7771268400587
3336.5000000000005	-982.8782390317659
3337.0000000000005	-982.4180653511273
3337.5000000000005	-982.1804134890389
3338.0000000000005	-981.9372934070159
3338.5000000000005	-981.54008318233
3339.0000000000005	-981.435872938454
3339.5000000000005	-981.38213284152
3340.0000000000005	-981.3466119679293
3340.5000000000005	-981.3231871705251
3341.0000000000005	-981.3003152556989
3341.5000000000005	-981.2784777117523
3342.0000000000005	-981.2461592196707
3342.5000000000005	-981.2010101496253
3343.0000000000005	-981.1197010606511
3343.5000000000005	-980.956457357768
3344.0000000000005	-980.0082407183498
3344.5000000000005	-979.7279223792993
3345.0000000000005	-979.6250329443005
3345.5000000000005	-979.5752210131266
3346.0000000000005	-979.5435266506671
3346.5000000000005	-979.5280902556168
3347.0000000000005	-979.516041469861
3347.5000000000005	-979.5099447459327
3348.0000000000005	-979.5003949434663
3348.5000000000005	-979.4904768753128
3349.0000000000005	-979.470206979089
3349.5000000000005	-979.4411008919354
3350.0000000000005	-979.3886489325745
3350.5000000000005	-979.2977600493765
3351.0000000000005	-979.0982658822228
3351.5000000000005	-978.1110917189773
3352.0000000000005	-977.8728205829209
3352.5000000000005	-977.7648332836811
3353.0000000000005	-977.693323704411
3353.5000000000005	-977.6343280704002
3354.0000000000005	-977.5710623583888
3354.5000000000005	-977.4810012793546
3355.0000000000005	-977.3987017701746
3355.5000000000005	-977.3278000718935
3356.0000000000005	-977.2469070514468
3356.5000000000005	-977.1199234964325
3357.0000000000005	-976.7314641882824
3357.5000000000005	-976.5416916668057
3358.0000000000005	-976.3958875065257
3358.5000000000005	-976.1393909918369
3359.0000000000005	-975.149710222663
3359.5000000000005	-974.9485481438294
3360.0000000000005	-974.8600938394856
3360.5000000000005	-974.8085098018455
3361.0000000000005	-974.7810672094494
3361.5000000000005	-974.7629626190931
3362.0000000000005	-974.7539254104997
3362.5000000000005	-974.7464262281517
3363.0000000000005	-974.7418582419505
3363.5000000000005	-974.7302830130715
3364.0000000000005	-974.7164929540514
3364.5000000000005	-974.6854193042456
3365.0000000000005	-974.6356823428393
3365.5000000000005	-974.5341440428634
3366.0000000000005	-974.2608786390027
3366.5000000000005	-973.3250035959715
3367.0000000000005	-973.1700032693954
3367.5000000000005	-973.0952809771717
3368.0000000000005	-973.0590480726057
3368.5000000000005	-973.0335041012386
3369.0000000000005	-973.0215103522257
3369.5000000000005	-973.0096075334974
3370.0000000000005	-973.0021237935848
3370.5000000000005	-972.9884709986536
3371.0000000000005	-972.9732330012233
3371.5000000000005	-972.9428703000874
3372.0000000000005	-972.9017115463374
3372.5000000000005	-972.8265034579655
3373.0000000000005	-972.6962020415527
3373.5000000000005	-972.2989290159263
3374.0000000000005	-971.4199617099621
3374.5000000000005	-971.2357976313148
3375.0000000000005	-971.0998996620867
3375.5000000000005	-970.8816227869556
3376.0000000000005	-970.5523913370594
3376.5000000000005	-970.4739485654279
3377.0000000000005	-970.4352605966521
3377.5000000000005	-970.4087390780733
3378.0000000000005	-970.3903663010111
3378.5000000000005	-970.368914005803
3379.0000000000005	-970.3450743508483
3379.5000000000005	-970.3051045350203
3380.0000000000005	-970.2415535964841
3380.5000000000005	-970.1134023528812
3381.0000000000005	-969.4841797320914
3381.5000000000005	-968.8996997347664
3382.0000000000005	-968.7823995685839
3382.5000000000005	-968.7232518924861
3383.0000000000005	-968.6929617626997
3383.5000000000005	-968.674949697537
3384.0000000000005	-968.6653644005615
3384.5000000000005	-968.6591523371525
3385.0000000000005	-968.6532466565975
3385.5000000000005	-968.6449499705823
3386.0000000000005	-968.6309874484367
3386.5000000000005	-968.6051718293573
3387.0000000000005	-968.5630910814979
3387.5000000000005	-968.4876363069062
3388.0000000000005	-968.3342389377531
3388.5000000000005	-967.4597196497084
3389.0000000000005	-967.0986724179708
3389.5000000000005	-966.9603213410485
3390.0000000000005	-966.8414614488604
3390.5000000000005	-966.7787882184296
3391.0000000000005	-966.7368693709425
3391.5000000000005	-966.7037385580269
3392.0000000000005	-966.6688397173906
3392.5000000000005	-966.6326792006503
3393.0000000000005	-966.5809220684619
3393.5000000000005	-966.5082598124951
3394.0000000000005	-966.3750103830663
3394.5000000000005	-965.9768796501819
3395.0000000000005	-965.7942159843143
3395.5000000000005	-965.5875477680897
3396.0000000000005	-964.6318703617363
3396.5000000000005	-964.3654801175496
3397.0000000000005	-964.2603752777802
3397.5000000000005	-964.207387566775
3398.0000000000005	-964.1749542327073
3398.5000000000005	-964.1598641901502
3399.0000000000005	-964.1486601403063
3399.5000000000005	-964.1460910333958
3400.0000000000005	-964.1395320609007
3400.5000000000005	-964.1358958845021
3401.0000000000005	-964.1220068168685
3401.5000000000005	-964.1012338974348
3402.0000000000005	-964.0578856865191
3402.5000000000005	-963.980283517385
3403.0000000000005	-963.7885398324868
3403.5000000000005	-962.846352900178
3404.0000000000005	-962.6421215302497
3404.5000000000005	-962.562466994905
3405.0000000000005	-962.5181826846886
3405.5000000000005	-962.4958532565701
3406.0000000000005	-962.4808156876277
3406.5000000000005	-962.4742914111583
3407.0000000000005	-962.464961911143
3407.5000000000005	-962.4589327649122
3408.0000000000005	-962.4443490637138
3408.5000000000005	-962.424097442768
3409.0000000000005	-962.3878719511185
3409.5000000000005	-962.3294935357402
3410.0000000000005	-962.2227780831658
3410.5000000000005	-961.9746818675058
3411.0000000000005	-961.0131545557091
3411.5000000000005	-960.8117948533095
3412.0000000000005	-960.6895568529835
3412.5000000000005	-960.573654645152
3413.0000000000005	-960.3210840582411
3413.5000000000005	-960.0609318779066
3414.0000000000005	-959.997170880232
3414.5000000000005	-959.9639021624658
3415.0000000000005	-959.9399251450074
3415.5000000000005	-959.9205187118497
3416.0000000000005	-959.8969599103727
3416.5000000000005	-959.863058661651
3417.0000000000005	-959.8095058505847
3417.5000000000005	-959.7075159710067
3418.0000000000005	-959.4171864694677
3418.5000000000005	-958.5315866240097
3419.0000000000005	-958.3883795940782
3419.5000000000005	-958.3234190414494
3420.0000000000005	-958.2902891256354
3420.5000000000005	-958.2716230280706
3421.0000000000005	-958.2644743389324
3421.5000000000005	-958.2597961443581
3422.0000000000005	-958.2582687986179
3422.5000000000005	-958.2538746477786
3423.0000000000005	-958.2468294587654
3423.5000000000005	-958.2289124849993
3424.0000000000005	-958.1994692923796
3424.5000000000005	-958.1403808779552
3425.0000000000005	-958.0280612405198
3425.5000000000005	-957.6101308788458
3426.0000000000005	-956.8399565798431
3426.5000000000005	-956.7078936187037
3427.0000000000005	-956.6429875675872
3427.5000000000005	-956.599421009739
3428.0000000000005	-956.5729017827277
3428.5000000000005	-956.5469792513746
3429.0000000000005	-956.5257911464693
3429.5000000000005	-956.4966870692582
3430.0000000000005	-956.4623424177819
3430.5000000000005	-956.4089195044428
3431.0000000000005	-956.3302654088029
3431.5000000000005	-956.1728502241419
3432.0000000000005	-955.7637102008088
3432.5000000000005	-955.547034978606
3433.0000000000005	-954.7915326419513
3433.5000000000005	-954.3085838284123
3434.0000000000005	-954.1845732194521
3434.5000000000005	-954.1175934835886
3435.0000000000005	-954.082125652962
3435.5000000000005	-954.0572165756089
3436.0000000000005	-954.0463155874903
3436.5000000000005	-954.0357355365055
3437.0000000000005	-954.0298222206932
3437.5000000000005	-954.0197749342041
3438.0000000000005	-954.0066776190566
3438.5000000000005	-953.9817709475925
3439.0000000000005	-953.9427565435966
3439.5000000000005	-953.8682050768375
3440.0000000000005	-953.719869500077
3440.5000000000005	-952.845375716401
3441.0000000000005	-952.5378313027578
3441.5000000000005	-952.4221294871104
3442.0000000000005	-952.3293860395083
3442.5000000000005	-952.2569863999817
3443.0000000000005	-952.2245774267695
3443.5000000000005	-952.202637471025
3444.0000000000005	-952.1883018128918
3444.5000000000005	-952.173024411142
3445.0000000000005	-952.1558058526113
3445.5000000000005	-952.1324767072109
3446.0000000000005	-952.0975386468607
3446.5000000000005	-952.0427259421842
3447.0000000000005	-951.9513765563843
3447.5000000000005	-951.7640804388071
3448.0000000000005	-950.8283978215902
3448.5000000000005	-950.5701720772742
3449.0000000000005	-950.4441983433941
3449.5000000000005	-950.3463923040131
3450.0000000000005	-950.2336017665168
3450.5000000000005	-949.9186503716398
3451.0000000000005	-949.7391611788219
3451.5000000000005	-949.6807459018836
3452.0000000000005	-949.6436454703793
3452.5000000000005	-949.6151140279738
3453.0000000000005	-949.5840479130691
3453.5000000000005	-949.5474346539646
3454.0000000000005	-949.4916759757209
3454.5000000000005	-949.3996944307042
3455.0000000000005	-949.1934009149877
3455.5000000000005	-948.265573290317
3456.0000000000005	-948.0662744929988
3456.5000000000005	-947.9759864228183
3457.0000000000005	-947.913711039895
3457.5000000000005	-947.8580106216181
3458.0000000000005	-947.7856714267509
3458.5000000000005	-947.7430540283942
3459.0000000000005	-947.7176225706827
3459.5000000000005	-947.700824070574
3460.0000000000005	-947.6804854265527
3460.5000000000005	-947.6593563676773
3461.0000000000005	-947.6235966534723
3461.5000000000005	-947.5708746362882
3462.0000000000005	-947.4719275982193
3462.5000000000005	-947.228997087747
3463.0000000000005	-946.3219529548745
3463.5000000000005	-946.1588816105897
3464.0000000000005	-946.0781194725805
3464.5000000000005	-946.0335507223717
3465.0000000000005	-945.9993415546387
3465.5000000000005	-945.9766078503014
3466.0000000000005	-945.9525786164744
3466.5000000000005	-945.9298170523515
3467.0000000000005	-945.8981200021733
3467.5000000000005	-945.8594006531622
3468.0000000000005	-945.7967493885315
3468.5000000000005	-945.7041028165727
3469.0000000000005	-945.5074019720223
3469.5000000000005	-945.0821401275049
3470.0000000000005	-944.7041573972048
3470.5000000000005	-943.8310440084089
3471.0000000000005	-943.6732872539272
3471.5000000000005	-943.5989503548041
3472.0000000000005	-943.5532334456049
3472.5000000000005	-943.5311904064885
3473.0000000000005	-943.5147195043744
3473.5000000000005	-943.5084635812207
3474.0000000000005	-943.5014062338457
3474.5000000000005	-943.4974357730919
3475.0000000000005	-943.4865142324833
3475.5000000000005	-943.4719849838849
3476.0000000000005	-943.4396501881668
3476.5000000000005	-943.3869132087153
3477.0000000000005	-943.2738973735242
3477.5000000000005	-942.8211042879581
3478.0000000000005	-942.1297294157517
3478.5000000000005	-942.0140792755777
3479.0000000000005	-941.9558210463933
3479.5000000000005	-941.9266189608506
3480.0000000000005	-941.9072943811569
3480.5000000000005	-941.8987110526231
3481.0000000000005	-941.8901801263711
3481.5000000000005	-941.8844775261508
3482.0000000000005	-941.8737531843186
3482.5000000000005	-941.859787444122
3483.0000000000005	-941.8326996756463
3483.5000000000005	-941.7919925378948
3484.0000000000005	-941.7182100837636
3484.5000000000005	-941.5788406106556
3485.0000000000005	-940.8145228979671
3485.5000000000005	-940.3991278881592
3486.0000000000005	-940.2662135607461
3486.5000000000005	-940.1781347901637
3487.0000000000005	-940.0940076942488
3487.5000000000005	-939.9842724164292
3488.0000000000005	-939.6424416512072
3488.5000000000005	-939.5230609443494
3489.0000000000005	-939.4732055651377
3489.5000000000005	-939.4407416766344
3490.0000000000005	-939.4106699025633
3490.5000000000005	-939.3778770990979
3491.0000000000005	-939.3296147917895
3491.5000000000005	-939.2546752980512
3492.0000000000005	-939.1021507174642
3492.5000000000005	-938.2419166522653
3493.0000000000005	-937.9603394900967
3493.5000000000005	-937.8558975345056
3494.0000000000005	-937.7860530511762
3494.5000000000005	-937.7079409389931
3495.0000000000005	-937.6693091987132
3495.5000000000005	-937.6516815013913
3496.0000000000005	-937.6404955171881
3496.5000000000005	-937.6316448212127
3497.0000000000005	-937.6221822661196
3497.5000000000005	-937.6073151210377
3498.0000000000005	-937.5829021722855
3498.5000000000005	-937.5413860276352
3499.0000000000005	-937.4649208293737
3499.5000000000005	-937.2962311582373
3500.0000000000005	-936.4049357326645
3500.5000000000005	-936.1864013791723
3501.0000000000005	-936.099756249065
3501.5000000000005	-936.0501768358992
3502.0000000000005	-936.0193259067601
3502.5000000000005	-935.996880813064
3503.0000000000005	-935.9784301415297
3503.5000000000005	-935.9591897949406
3504.0000000000005	-935.9368414441628
3504.5000000000005	-935.9047296463716
3505.0000000000005	-935.860854209164
3505.5000000000005	-935.7912983892925
3506.0000000000005	-935.677416996281
3506.5000000000005	-935.4021589273704
3507.0000000000005	-934.943119587678
3507.5000000000005	-933.9951920033722
3508.0000000000005	-933.7916250020489
3508.5000000000005	-933.6990452229018
3509.0000000000005	-933.650404536974
3509.5000000000005	-933.6207678440678
3510.0000000000005	-933.6059085647879
3510.5000000000005	-933.5960241855985
3511.0000000000005	-933.5923233899302
3511.5000000000005	-933.5864162139152
3512.0000000000005	-933.5812342771678
3512.5000000000005	-933.5669351492585
3513.0000000000005	-933.5445703159025
3513.5000000000005	-933.49885189171
3514.0000000000005	-933.4133646998488
3514.5000000000005	-933.1775264992798
3515.0000000000005	-932.3136064314032
3515.5000000000005	-932.1636733235111
3516.0000000000005	-932.1006237602359
3516.5000000000005	-932.0645622182857
3517.0000000000005	-932.0476952905045
3517.5000000000005	-932.035902503504
3518.0000000000005	-932.031517896015
3518.5000000000005	-932.0249305433857
3519.0000000000005	-932.0206303973187
3519.5000000000005	-932.0068396265522
3520.0000000000005	-931.9895095473569
3520.5000000000005	-931.9536484370988
3521.0000000000005	-931.8973152753455
3521.5000000000005	-931.7865527952159
3522.0000000000005	-931.4700764272335
3522.5000000000005	-930.6431834889322
3523.0000000000005	-930.4948850484893
3523.5000000000005	-930.4041778727008
3524.0000000000005	-930.3357761148153
3524.5000000000005	-930.2578404859396
3525.0000000000005	-930.135460446248
3525.5000000000005	-929.8003893955414
3526.0000000000005	-929.7191934633588
3526.5000000000005	-929.6766992558526
3527.0000000000005	-929.6488578233945
3527.5000000000005	-929.6164713288399
3528.0000000000005	-929.5799406893253
3528.5000000000005	-929.5172051628851
3529.0000000000005	-929.4052073381573
3529.5000000000005	-928.9346076597161
3530.0000000000005	-928.2895558928024
3530.5000000000005	-928.174553243457
3531.0000000000005	-928.1221795460049
3531.5000000000005	-928.0913198480868
3532.0000000000005	-928.0782802036326
3532.5000000000005	-928.0691046904897
3533.0000000000005	-928.0670760746921
3533.5000000000005	-928.0628358987591
3534.0000000000005	-928.0600371928193
3534.5000000000005	-928.0492772483977
3535.0000000000005	-928.0328372636397
3535.5000000000005	-927.998062874692
3536.0000000000005	-927.9388415321838
3536.5000000000005	-927.8117179118066
3537.0000000000005	-927.073780481829
3537.5000000000005	-926.6986465332475
3538.0000000000005	-926.5953066403617
3538.5000000000005	-926.5379845063221
3539.0000000000005	-926.5046940516911
3539.5000000000005	-926.4792704131283
3540.0000000000005	-926.460669142923
3540.5000000000005	-926.4406567836231
3541.0000000000005	-926.4197150219162
3541.5000000000005	-926.390190293876
3542.0000000000005	-926.3516998526014
3542.5000000000005	-926.2922635759703
3543.0000000000005	-926.2036267687226
3543.5000000000005	-926.0471407935166
3544.0000000000005	-925.5957290989934
3544.5000000000005	-924.6228015923363
3545.0000000000005	-924.310159064159
3545.5000000000005	-924.1849365620017
3546.0000000000005	-924.108402875236
3546.5000000000005	-924.0344789657918
3547.0000000000005	-923.9691250025937
3547.5000000000005	-923.9391962136443
3548.0000000000005	-923.9213873977578
3548.5000000000005	-923.9074870453755
3549.0000000000005	-923.894082868177
3549.5000000000005	-923.8765686640502
3550.0000000000005	-923.8514004024851
3550.5000000000005	-923.8086671394783
3551.0000000000005	-923.734614013841
3551.5000000000005	-923.5703205479526
3552.0000000000005	-922.705254956794
3552.5000000000005	-922.49531492811
3553.0000000000005	-922.4124687614199
3553.5000000000005	-922.3678350706886
3554.0000000000005	-922.341768002617
3554.5000000000005	-922.325005762736
3555.0000000000005	-922.3137479520491
3555.5000000000005	-922.3039285043174
3556.0000000000005	-922.2924833713001
3556.5000000000005	-922.2777226235859
3557.0000000000005	-922.254794631347
3557.5000000000005	-922.2197845237556
3558.0000000000005	-922.1634777509521
3558.5000000000005	-922.0674592436063
3559.0000000000005	-921.8571453586429
3559.5000000000005	-920.9642785575942
3560.0000000000005	-920.7569124757363
3560.5000000000005	-920.6382942380365
3561.0000000000005	-920.525422729703
3561.5000000000005	-920.4074083802163
3562.0000000000005	-920.2972845235884
3562.5000000000005	-920.0844002360806
3563.0000000000005	-919.8141622783261
3563.5000000000005	-919.7457747105441
3564.0000000000005	-919.7008781007555
3564.5000000000005	-919.6635830334935
3565.0000000000005	-919.6207819731214
3565.5000000000005	-919.5639634233819
3566.0000000000005	-919.4677428438101
3566.5000000000005	-919.2360297009734
3567.0000000000005	-918.3851544161099
3567.5000000000005	-918.2357907520457
3568.0000000000005	-918.1670774349833
3568.5000000000005	-918.1316144005319
3569.0000000000005	-918.1105459174572
3569.5000000000005	-918.1005100225462
3570.0000000000005	-918.0934361177913
3570.5000000000005	-918.0909841420175
3571.0000000000005	-918.0846528007423
3571.5000000000005	-918.0779864182372
3572.0000000000005	-918.0614679960113
3572.5000000000005	-918.0353315821318
3573.0000000000005	-917.9847173654296
3573.5000000000005	-917.8897005510624
3574.0000000000005	-917.6008288823936
3574.5000000000005	-916.8058570361072
3575.0000000000005	-916.6725993855408
3575.5000000000005	-916.6107376424317
3576.0000000000005	-916.5717336956142
3576.5000000000005	-916.5487050990708
3577.0000000000005	-916.529222580604
3577.5000000000005	-916.514570081538
3578.0000000000005	-916.4955752047707
3578.5000000000005	-916.4756918257866
3579.0000000000005	-916.4428533326328
3579.5000000000005	-916.4001320911372
3580.0000000000005	-916.3298607184986
3580.5000000000005	-916.2188361850505
3581.0000000000005	-915.9896281402307
3581.5000000000005	-915.2638024495715
3582.0000000000005	-914.5250356810714
3582.5000000000005	-914.3823145702472
3583.0000000000005	-914.3066759684117
3583.5000000000005	-914.2669275896051
3584.0000000000005	-914.240807691471
3584.5000000000005	-914.2281064085471
3585.0000000000005	-914.2182179642227
3585.5000000000005	-914.2139391379097
3586.0000000000005	-914.2060412531953
3586.5000000000005	-914.1980670092175
3587.0000000000005	-914.1791918727216
3587.5000000000005	-914.1504240807811
3588.0000000000005	-914.0929552580059
3588.5000000000005	-913.9786435195117
3589.0000000000005	-913.3202467131715
3589.5000000000005	-912.9047456538156
3590.0000000000005	-912.8031165848015
3590.5000000000005	-912.7548058172176
3591.0000000000005	-912.7260263913706
3591.5000000000005	-912.7115045618796
3592.0000000000005	-912.7010362605849
3592.5000000000005	-912.6950390977383
3593.0000000000005	-912.6869631317866
3593.5000000000005	-912.6782980552433
3594.0000000000005	-912.6612445873977
3594.5000000000005	-912.6361924195561
3595.0000000000005	-912.5927571532658
3595.5000000000005	-912.5203249180707
3596.0000000000005	-912.3753084590074
3596.5000000000005	-911.575254872415
3597.0000000000005	-911.2693562019014
3597.5000000000005	-911.1513733414373
3598.0000000000005	-911.0665967403257
3598.5000000000005	-910.9849326633121
3599.0000000000005	-910.867074766376
3599.5000000000005	-910.7333376690633
3600.0000000000005	-910.399530898929
3600.5000000000005	-910.3023561035336
3601.0000000000005	-910.2543133125934
3601.5000000000005	-910.2182372850788
3602.0000000000005	-910.1812797228573
3602.5000000000005	-910.1336142047021
3603.0000000000005	-910.060094289016
3603.5000000000005	-909.9072739718541
3604.0000000000005	-909.0793945921129
3604.5000000000005	-908.8544190088012
3605.0000000000005	-908.7723424731978
3605.5000000000005	-908.7298465980082
3606.0000000000005	-908.7076476889473
3606.5000000000005	-908.6951208767259
3607.0000000000005	-908.6909546532373
3607.5000000000005	-908.6865894982208
3608.0000000000005	-908.6852241430921
3608.5000000000005	-908.6792230818901
3609.0000000000005	-908.6695189766045
3609.5000000000005	-908.648179275654
3610.0000000000005	-908.61124611566
3610.5000000000005	-908.5380160580848
3611.0000000000005	-908.3724890175854
3611.5000000000005	-907.5292267044163
3612.0000000000005	-907.3442651891492
3612.5000000000005	-907.2661411682789
3613.0000000000005	-907.2244641964345
3613.5000000000005	-907.1966589660386
3614.0000000000005	-907.1796866924817
3614.5000000000005	-907.1628263840462
3615.0000000000005	-907.1497935803939
3615.5000000000005	-907.129030861483
3616.0000000000005	-907.1055900108545
3616.5000000000005	-907.0668685203336
3617.0000000000005	-907.0118698584548
3617.5000000000005	-906.9200131368993
3618.0000000000005	-906.7574027732974
3618.5000000000005	-906.2561773829874
3619.0000000000005	-905.3152974270541
3619.5000000000005	-905.1167686903378
3620.0000000000005	-905.0298296467461
3620.5000000000005	-904.9792195152692
3621.0000000000005	-904.9526986735514
3621.5000000000005	-904.9351861702268
3622.0000000000005	-904.9285563277199
3622.5000000000005	-904.9211275059586
3623.0000000000005	-904.918581597895
3623.5000000000005	-904.9099882139279
3624.0000000000005	-904.8995149204892
3624.5000000000005	-904.875110586244
3625.0000000000005	-904.834185119189
3625.5000000000005	-904.749813361586
3626.0000000000005	-904.5247189578181
3626.5000000000005	-903.713826497261
3627.0000000000005	-903.5790602647908
3627.5000000000005	-903.5171814627583
3628.0000000000005	-903.4867515193114
3628.5000000000005	-903.4682193403522
3629.0000000000005	-903.4598310987348
3629.5000000000005	-903.45312406574
3630.0000000000005	-903.4501511924901
3630.5000000000005	-903.4424417560462
3631.0000000000005	-903.4329426199735
3631.5000000000005	-903.4136577569017
3632.0000000000005	-903.3827870889405
3632.5000000000005	-903.3275034832634
3633.0000000000005	-903.2262922585442
3633.5000000000005	-902.9291238042971
3634.0000000000005	-902.1534563344522
3634.5000000000005	-902.0114921542076
3635.0000000000005	-901.9305839553199
3635.5000000000005	-901.8669779787642
3636.0000000000005	-901.8023691768542
3636.5000000000005	-901.7109944843069
3637.0000000000005	-901.4127055991647
3637.5000000000005	-901.2877814452656
3638.0000000000005	-901.2420903595988
3638.5000000000005	-901.2097878132779
3639.0000000000005	-901.1793779546585
3639.5000000000005	-901.1418013213332
3640.0000000000005	-901.0835532988492
3640.5000000000005	-900.9773637662761
3641.0000000000005	-900.5797816947347
3641.5000000000005	-899.9263171592006
3642.0000000000005	-899.816390610389
3642.5000000000005	-899.7630897373285
3643.0000000000005	-899.733940626225
3643.5000000000005	-899.7187492201268
3644.0000000000005	-899.7091813059989
3644.5000000000005	-899.7043152079635
3645.0000000000005	-899.7000491441004
3645.5000000000005	-899.6935980666574
3646.0000000000005	-899.6827981326059
3646.5000000000005	-899.6639879512221
3647.0000000000005	-899.6301080611545
3647.5000000000005	-899.5721706874754
3648.0000000000005	-899.4537213298194
3648.5000000000005	-898.8308617321343
3649.0000000000005	-898.396932983884
3649.5000000000005	-898.2868932077984
3650.0000000000005	-898.2230792498024
3650.5000000000005	-898.1756385262642
3651.0000000000005	-898.1171161192077
3651.5000000000005	-898.0577541766033
3652.0000000000005	-898.0234718416899
3652.5000000000005	-897.9951933817092
3653.0000000000005	-897.9630247825735
3653.5000000000005	-897.922519189594
3654.0000000000005	-897.8656641380436
3654.5000000000005	-897.7828072429048
3655.0000000000005	-897.6390919558204
3655.5000000000005	-897.2324296506558
3656.0000000000005	-896.3457764662834
3656.5000000000005	-896.0159426045021
3657.0000000000005	-895.899980958162
3657.5000000000005	-895.837627270355
3658.0000000000005	-895.798779208481
3658.5000000000005	-895.7766557080666
3659.0000000000005	-895.7592825206629
3659.5000000000005	-895.7496885042895
3660.0000000000005	-895.7379887162871
3660.5000000000005	-895.727577357282
3661.0000000000005	-895.7099907808904
3661.5000000000005	-895.6853453150828
3662.0000000000005	-895.6422875990338
3662.5000000000005	-895.5719373645262
3663.0000000000005	-895.4200978295636
3663.5000000000005	-894.6134313037511
3664.0000000000005	-894.3577769349363
3664.5000000000005	-894.2268762273691
3665.0000000000005	-894.1465962565628
3665.5000000000005	-894.1048025877601
3666.0000000000005	-894.0766202005243
3666.5000000000005	-894.0607284800944
3667.0000000000005	-894.0447410430693
3667.5000000000005	-894.033616896931
3668.0000000000005	-894.0174310878888
3668.5000000000005	-893.997973871256
3669.0000000000005	-893.9659225401879
3669.5000000000005	-893.9200895453657
3670.0000000000005	-893.8374946001674
3670.5000000000005	-893.6699619570829
3671.0000000000005	-892.8404194341456
3671.5000000000005	-892.6327508512873
3672.0000000000005	-892.5318261264457
3672.5000000000005	-892.4608826023474
3673.0000000000005	-892.3902905710186
3673.5000000000005	-892.3015682967225
3674.0000000000005	-892.0128649073886
3674.5000000000005	-891.8811414828837
3675.0000000000005	-891.8325594269268
3675.5000000000005	-891.8038731315977
3676.0000000000005	-891.7753255636622
3676.5000000000005	-891.7450869283158
3677.0000000000005	-891.697349297442
3677.5000000000005	-891.6223434221434
3678.0000000000005	-891.4406725293087
3678.5000000000005	-890.6309802110658
3679.0000000000005	-890.4670062063999
3679.5000000000005	-890.4009165707131
3680.0000000000005	-890.3644564160766
3680.5000000000005	-890.3474138965745
3681.0000000000005	-890.3358392564186
3681.5000000000005	-890.33386035492
3682.0000000000005	-890.3288638348985
3682.5000000000005	-890.3276498943824
3683.0000000000005	-890.3203622614741
3683.5000000000005	-890.3094451281925
3684.0000000000005	-890.285383980141
3684.5000000000005	-890.2451901085248
3685.0000000000005	-890.1633592383339
3685.5000000000005	-889.9594847801745
3686.0000000000005	-889.1587502050758
3686.5000000000005	-889.0154781346787
3687.0000000000005	-888.9480587502413
3687.5000000000005	-888.9100281386941
3688.0000000000005	-888.8836044536856
3688.5000000000005	-888.8660333877239
3689.0000000000005	-888.8476522117336
3689.5000000000005	-888.8313537812678
3690.0000000000005	-888.8070779703696
3690.5000000000005	-888.7768428501628
3691.0000000000005	-888.7308956007538
3691.5000000000005	-888.6599864822036
3692.0000000000005	-888.5361592667347
3692.5000000000005	-888.1717375651631
3693.0000000000005	-887.7987033335339
3693.5000000000005	-886.996980596203
3694.0000000000005	-886.8483979269552
3694.5000000000005	-886.7773695222053
3695.0000000000005	-886.736961583183
3695.5000000000005	-886.7134238158616
3696.0000000000005	-886.6990030078551
3696.5000000000005	-886.6922603195337
3697.0000000000005	-886.6848787611741
3697.5000000000005	-886.6796970046807
3698.0000000000005	-886.6700589001922
3698.5000000000005	-886.6546175336567
3699.0000000000005	-886.6272949556891
3699.5000000000005	-886.5785872322577
3700.0000000000005	-886.4828516936443
3700.5000000000005	-886.168706372116
3701.0000000000005	-885.4656780035888
3701.5000000000005	-885.3492629012295
3702.0000000000005	-885.2891680696245
3702.5000000000005	-885.2490742092871
3703.0000000000005	-885.212258733438
3703.5000000000005	-885.15478330076
3704.0000000000005	-885.1265519698703
3704.5000000000005	-885.1105709828959
3705.0000000000005	-885.0953376422875
3705.5000000000005	-885.0777615478808
3706.0000000000005	-885.0534193338485
3706.5000000000005	-885.0144899757657
3707.0000000000005	-884.9524420489182
3707.5000000000005	-884.8369864777253
3708.0000000000005	-884.3519106811867
3708.5000000000005	-883.7914113035542
3709.0000000000005	-883.6659595049183
3709.5000000000005	-883.5839585029422
3710.0000000000005	-883.5110656075326
3710.5000000000005	-883.4155145089929
3711.0000000000005	-883.1228534945402
3711.5000000000005	-883.0075440526344
3712.0000000000005	-882.9647157902465
3712.5000000000005	-882.9377182430318
3713.0000000000005	-882.91593894541
3713.5000000000005	-882.8900656688377
3714.0000000000005	-882.8556012975666
3714.5000000000005	-882.7975412562945
3715.0000000000005	-882.6844309980117
3715.5000000000005	-882.025012800235
3716.0000000000005	-881.6819884027979
3716.5000000000005	-881.5909071743234
3717.0000000000005	-881.5482674271076
3717.5000000000005	-881.5238804160402
3718.0000000000005	-881.5130205756974
3718.5000000000005	-881.5072421074236
3719.0000000000005	-881.5054460224637
3719.5000000000005	-881.5033917401726
3720.0000000000005	-881.5006740350539
3720.5000000000005	-881.4913349301721
3721.0000000000005	-881.4765623037376
3721.5000000000005	-881.4439357196768
3722.0000000000005	-881.3867901653736
3722.5000000000005	-881.2622889523103
3723.0000000000005	-880.5218908573652
3723.5000000000005	-880.2646396202787
3724.0000000000005	-880.179246607878
3724.5000000000005	-880.1307233562239
3725.0000000000005	-880.1029041538477
3725.5000000000005	-880.0806279412843
3726.0000000000005	-880.0642396164851
3726.5000000000005	-880.0464760324458
3727.0000000000005	-880.0255274987072
3727.5000000000005	-879.9956747826194
3728.0000000000005	-879.9554642018046
3728.5000000000005	-879.888588067873
3729.0000000000005	-879.7748342183925
3729.5000000000005	-879.4230208185104
3730.0000000000005	-879.1855783821399
3730.5000000000005	-878.3764966115789
3731.0000000000005	-878.151670628734
3731.5000000000005	-878.0622997465007
3732.0000000000005	-878.017695184555
3732.5000000000005	-877.9892281318406
3733.0000000000005	-877.9764403744523
3733.5000000000005	-877.9675251597952
3734.0000000000005	-877.9645572731333
3734.5000000000005	-877.9603988676062
3735.0000000000005	-877.9566582545453
3735.5000000000005	-877.9454701053744
3736.0000000000005	-877.929410266245
3736.5000000000005	-877.893016585209
3737.0000000000005	-877.8294475511406
3737.5000000000005	-877.6753098099542
3738.0000000000005	-876.893596437291
3738.5000000000005	-876.71892584374
3739.0000000000005	-876.6516369921294
3739.5000000000005	-876.6137127789989
3740.0000000000005	-876.595615518926
3740.5000000000005	-876.5820298470722
3741.0000000000005	-876.576401698663
3741.5000000000005	-876.5693810680918
3742.0000000000005	-876.5631782450414
3742.5000000000005	-876.5506654575174
3743.0000000000005	-876.5350282593027
3743.5000000000005	-876.503865176938
3744.0000000000005	-876.4577374697517
3744.5000000000005	-876.3713330631841
3745.0000000000005	-876.1807714394477
3745.5000000000005	-875.3780618906644
3746.0000000000005	-875.2035079491984
3746.5000000000005	-875.1038911075084
3747.0000000000005	-875.0235678331152
3747.5000000000005	-874.915150916091
3748.0000000000005	-874.6147199738231
3748.5000000000005	-874.5170492813685
3749.0000000000005	-874.4781376144102
3749.5000000000005	-874.4502736580262
3750.0000000000005	-874.4303665512864
3750.5000000000005	-874.4049010587602
3751.0000000000005	-874.3761572759349
3751.5000000000005	-874.3263249960614
3752.0000000000005	-874.2439676122895
3752.5000000000005	-874.0316217972818
3753.0000000000005	-873.2643198132482
3753.5000000000005	-873.1240588139716
3754.0000000000005	-873.0600945999977
3754.5000000000005	-873.0170093499596
3755.0000000000005	-872.9866146217611
3755.5000000000005	-872.9381043249211
3756.0000000000005	-872.8988109986718
3756.5000000000005	-872.8803192150991
3757.0000000000005	-872.8680571232187
3757.5000000000005	-872.8518416023206
3758.0000000000005	-872.8344736709267
3758.5000000000005	-872.8020441529055
3759.0000000000005	-872.7542112607804
3759.5000000000005	-872.6617506629598
3760.0000000000005	-872.4075186341521
3760.5000000000005	-871.671449491321
3761.0000000000005	-871.546116742162
3761.5000000000005	-871.4797128523571
3762.0000000000005	-871.4410205230913
3762.5000000000005	-871.4084564104886
3763.0000000000005	-871.3845091068725
3763.5000000000005	-871.3584416166033
3764.0000000000005	-871.3308077837227
3764.5000000000005	-871.2936867998969
3765.0000000000005	-871.245845302464
3765.5000000000005	-871.1708875857164
3766.0000000000005	-871.044271439512
3766.5000000000005	-870.6888630352247
3767.0000000000005	-870.4923063893434
3767.5000000000005	-870.0891422863812
3768.0000000000005	-869.3767524535257
3768.5000000000005	-869.23727297464
3769.0000000000005	-869.1667868148522
3769.5000000000005	-869.122853423815
3770.0000000000005	-869.0981751881151
3770.5000000000005	-869.0804481626107
3771.0000000000005	-869.0703840351848
3771.5000000000005	-869.0622708280146
3772.0000000000005	-869.0538723922951
3772.5000000000005	-869.042077514164
3773.0000000000005	-869.0259348667704
3773.5000000000005	-868.9957786722292
3774.0000000000005	-868.9458941524325
3774.5000000000005	-868.8439153670711
3775.0000000000005	-868.3554803272443
3775.5000000000005	-867.8686498729976
3776.0000000000005	-867.7722428153363
3776.5000000000005	-867.7238308523829
3777.0000000000005	-867.6978823325777
3777.5000000000005	-867.6808898691347
3778.0000000000005	-867.6712792194165
3778.5000000000005	-867.6636629144984
3779.0000000000005	-867.6560316114877
3779.5000000000005	-867.6460147227377
3780.0000000000005	-867.6308816622973
3780.5000000000005	-867.606622548883
3781.0000000000005	-867.568102205331
3781.5000000000005	-867.5022973123499
3782.0000000000005	-867.3768592674701
3782.5000000000005	-866.7023462734808
3783.0000000000005	-866.3646025623362
3783.5000000000005	-866.2442385259037
3784.0000000000005	-866.1507350633182
3784.5000000000005	-866.0316459262017
3785.0000000000005	-865.7321105484328
3785.5000000000005	-865.6533034935072
3786.0000000000005	-865.6174907186489
3786.5000000000005	-865.5970048450808
3787.0000000000005	-865.5792682222093
3787.5000000000005	-865.5628229270599
3788.0000000000005	-865.5406829149124
3788.5000000000005	-865.5072738207664
3789.0000000000005	-865.4482636926975
3789.5000000000005	-865.3273155310693
3790.0000000000005	-864.6068908756862
3790.5000000000005	-864.3719468393441
3791.0000000000005	-864.2929919199075
3791.5000000000005	-864.2546683865968
3792.0000000000005	-864.2337859878403
3792.5000000000005	-864.223544390961
3793.0000000000005	-864.2173389173984
3793.5000000000005	-864.215957238801
3794.0000000000005	-864.2119571798172
3794.5000000000005	-864.208245552029
3795.0000000000005	-864.1973684548497
3795.5000000000005	-864.1794032994005
3796.0000000000005	-864.1454598526884
3796.5000000000005	-864.0829593113044
3797.0000000000005	-863.9438410011674
3797.5000000000005	-863.1935946525507
3798.0000000000005	-862.992713594528
3798.5000000000005	-862.9153925808429
3799.0000000000005	-862.8690835514301
3799.5000000000005	-862.8394914672281
3800.0000000000005	-862.8147605262075
3800.5000000000005	-862.7943077938728
3801.0000000000005	-862.7688986435671
3801.5000000000005	-862.7413880349951
3802.0000000000005	-862.6977020014879
3802.5000000000005	-862.6354183428118
3803.0000000000005	-862.5115670281708
3803.5000000000005	-862.193443520655
3804.0000000000005	-862.0574059333388
3804.5000000000005	-861.8739302785064
3805.0000000000005	-861.0939766221229
3805.5000000000005	-860.9163720215289
3806.0000000000005	-860.8351454612458
3806.5000000000005	-860.7898839947251
3807.0000000000005	-860.7555495277485
3807.5000000000005	-860.7222323910383
3808.0000000000005	-860.6691863798056
3808.5000000000005	-860.6498170851214
3809.0000000000005	-860.6352345257181
3809.5000000000005	-860.6259304420156
3810.0000000000005	-860.6091998913768
3810.5000000000005	-860.5879053994279
3811.0000000000005	-860.5482920323255
3811.5000000000005	-860.477952276926
3812.0000000000005	-860.3021539184853
3812.5000000000005	-859.5510736829599
3813.0000000000005	-859.404969021964
3813.5000000000005	-859.3449768501698
3814.0000000000005	-859.3098313344785
3814.5000000000005	-859.2920384383746
3815.0000000000005	-859.2791339328393
3815.5000000000005	-859.272580025818
3816.0000000000005	-859.2640137016296
3816.5000000000005	-859.2576954893278
3817.0000000000005	-859.2432537162898
3817.5000000000005	-859.2254265259173
3818.0000000000005	-859.1926636246151
3818.5000000000005	-859.1424174748084
3819.0000000000005	-859.0501455682602
3819.5000000000005	-858.8296706433786
3820.0000000000005	-858.0688643325042
3820.5000000000005	-857.9111670806998
3821.0000000000005	-857.7998571934968
3821.5000000000005	-857.6630438337371
3822.0000000000005	-857.3734742984246
3822.5000000000005	-857.3056226217536
3823.0000000000005	-857.2721343062335
3823.5000000000005	-857.2540454368686
3824.0000000000005	-857.2389524851951
3824.5000000000005	-857.226829398634
3825.0000000000005	-857.2091178123437
3825.5000000000005	-857.1845724567986
3826.0000000000005	-857.141195049846
3826.5000000000005	-857.0595848911752
3827.0000000000005	-856.8143908216755
3827.5000000000005	-856.1206655523026
3828.0000000000005	-856.0090231960079
3828.5000000000005	-855.959397399128
3829.0000000000005	-855.9329067537271
3829.5000000000005	-855.9199623410477
3830.0000000000005	-855.9133230974043
3830.5000000000005	-855.9109503474792
3831.0000000000005	-855.9085448949452
3831.5000000000005	-855.9064926636983
3832.0000000000005	-855.8992144564345
3832.5000000000005	-855.8858411631201
3833.0000000000005	-855.86062132745
3833.5000000000005	-855.8144983039108
3834.0000000000005	-855.7228809860363
3834.5000000000005	-855.3972491761419
3835.0000000000005	-854.7726397593552
3835.5000000000005	-854.6673207802221
3836.0000000000005	-854.6114173272115
3836.5000000000005	-854.5762345153396
3837.0000000000005	-854.5509632248958
3837.5000000000005	-854.5283342451295
3838.0000000000005	-854.5051577778669
3838.5000000000005	-854.4771153633159
3839.0000000000005	-854.4375339214987
3839.5000000000005	-854.375839215746
3840.0000000000005	-854.2448012728235
3840.5000000000005	-853.9543054584954
3841.0000000000005	-853.8508592698587
3841.5000000000005	-853.725490547867
3842.0000000000005	-853.2209076524977
3842.5000000000005	-852.7606358744802
3843.0000000000005	-852.6632425636167
3843.5000000000005	-852.6143299318513
3844.0000000000005	-852.5883673051646
3844.5000000000005	-852.5730800178529
3845.0000000000005	-852.5663081244738
3845.5000000000005	-852.561776230786
3846.0000000000005	-852.559498779459
3846.5000000000005	-852.5556420586114
3847.0000000000005	-852.5480307548366
3847.5000000000005	-852.5325464951278
3848.0000000000005	-852.5061114308006
3848.5000000000005	-852.4540204784262
3849.0000000000005	-852.3477734967267
3849.5000000000005	-851.7022534324134
3850.0000000000005	-851.4134148260778
3850.5000000000005	-851.3291783205113
3851.0000000000005	-851.2867824730209
3851.5000000000005	-851.2609662264093
3852.0000000000005	-851.246828366302
3852.5000000000005	-851.2348131159322
3853.0000000000005	-851.2268116068459
3853.5000000000005	-851.21606614725
3854.0000000000005	-851.2037217940484
3854.5000000000005	-851.1835055956246
3855.0000000000005	-851.1553457053375
3855.5000000000005	-851.1086132380897
3856.0000000000005	-851.035405414751
3856.5000000000005	-850.8908019594402
3857.0000000000005	-850.159544136581
3857.5000000000005	-849.8951406526317
3858.0000000000005	-849.7586800971711
3858.5000000000005	-849.5829815438565
3859.0000000000005	-849.3035736674367
3859.5000000000005	-849.2219827964095
3860.0000000000005	-849.1500964672349
3860.5000000000005	-849.1002470589839
3861.0000000000005	-849.0749362320859
3861.5000000000005	-849.052688433576
3862.0000000000005	-849.0327708395102
3862.5000000000005	-849.0045920500518
3863.0000000000005	-848.9673758832529
3863.5000000000005	-848.9005785457564
3864.0000000000005	-848.7644558560249
3864.5000000000005	-848.0343686201572
3865.0000000000005	-847.8494599104404
3865.5000000000005	-847.775210491912
3866.0000000000005	-847.7376570126477
3866.5000000000005	-847.7123087863101
3867.0000000000005	-847.6988850821162
3867.5000000000005	-847.6863300780692
3868.0000000000005	-847.6778728705661
3868.5000000000005	-847.6653650282013
3869.0000000000005	-847.6513711894372
3869.5000000000005	-847.6261129361818
3870.0000000000005	-847.5908658868145
3870.5000000000005	-847.5248189861928
3871.0000000000005	-847.4111839100811
3871.5000000000005	-847.2237157065409
3872.0000000000005	-846.4703050913333
3872.5000000000005	-846.294906095905
3873.0000000000005	-846.2164061578129
3873.5000000000005	-846.1642518899587
3874.0000000000005	-846.1298504130511
3874.5000000000005	-846.0973086599921
3875.0000000000005	-846.0692589647335
3875.5000000000005	-846.0344302099402
3876.0000000000005	-845.9920619344587
3876.5000000000005	-845.9239473092101
3877.0000000000005	-845.7700023054347
3877.5000000000005	-845.5125725938308
3878.0000000000005	-845.4277399289073
3878.5000000000005	-845.3304766128027
3879.0000000000005	-845.1438328439339
3879.5000000000005	-844.4074253244278
3880.0000000000005	-844.2661385060214
3880.5000000000005	-844.2016716292801
3881.0000000000005	-844.1691986847737
3881.5000000000005	-844.1486615556545
3882.0000000000005	-844.1401155766393
3882.5000000000005	-844.1331095765387
3883.0000000000005	-844.1310157528499
3883.5000000000005	-844.1269127166439
3884.0000000000005	-844.1219174644789
3884.5000000000005	-844.1097665783708
3885.0000000000005	-844.0902417088427
3885.5000000000005	-844.0511320069149
3886.0000000000005	-843.9784691025734
3886.5000000000005	-843.7767833810454
3887.0000000000005	-843.0728546412224
3887.5000000000005	-842.9526024419777
3888.0000000000005	-842.8985190135943
3888.5000000000005	-842.8680065205009
3889.0000000000005	-842.8510952939749
3889.5000000000005	-842.839247393661
3890.0000000000005	-842.8316433382831
3890.5000000000005	-842.8233190298474
3891.0000000000005	-842.8136081824691
3891.5000000000005	-842.7990980407617
3892.0000000000005	-842.776666555818
3892.5000000000005	-842.7413147784861
3893.0000000000005	-842.6846084213852
3893.5000000000005	-842.5834433914052
3894.0000000000005	-842.3104639393117
3894.5000000000005	-841.6088488062641
3895.0000000000005	-841.44355366601
3895.5000000000005	-841.237918873224
3896.0000000000005	-840.9979300911698
3896.5000000000005	-840.9384713884849
3897.0000000000005	-840.9073701244641
3897.5000000000005	-840.8892394268948
3898.0000000000005	-840.8767398998211
3898.5000000000005	-840.8673226668385
3899.0000000000005	-840.8557024113463
3899.5000000000005	-840.8404543214683
3900.0000000000005	-840.8144283923378
3900.5000000000005	-840.7705331164997
3901.0000000000005	-840.682384712467
3901.5000000000005	-840.352326879497
3902.0000000000005	-839.7728821527005
3902.5000000000005	-839.6787343784018
3903.0000000000005	-839.6326302411312
3903.5000000000005	-839.6092984536517
3904.0000000000005	-839.5953154475643
3904.5000000000005	-839.5891090017594
3905.0000000000005	-839.5840397591853
3905.5000000000005	-839.5811733138743
3906.0000000000005	-839.5745336484687
3906.5000000000005	-839.5660899133665
3907.0000000000005	-839.5476304576115
3907.5000000000005	-839.5192591019361
3908.0000000000005	-839.4659913182659
3908.5000000000005	-839.364801801336
3909.0000000000005	-838.8555510233317
3909.5000000000005	-838.4394504164557
3910.0000000000005	-838.3391947384748
3910.5000000000005	-838.2830139700211
3911.0000000000005	-838.2383369458681
3911.5000000000005	-838.2000339228696
3912.0000000000005	-838.1482701426022
3912.5000000000005	-838.0773640072132
3913.0000000000005	-838.0196164884637
3913.5000000000005	-837.9485030247756
3914.0000000000005	-837.7632261836341
3914.5000000000005	-837.5480646016712
3915.0000000000005	-837.4719415909957
3915.5000000000005	-837.39768357818
3916.0000000000005	-837.2748116175344
3916.5000000000005	-836.6288996996018
3917.0000000000005	-836.3577067259778
3917.5000000000005	-836.2769313767697
3918.0000000000005	-836.2327889166734
3918.5000000000005	-836.2114389911783
3919.0000000000005	-836.1975736172133
3919.5000000000005	-836.1926585030595
3920.0000000000005	-836.1881801623524
3920.5000000000005	-836.1874962833054
3921.0000000000005	-836.1819538755921
3921.5000000000005	-836.1761673366688
3922.0000000000005	-836.1594896849787
3922.5000000000005	-836.1326814279067
3923.0000000000005	-836.0784605683813
3923.5000000000005	-835.9633393316249
3924.0000000000005	-835.2788970772139
3924.5000000000005	-835.0750644165713
3925.0000000000005	-835.0016386382664
3925.5000000000005	-834.9657762657378
3926.0000000000005	-834.9432648389173
3926.5000000000005	-834.9310059761171
3927.0000000000005	-834.9211855715643
3927.5000000000005	-834.9146421786047
3928.0000000000005	-834.9045798150559
3928.5000000000005	-834.8934323207997
3929.0000000000005	-834.8736254876931
3929.5000000000005	-834.8453368902125
3930.0000000000005	-834.79803216939
3930.5000000000005	-834.7205476575148
3931.0000000000005	-834.5618877423539
3931.5000000000005	-833.8214459678641
3932.0000000000005	-833.5902978171893
3932.5000000000005	-833.3417595648305
3933.0000000000005	-833.1312423782789
3933.5000000000005	-833.0726496819718
3934.0000000000005	-833.0411965264406
3934.5000000000005	-833.0237166383556
3935.0000000000005	-833.0122313124697
3935.5000000000005	-833.004351078626
3936.0000000000005	-832.995786463957
3936.5000000000005	-832.9844597443387
3937.0000000000005	-832.9653107967855
3937.5000000000005	-832.9324151171029
3938.0000000000005	-832.8705605978539
3938.5000000000005	-832.7227534567556
3939.0000000000005	-832.0175504853468
3939.5000000000005	-831.8737460041849
3940.0000000000005	-831.8155535555625
3940.5000000000005	-831.7858144393233
3941.0000000000005	-831.7701789191404
3941.5000000000005	-831.7619345865944
3942.0000000000005	-831.7584335764572
3942.5000000000005	-831.7555606488074
3943.0000000000005	-831.7529178000027
3943.5000000000005	-831.746381156232
3944.0000000000005	-831.7348675231176
3944.5000000000005	-831.7133217984742
3945.0000000000005	-831.6753531613431
3945.5000000000005	-831.6031461662893
3946.0000000000005	-831.4263891678969
3946.5000000000005	-830.7217488433922
3947.0000000000005	-830.5881480712532
3947.5000000000005	-830.5229755148732
3948.0000000000005	-830.4819909635148
3948.5000000000005	-830.4497911964112
3949.0000000000005	-830.4217979915412
3949.5000000000005	-830.3892186795781
3950.0000000000005	-830.3493462225676
3950.5000000000005	-830.2832570139731
3951.0000000000005	-830.0856358485422
3951.5000000000005	-829.9056439012929
3952.0000000000005	-829.8443233955203
3952.5000000000005	-829.7830788711636
3953.0000000000005	-829.6969215093932
3953.5000000000005	-829.4799107920982
3954.0000000000005	-828.8036061057209
3954.5000000000005	-828.6872219916829
3955.0000000000005	-828.6345434633892
3955.5000000000005	-828.6045921735919
3956.0000000000005	-828.5895760823519
3956.5000000000005	-828.5790528223423
3957.0000000000005	-828.5754512714118
3957.5000000000005	-828.5703874840781
3958.0000000000005	-828.566837673455
3958.5000000000005	-828.5581243109984
3959.0000000000005	-828.5453168658789
3959.5000000000005	-828.5197708030206
3960.0000000000005	-828.4779000230603
3960.5000000000005	-828.3928710686314
3961.0000000000005	-828.128819528648
3961.5000000000005	-827.5026549324655
3962.0000000000005	-827.3984682342194
3962.5000000000005	-827.3432048260586
3963.0000000000005	-827.309485985994
3963.5000000000005	-827.2805902748195
3964.0000000000005	-827.2535758627807
3964.5000000000005	-827.2016122575302
3965.0000000000005	-827.1675980663723
3965.5000000000005	-827.1418093781363
3966.0000000000005	-827.1168828335448
3966.5000000000005	-827.0825043113366
3967.0000000000005	-827.0375393729204
3967.5000000000005	-826.9657950080792
3968.0000000000005	-826.8464202847869
3968.5000000000005	-826.4134274919941
3969.0000000000005	-825.8545234535981
3969.5000000000005	-825.5581369695469
3970.0000000000005	-825.3592322765943
3970.5000000000005	-825.2904337886654
3971.0000000000005	-825.2525733963402
3971.5000000000005	-825.2249766819867
3972.0000000000005	-825.2068109269379
3972.5000000000005	-825.1879344497585
3973.0000000000005	-825.1702773074162
3973.5000000000005	-825.1437235915747
3974.0000000000005	-825.1051752278912
3974.5000000000005	-825.033101720252
3975.0000000000005	-824.9539491419547
3975.5000000000005	-824.8376170275016
3976.0000000000005	-824.2625155292225
3976.5000000000005	-823.9433813169832
3977.0000000000005	-823.8586866582086
3977.5000000000005	-823.81287863428
3978.0000000000005	-823.7885862416697
3978.5000000000005	-823.7715633154571
3979.0000000000005	-823.7637474905887
3979.5000000000005	-823.7553523118924
3980.0000000000005	-823.7507233474979
3980.5000000000005	-823.741355534395
3981.0000000000005	-823.7306655715065
3981.5000000000005	-823.7099431001274
3982.0000000000005	-823.6790184878572
3982.5000000000005	-823.6210139906477
3983.0000000000005	-823.5087370010241
3983.5000000000005	-822.8552076547503
3984.0000000000005	-822.6250055209644
3984.5000000000005	-822.5406135166292
3985.0000000000005	-822.4920287226574
3985.5000000000005	-822.4541334851502
3986.0000000000005	-822.4241765135499
3986.5000000000005	-822.3891850451688
3987.0000000000005	-822.3493856417831
3987.5000000000005	-822.2827378809135
3988.0000000000005	-822.0794535943842
3988.5000000000005	-821.9165705647594
3989.0000000000005	-821.8625725727906
3989.5000000000005	-821.8104355262979
3990.0000000000005	-821.7449563825716
3990.5000000000005	-821.6141337223979
3991.0000000000005	-820.9363791007448
3991.5000000000005	-820.7534643928454
3992.0000000000005	-820.6870195999138
3992.5000000000005	-820.6509639767928
3993.0000000000005	-820.634061531903
3993.5000000000005	-820.6223015228693
3994.0000000000005	-820.6197383589372
3994.5000000000005	-820.6159326740941
3995.0000000000005	-820.6153387296829
3995.5000000000005	-820.6101181017904
3996.0000000000005	-820.6031995132142
3996.5000000000005	-820.5852197192658
3997.0000000000005	-820.5564107331994
3997.5000000000005	-820.4962151554225
3998.0000000000005	-820.3616704628188
3998.5000000000005	-819.6750809753389
3999.0000000000005	-819.5257720211879
3999.5000000000005	-819.4631830405983
4000.0000000000005	-819.4315305126759
4000.5000000000005	-819.4099279582719
4001.0000000000005	-819.3987781411458
4001.5000000000005	-819.387392160799
4002.0000000000005	-819.3798383513393
4002.5000000000005	-819.3672701477617
4003.0000000000005	-819.3534345708999
4003.5000000000005	-819.3294272630524
4004.0000000000005	-819.2965947347597
4004.5000000000005	-819.2410116621602
4005.0000000000005	-819.1519120078708
4005.5000000000005	-818.9543058700027
4006.0000000000005	-818.2136714398658
4006.5000000000005	-817.8855998337017
4007.0000000000005	-817.6816791055714
4007.5000000000005	-817.6130448620979
4008.0000000000005	-817.5780196087037
4008.5000000000005	-817.5547922927548
4009.0000000000005	-817.5434105970431
4009.5000000000005	-817.5326971180307
4010.0000000000005	-817.5268662367572
4010.5000000000005	-817.5163823964313
4011.0000000000005	-817.5044953864422
4011.5000000000005	-817.4816490933147
4012.0000000000005	-817.4455609770544
4012.5000000000005	-817.37297700473
4013.0000000000005	-817.1870130464388
4013.5000000000005	-816.5219871416763
4014.0000000000005	-816.4085559071933
4014.5000000000005	-816.3535610638105
4015.0000000000005	-816.3233327846104
4015.5000000000005	-816.300525584428
4016.0000000000005	-816.2831313157517
4016.5000000000005	-816.25135964558
4017.0000000000005	-816.2130221053244
4017.5000000000005	-816.1935045008582
4018.0000000000005	-816.1795359194114
4018.5000000000005	-816.1593019258146
4019.0000000000005	-816.132484004066
4019.5000000000005	-816.0855661999205
4020.0000000000005	-816.0043673402914
4020.5000000000005	-815.7617771879544
4021.0000000000005	-815.1335391678934
4021.5000000000005	-815.0217793843642
4022.0000000000005	-814.9634627000564
4022.5000000000005	-814.9214536777273
4023.0000000000005	-814.8891592942317
4023.5000000000005	-814.8537154467735
4024.0000000000005	-814.814537586841
4024.5000000000005	-814.750669907957
4025.0000000000005	-814.5665982386316
4025.5000000000005	-814.3936412334684
4026.0000000000005	-814.3429664115213
4026.5000000000005	-814.2984317009814
4027.0000000000005	-814.245916501425
4027.5000000000005	-814.1533778840567
4028.0000000000005	-813.8233323781411
4028.5000000000005	-813.2926530455828
4029.0000000000005	-813.2040580846938
4029.5000000000005	-813.1596773316563
4030.0000000000005	-813.1381493784352
4030.5000000000005	-813.1251590167109
4031.0000000000005	-813.1209909464742
4031.5000000000005	-813.1171592751839
4032.0000000000005	-813.1174999995518
4032.5000000000005	-813.1137166238613
4033.0000000000005	-813.1094382813661
4033.5000000000005	-813.0961421782378
4034.0000000000005	-813.0740773366647
4034.5000000000005	-813.0295308778924
4035.0000000000005	-812.9400338289198
4035.5000000000005	-812.4347985918486
4036.0000000000005	-812.0900787766051
4036.5000000000005	-812.008363463954
4037.0000000000005	-811.9687164874457
4037.5000000000005	-811.9444358840207
4038.0000000000005	-811.9306175193956
4038.5000000000005	-811.9194505273504
4039.0000000000005	-811.911619655914
4039.5000000000005	-811.9004664409298
4040.0000000000005	-811.8886990821205
4040.5000000000005	-811.8683808931394
4041.0000000000005	-811.839801720044
4041.5000000000005	-811.7944283615102
4042.0000000000005	-811.7215956077453
4042.5000000000005	-811.5834740180873
4043.0000000000005	-810.9154247594907
4043.5000000000005	-810.5178679642765
4044.0000000000005	-810.2703146186723
4044.5000000000005	-810.1943310097618
4045.0000000000005	-810.154757927436
4045.5000000000005	-810.1318614217671
4046.0000000000005	-810.1190690538529
4046.5000000000005	-810.1101958284854
4047.0000000000005	-810.1054625425458
4047.5000000000005	-810.0983196023711
4048.0000000000005	-810.090078648399
4048.5000000000005	-810.0742147121842
4049.0000000000005	-810.0467692337305
4049.5000000000005	-809.9957252001705
4050.0000000000005	-809.8837744764411
4050.5000000000005	-809.2351705839285
4051.0000000000005	-809.0559688881074
4051.5000000000005	-808.9909570408549
4052.0000000000005	-808.9591734256835
4052.5000000000005	-808.9412793961243
4053.0000000000005	-808.9318659981117
4053.5000000000005	-808.9264436340419
4054.0000000000005	-808.9237085343944
4054.5000000000005	-808.9187638131951
4055.0000000000005	-808.9133677726005
4055.5000000000005	-808.9011681750418
4056.0000000000005	-808.8819903538434
4056.5000000000005	-808.8471194420136
4057.0000000000005	-808.7858940296545
4057.5000000000005	-808.6493299306014
4058.0000000000005	-807.9781456680826
4058.5000000000005	-807.817000414797
4059.0000000000005	-807.7461971773291
4059.5000000000005	-807.6986354576179
4060.0000000000005	-807.6626931713196
4060.5000000000005	-807.6266591295139
4061.0000000000005	-807.5864615300897
4061.5000000000005	-807.5270043546985
4062.0000000000005	-807.384604311581
4062.5000000000005	-807.1721555758289
4063.0000000000005	-807.1185220906228
4063.5000000000005	-807.0753057504975
4064.0000000000005	-807.0282548845184
4064.5000000000005	-806.9545428608171
4065.0000000000005	-806.7966607042749
4065.5000000000005	-806.1274390685115
4066.0000000000005	-805.9945639965132
4066.5000000000005	-805.9332101240408
4067.0000000000005	-805.8995776384604
4067.5000000000005	-805.874957994882
4068.0000000000005	-805.85757264202
4068.5000000000005	-805.8345002893728
4069.0000000000005	-805.7916766334667
4069.5000000000005	-805.7672392307115
4070.0000000000005	-805.7519931082124
4070.5000000000005	-805.7324348836825
4071.0000000000005	-805.7085608165662
4071.5000000000005	-805.6665440713729
4072.0000000000005	-805.5956155237801
4072.5000000000005	-805.4111594418491
4073.0000000000005	-804.7612989390896
4073.5000000000005	-804.6431286809818
4074.0000000000005	-804.5876134546214
4074.5000000000005	-804.5510841070954
4075.0000000000005	-804.5286280200957
4075.5000000000005	-804.5075837543187
4076.0000000000005	-804.4904154481985
4076.5000000000005	-804.4691207880023
4077.0000000000005	-804.4441482260409
4077.5000000000005	-804.4055624520926
4078.0000000000005	-804.3450295233527
4078.5000000000005	-804.2642693619894
4079.0000000000005	-804.1834686783872
4079.5000000000005	-804.0620733986716
4080.0000000000005	-803.7794269234654
4080.5000000000005	-803.0466363030007
4081.0000000000005	-802.7249196146719
4081.5000000000005	-802.6281055328789
4082.0000000000005	-802.5792820840262
4082.5000000000005	-802.5472920678749
4083.0000000000005	-802.5299846020627
4083.5000000000005	-802.5165595179556
4084.0000000000005	-802.5086954337877
4084.5000000000005	-802.4994639495006
4085.0000000000005	-802.4914553522251
4085.5000000000005	-802.4748301410768
4086.0000000000005	-802.4532339971108
4086.5000000000005	-802.4105624224588
4087.0000000000005	-802.3308519928215
4087.5000000000005	-802.0131614119249
4088.0000000000005	-801.5031960364886
4088.5000000000005	-801.4156552633629
4089.0000000000005	-801.3762187284774
4089.5000000000005	-801.3519987510867
4090.0000000000005	-801.3413268368495
4090.5000000000005	-801.333107690318
4091.0000000000005	-801.3297536538937
4091.5000000000005	-801.324798003002
4092.0000000000005	-801.3210335926481
4092.5000000000005	-801.3097171627198
4093.0000000000005	-801.2955698292212
4093.5000000000005	-801.2664624503545
4094.0000000000005	-801.2195325013568
4094.5000000000005	-801.1229994861156
4095.0000000000005	-800.6144667931438
4095.5000000000005	-800.2818851385974
4096.0	-800.1958488385243
4096.5	-800.1421618896874
4097.0	-800.105896062623
4097.5	-800.070374703045
4098.0	-800.0341425348086
4098.5	-799.9823444216998
4099.0	-799.88383677075
4099.5	-799.6408083908993
4100.0	-799.5830711626886
4100.5	-799.5431907215016
4101.0	-799.5049222445914
4101.5	-799.4475321221684
4102.0	-799.3430212868235
4102.5	-798.7370543646747
4103.0	-798.5219977605244
4103.5	-798.4504413592456
4104.0	-798.4173536353251
4104.5	-798.3971371746679
4105.0	-798.3890255794174
4105.5	-798.3830678389253
4106.0	-798.382174549996
4106.5	-798.3792231409592
4107.0	-798.3772903585028
4107.5	-798.3684103875144
4108.0	-798.3554696099137
4108.5	-798.3266488469372
4109.0	-798.277489485554
4109.5	-798.1628827308082
4110.0	-797.5289842909782
4110.5	-797.3567965663542
4111.0	-797.2937685552814
4111.5	-797.2575430965875
4112.0	-797.2379518423451
4112.5	-797.2217764875345
4113.0	-797.2127518205599
4113.5	-797.2006023676971
4114.0	-797.1896399535306
4114.5	-797.1722178003265
4115.0	-797.1498162611362
4115.5	-797.1137930517793
4116.0	-797.0622071846914
4116.5	-796.9729458717325
4117.0	-796.7994816051282
4117.5	-796.0667237704652
4118.0	-795.6823005600261
4118.5	-795.5612696013575
4119.0	-795.5028630379184
4119.5	-795.4653418424405
4120.0	-795.4413162942049
4120.5	-795.4169583271183
4121.0	-795.3832341025568
4121.5	-795.3450820333444
4122.0	-795.3284660728499
4122.5	-795.3102045768802
4123.0	-795.2890622975606
4123.5	-795.2531632911721
4124.0	-795.1922457258612
4124.5	-795.0394310254821
4125.0	-794.4004816691175
4125.5	-794.2785085421282
4126.0	-794.2285306962118
4126.5	-794.1998308171931
4127.0	-794.1859865126354
4127.5	-794.176527129141
4128.0	-794.1729011788537
4128.5	-794.168138639961
4129.0	-794.165044141415
4129.5	-794.1559627811083
4130.0	-794.1450898556271
4130.5	-794.1214357806477
4131.0	-794.0844092516737
4131.5	-794.0120921821074
4132.0	-793.8250776122703
4132.5	-793.1970790838266
4133.0	-793.0845506922279
4133.5	-793.0236305499263
4134.0	-792.9846711203545
4134.5	-792.9490930677849
4135.0	-792.9159050381072
4135.5	-792.8713375098538
4136.0	-792.8003758245736
4136.5	-792.5600634993207
4137.0	-792.4756495192266
4137.5	-792.4336513397496
4138.0	-792.3989627970008
4138.5	-792.3506745110169
4139.0	-792.2735728294457
4139.5	-792.035764755681
4140.0	-791.4636508851657
4140.5	-791.3703902024154
4141.0	-791.3289455873173
4141.5	-791.3050417624302
4142.0	-791.2950469286736
4142.5	-791.2878420006758
4143.0	-791.2874594685899
4143.5	-791.2848458667132
4144.0	-791.2843590214163
4144.5	-791.2779349988874
4145.0	-791.2684683707843
4145.5	-791.2465209177292
4146.0	-791.2089285932062
4146.5	-791.1274994029793
4147.0	-790.773799877856
4147.5	-790.3226404108635
4148.0	-790.2419215591643
4148.5	-790.199534324885
4149.0	-790.1767582587796
4149.5	-790.1607307017377
4150.0	-790.151377637173
4150.5	-790.1404957784706
4151.0	-790.1322253599901
4151.5	-790.117301692155
4152.0	-790.099980287803
4152.5	-790.0708090964007
4153.0	-790.028688196278
4153.5	-789.958702877243
4154.0	-789.8340466693024
4154.5	-789.246360417327
4155.0	-788.7728616831466
4155.5	-788.5770238278722
4156.0	-788.5091298882435
4156.5	-788.4704560921227
4157.0	-788.4499041572114
4157.5	-788.436018647623
4158.0	-788.4294775177159
4158.5	-788.4224368542518
4159.0	-788.4179546914638
4159.5	-788.407844916842
4160.0	-788.3948583962701
4160.5	-788.3680027252199
4161.0	-788.3229055729203
4161.5	-788.2216575861925
4162.0	-787.6270711169254
4162.5	-787.4317095215006
4163.0	-787.367989558918
4163.5	-787.3332872316363
4164.0	-787.3164039420994
4164.5	-787.3040910424471
4165.0	-787.2992657218248
4165.5	-787.2929676286287
4166.0	-787.2888539594439
4166.5	-787.280220074266
4167.0	-787.2690915714786
4167.5	-787.2473849767229
4168.0	-787.2155239129146
4168.5	-787.1549824662428
4169.0	-787.0332671793145
4169.5	-786.3986617866831
4170.0	-786.2321947934427
4170.5	-786.1564032253598
4171.0	-786.1077353617276
4171.5	-786.0651765372754
4172.0	-786.025846225775
4172.5	-785.9751243704753
4173.0	-785.903185238034
4173.5	-785.7351564672805
4174.0	-785.5107263693669
4174.5	-785.4481492752249
4175.0	-785.4043021637963
4175.5	-785.3541742821562
4176.0	-785.2859667275721
4176.5	-785.1411828839825
4177.0	-784.5073225659958
4177.5	-784.3700997761631
4178.0	-784.3122928492975
4178.5	-784.2767723304877
4179.0	-784.2565171277803
4179.5	-784.2400659249469
4180.0	-784.2289010638234
4180.5	-784.214543609035
4181.0	-784.1986203588846
4181.5	-784.1671928497296
4182.0	-784.118147085243
4182.5	-784.0726988594148
4183.0	-784.0272413709064
4183.5	-783.9545175948839
4184.0	-783.7898806774384
4184.5	-783.1652915249239
4185.0	-783.050488645783
4185.5	-782.994196545334
4186.0	-782.963891769956
4186.5	-782.9414564936635
4187.0	-782.9279455165291
4187.5	-782.9144403587471
4188.0	-782.9035095188008
4188.5	-782.888331522783
4189.0	-782.8715674719012
4189.5	-782.8442525118267
4190.0	-782.8081484396855
4190.5	-782.7485536415429
4191.0	-782.6515725438743
4191.5	-782.4092496066081
4192.0	-781.7369383679638
4192.5	-781.408231487814
4193.0	-781.3118113503284
4193.5	-781.2626957719998
4194.0	-781.236949162898
4194.5	-781.2194092983924
4195.0	-781.2112283517317
4195.5	-781.203232009984
4196.0	-781.1988521729008
4196.5	-781.1900377246417
4197.0	-781.1792042014672
4197.5	-781.1576850161802
4198.0	-781.1220592637849
4198.5	-781.0472623317071
4199.0	-780.7810405794432
4199.5	-780.2664868377227
4200.0	-780.1851812164839
4200.5	-780.144835664007
4201.0	-780.1250156124621
4201.5	-780.112693815276
4202.0	-780.1079174820763
4202.5	-780.1029542289081
4203.0	-780.1013935545154
4203.5	-780.0951753035908
4204.0	-780.0885365210345
4204.5	-780.0728863085734
4205.0	-780.0487651312284
4205.5	-780.0032196451721
4206.0	-779.9168267105591
4206.5	-779.4770650974777
4207.0	-779.1216900104579
4207.5	-779.0362460996338
4208.0	-778.9888374958708
4208.5	-778.9522878868278
4209.0	-778.9227774338306
4209.5	-778.8891527897732
4210.0	-778.8487847463285
4210.5	-778.7794210970354
4211.0	-778.5518181160011
4211.5	-778.4598782852594
4212.0	-778.418638980821
4212.5	-778.3771446694566
4213.0	-778.324625604693
4213.5	-778.2240363558882
4214.0	-777.6601621091626
4214.5	-777.444360504646
4215.0	-777.3776670995569
4215.5	-777.3425032113217
4216.0	-777.3253450352823
4216.5	-777.3141075177233
4217.0	-777.3104465976687
4217.5	-777.3066394284846
4218.0	-777.3052053928537
4218.5	-777.3003443926099
4219.0	-777.2933306937429
4219.5	-777.2777683431483
4220.0	-777.2524604756834
4220.5	-777.2020518738576
4221.0	-777.0959080868912
4221.5	-776.4936975155728
4222.0	-776.3282330935368
4222.5	-776.2636728419828
4223.0	-776.2285280077532
4223.5	-776.2037986815387
4224.0	-776.1864556359822
4224.5	-776.1680884793758
4225.0	-776.147117820804
4225.5	-776.1023030884235
4226.0	-776.066415253169
4226.5	-776.0359083770503
4227.0	-776.0007817666731
4227.5	-775.9492350178703
4228.0	-775.8698735213949
4228.5	-775.7108718911193
4229.0	-775.0454973271842
4229.5	-774.7624299005212
4230.0	-774.5407486056572
4230.5	-774.4744711446136
4231.0	-774.440512098372
4231.5	-774.4198359983675
4232.0	-774.4082208374224
4232.5	-774.4001279919815
4233.0	-774.3947538222437
4233.5	-774.3873635089213
4234.0	-774.3781185067463
4234.5	-774.3605362655608
4235.0	-774.3313356092231
4235.5	-774.2744807356044
4236.0	-774.1317595966545
4236.5	-773.5276868633681
4237.0	-773.416938528778
4237.5	-773.369331534844
4238.0	-773.3452328506893
4238.5	-773.3318442881487
4239.0	-773.3252451124134
4239.5	-773.3215840046133
4240.0	-773.3191152391701
4240.5	-773.3157200246088
4241.0	-773.309550922044
4241.5	-773.2982455556788
4242.0	-773.2780585998454
4242.5	-773.242375741778
4243.0	-773.1750405298881
4243.5	-772.9926239114291
4244.0	-772.4043704702909
4244.5	-772.2997822631972
4245.0	-772.2454055692396
4245.5	-772.2097260549024
4246.0	-772.1800568077618
4246.5	-772.1523206765755
4247.0	-772.1193100650845
4247.5	-772.0731711195059
4248.0	-771.9821638766803
4248.5	-771.753190402785
4249.0	-771.6918264578928
4249.5	-771.6507221991533
4250.0	-771.6016128337486
4250.5	-771.5242830665444
4251.0	-771.2819769437416
4251.5	-770.7542629345959
4252.0	-770.6680189042715
4252.5	-770.6284789194768
4253.0	-770.6062662440385
4253.5	-770.5962171268378
4254.0	-770.5898917069136
4254.5	-770.5885669310229
4255.0	-770.586352274247
4255.5	-770.5851979758744
4256.0	-770.5792012391672
4256.5	-770.5695802560962
4257.0	-770.5483285798584
4257.5	-770.5116203065578
4258.0	-770.4323750532461
4258.5	-770.0519517779336
4259.0	-769.6697946241047
4259.5	-769.5957234684906
4260.0	-769.5565739631752
4260.5	-769.5355306109061
4261.0	-769.5206907942021
4261.5	-769.5118088683987
4262.0	-769.5022119995247
4262.5	-769.4944853025665
4263.0	-769.4811019910587
4263.5	-769.4654110010032
4264.0	-769.4388908191905
4264.5	-769.4010031026686
4265.0	-769.3374051892658
4265.5	-769.222977155769
4266.0	-768.6509450018079
4266.5	-768.3625753377361
4267.0	-768.0741827939243
4267.5	-767.9623641157391
4268.0	-767.9142664407404
4268.5	-767.8891337313454
4269.0	-767.8721603295847
4269.5	-767.8629324823842
4270.0	-767.8536985628776
4270.5	-767.8469538314429
4271.0	-767.8351171883586
4271.5	-767.820173594945
4272.0	-767.791744293642
4272.5	-767.745150613696
4273.0	-767.6418460954039
4273.5	-767.0622745814966
4274.0	-766.8918386753928
4274.5	-766.8307914419262
4275.0	-766.7956561803749
4275.5	-766.7757992242149
4276.0	-766.7590971121161
4276.5	-766.7476532106817
4277.0	-766.7307586095967
4277.5	-766.7036085905452
4278.0	-766.6625597092766
4278.5	-766.6397091242479
4279.0	-766.6120879906966
4279.5	-766.5762189063881
4280.0	-766.5140864480352
4280.5	-766.3892213771082
4281.0	-765.7813372208549
4281.5	-765.6353995165468
4282.0	-765.5663328312953
4282.5	-765.5220745720053
4283.0	-765.4846932420824
4283.5	-765.4520703168891
4284.0	-765.4132154019518
4284.5	-765.3674101488197
4285.0	-765.2942546142992
4285.5	-765.1261390364774
4286.0	-764.9021340422983
4286.5	-764.8308698221563
4287.0	-764.7693847799093
4287.5	-764.6951235480321
4288.0	-764.5433323954431
4288.5	-763.94307835044
4289.0	-763.8219755879745
4289.5	-763.7700447174689
4290.0	-763.7389362393359
4290.5	-763.7235096866568
4291.0	-763.7124453718905
4291.5	-763.7076250384782
4292.0	-763.7025926905927
4292.5	-763.6996820939509
4293.0	-763.6923622738846
4293.5	-763.6838068438245
4294.0	-763.6638713080887
4294.5	-763.6332347232348
4295.0	-763.5702028312216
4295.5	-763.4041309230214
4296.0	-762.8295324416414
4296.5	-762.732639052485
4297.0	-762.6858938816715
4297.5	-762.661826682916
4298.0	-762.6443769645272
4298.5	-762.6352960617237
4299.0	-762.62551186036
4299.5	-762.6184647472711
4300.0	-762.6073206316593
4300.5	-762.5941327387654
4301.0	-762.5718044713935
4301.5	-762.5410645373449
4302.0	-762.4889779063861
4302.5	-762.4018219275091
4303.0	-762.1529259153549
4303.5	-761.5874141806623
4304.0	-761.422628930197
4304.5	-761.1631359722305
4305.0	-761.0878155043441
4305.5	-761.0543503347432
4306.0	-761.033928151949
4306.5	-761.0237389452162
4307.0	-761.0145344031615
4307.5	-761.0097037756138
4308.0	-761.0001077354929
4308.5	-760.9893757587315
4309.0	-760.9679459571003
4309.5	-760.9319362230749
4310.0	-760.8565222596159
4310.5	-760.5068525873186
4311.0	-760.1157164208046
4311.5	-760.0447333275027
4312.0	-760.008140382679
4312.5	-759.9910987707348
4313.0	-759.9800341090332
4313.5	-759.9760825904846
4314.0	-759.9721287352701
4314.5	-759.9707924824422
4315.0	-759.9652708606841
4315.5	-759.9592274382137
4316.0	-759.9438613907528
4316.5	-759.920974513852
4317.0	-759.8758782157289
4317.5	-759.7888680121412
4318.0	-759.2753867158342
4318.5	-759.0391608374886
4319.0	-758.9646170525334
4319.5	-758.9235017323857
4320.0	-758.8923702331494
4320.5	-758.8692881186827
4321.0	-758.8431896279014
4321.5	-758.8165111391928
4322.0	-758.7768278397865
4322.5	-758.7154521432905
4323.0	-758.5102926138351
4323.5	-758.3945584998027
4324.0	-758.3381098629625
4324.5	-758.2781339136703
4325.0	-758.1690039003087
4325.5	-757.6023474739366
4326.0	-757.4275818105208
4326.5	-757.365829565032
4327.0	-757.3310898330803
4327.5	-757.3116692323773
4328.0	-757.2972332109474
4328.5	-757.2885191994577
4329.0	-757.276279917926
4329.5	-757.2599007638348
4330.0	-757.2196411119039
4330.5	-757.1991233273216
4331.0	-757.1767618215397
4331.5	-757.1478715036078
4332.0	-757.0951745248484
4332.5	-756.98330067426
4333.0	-756.4010647950851
4333.5	-756.2666545429511
4334.0	-756.2100001514599
4334.5	-756.1818030548347
4335.0	-756.1624659935031
4335.5	-756.1524335740611
4336.0	-756.1431052546
4336.5	-756.1364427115955
4337.0	-756.1267161940743
4337.5	-756.1161883554886
4338.0	-756.0974070920952
4338.5	-756.0729045811194
4339.0	-756.0294650679655
4339.5	-755.9607227390239
4340.0	-755.8071253378859
4340.5	-755.1993144040396
4341.0	-755.0410024587675
4341.5	-754.8945324049291
4342.0	-754.6678881889098
4342.5	-754.6153252506806
4343.0	-754.5864428001394
4343.5	-754.572783735759
4344.0	-754.5619292619923
4344.5	-754.5560152975306
4345.0	-754.5477061456015
4345.5	-754.5381994305253
4346.0	-754.5196173612903
4346.5	-754.4908632790516
4347.0	-754.4316238369591
4347.5	-754.2758412245056
4348.0	-753.7143604392409
4348.5	-753.6217584199042
4349.0	-753.5790857218127
4349.5	-753.5588306211824
4350.0	-753.546520637157
4350.5	-753.5419773185657
4351.0	-753.538022432032
4351.5	-753.5380740975546
4352.0	-753.5332160514319
4352.5	-753.5293478248143
4353.0	-753.5170207165328
4353.5	-753.4987892142855
4354.0	-753.4630964600664
4354.5	-753.3959006068409
4355.0	-753.1839998807347
4355.5	-752.6624675033368
4356.0	-752.5720759891104
4356.5	-752.5275520906208
4357.0	-752.495733925973
4357.5	-752.473929419669
4358.0	-752.4521516892673
4358.5	-752.4304999137821
4359.0	-752.4012050604283
4359.5	-752.3620166579408
4360.0	-752.2891129603124
4360.5	-752.0643706929905
4361.0	-751.9748395541345
4361.5	-751.9144803390254
4362.0	-751.8264307565215
4362.5	-751.4859504344615
4363.0	-751.0875271332977
4363.5	-751.0127523134654
4364.0	-750.9743346563405
4364.5	-750.9563500353327
4365.0	-750.9433907646309
4365.5	-750.9393825782224
4366.0	-750.9353214807418
4366.5	-750.9347131692745
4367.0	-750.9309517125488
4367.5	-750.9260468819962
4368.0	-750.9136028923862
4368.5	-750.8939652461081
4369.0	-750.8531538301733
4369.5	-750.7728437733066
4370.0	-750.2795656231674
4370.5	-750.0503952558124
4371.0	-749.9842026005464
4371.5	-749.9510121129713
4372.0	-749.9300675789264
4372.5	-749.9188135606157
4373.0	-749.908272882341
4373.5	-749.9023435997791
4374.0	-749.8920655260023
4374.5	-749.8823007575598
4375.0	-749.8654051339554
4375.5	-749.8424879110056
4376.0	-749.8048326422738
4376.5	-749.7467322896127
4377.0	-749.6312765292209
4377.5	-749.0602954904656
4378.0	-748.8589187500938
4378.5	-748.7498637497848
4379.0	-748.5813418777354
4379.5	-748.4001521153535
4380.0	-748.3504170092183
4380.5	-748.3223540004651
4381.0	-748.2985751714115
4381.5	-748.2765421647268
4382.0	-748.2328419527406
4382.5	-748.200677258057
4383.0	-748.1721200898565
4383.5	-748.1392094069789
4384.0	-748.0839155848232
4384.5	-747.9705840209618
4385.0	-747.3993370890255
4385.5	-747.2647788077807
4386.0	-747.2069882840395
4386.5	-747.1766895983641
4387.0	-747.1540166860452
4387.5	-747.1399915111128
4388.0	-747.1250471911424
4388.5	-747.1099989777866
4389.0	-747.0843773240501
4389.5	-747.042655548897
4390.0	-747.0061469281295
4390.5	-746.9769956301265
4391.0	-746.9354342161148
4391.5	-746.8744905824145
4392.0	-746.7360294147337
4392.5	-746.1631592722247
4393.0	-746.0442258338775
4393.5	-745.9888319308927
4394.0	-745.9520884924498
4394.5	-745.9275412846234
4395.0	-745.9038644715956
4395.5	-745.8837012318204
4396.0	-745.8576896730609
4396.5	-745.8269804418684
4397.0	-745.7799304058226
4397.5	-745.6951083625889
4398.0	-745.4622999207974
4398.5	-745.3796680921093
4399.0	-745.2972062461832
4399.5	-745.1285024844888
4400.0	-744.5720035402665
4400.5	-744.4752425400762
4401.0	-744.4290212613205
4401.5	-744.4054941080027
4402.0	-744.391063245696
4402.5	-744.3848195008034
4403.0	-744.3800236437752
4403.5	-744.3794793882241
4404.0	-744.3751935354458
4404.5	-744.372003012076
4405.0	-744.3615151498587
4405.5	-744.3453343589965
4406.0	-744.3129951086148
4406.5	-744.2501630735217
4407.0	-744.0436937456423
4407.5	-743.542941725112
4408.0	-743.4609138111878
4408.5	-743.4242063325672
4409.0	-743.4016049381054
4409.5	-743.3900739169104
4410.0	-743.3815670828467
4410.5	-743.3760350844535
4411.0	-743.369069203953
4411.5	-743.3625282391155
4412.0	-743.3495790409203
4412.5	-743.3332755066908
4413.0	-743.3033942255693
4413.5	-743.2577237413254
4414.0	-743.1713485552879
4414.5	-742.8196070404418
4415.0	-742.421564628851
4415.5	-742.3191637301171
4416.0	-742.2302460412501
4416.5	-742.0369172465782
4417.0	-741.9148884127914
4417.5	-741.8809641576152
4418.0	-741.8614559882299
4418.5	-741.8505287526708
4419.0	-741.8407067238938
4419.5	-741.8309798003423
4420.0	-741.8163104898819
4420.5	-741.7949292443503
4421.0	-741.7546090396568
4421.5	-741.6751656439802
4422.0	-741.1897556320088
4422.5	-740.9728444982538
4423.0	-740.9110375069614
4423.5	-740.880869015892
4424.0	-740.8640975013366
4424.5	-740.8561465775916
4425.0	-740.8506740626154
4425.5	-740.8494850763661
4426.0	-740.8454088155703
4426.5	-740.8418088129021
4427.0	-740.8335371082567
4427.5	-740.8193975650353
4428.0	-740.7939317130066
4428.5	-740.7490159731135
4429.0	-740.652317192442
4429.5	-740.1127452626442
4430.0	-739.9476205705664
4430.5	-739.8854684014839
4431.0	-739.8477012580717
4431.5	-739.8214694284799
4432.0	-739.7994720277884
4432.5	-739.7777843931688
4433.0	-739.7523589793404
4433.5	-739.7200037654753
4434.0	-739.6653026675702
4434.5	-739.586081253781
4435.0	-739.4737926033448
4435.5	-739.2412770869686
4436.0	-739.1470850483997
4436.5	-739.0172298107663
4437.0	-738.4511653018017
4437.5	-738.3166719049033
4438.0	-738.2607452374908
4438.5	-738.2319088820311
4439.0	-738.2143024531288
4439.5	-738.2056887229822
4440.0	-738.200561444725
4440.5	-738.1979914633207
4441.0	-738.1957347339172
4441.5	-738.1918249019561
4442.0	-738.183898735084
4442.5	-738.1706151292806
4443.0	-738.1435523057759
4443.5	-738.0938794383089
4444.0	-737.9681119623544
4444.5	-737.4178656365441
4445.0	-737.3130264872472
4445.5	-737.268724713659
4446.0	-737.2436958152306
4446.5	-737.2313051335062
4447.0	-737.2216775636663
4447.5	-737.2171992210177
4448.0	-737.2114011673235
4448.5	-737.2048376818008
4449.0	-737.1963846385942
4449.5	-737.1809406411045
4450.0	-737.1589769083098
4450.5	-737.1197279328591
4451.0	-737.0537029779167
4451.5	-736.8891125880021
4452.0	-736.3343683431613
4452.5	-736.2188888028649
4453.0	-736.1433370736361
4453.5	-736.0638298896566
4454.0	-735.8520007054027
4454.5	-735.7702194504333
4455.0	-735.7402794254906
4455.5	-735.7249329316242
4456.0	-735.7129211683315
4456.5	-735.7044909806222
4457.0	-735.6904381500269
4457.5	-735.671127715077
4458.0	-735.6402928895709
4458.5	-735.5780901735835
4459.0	-735.3941238467429
4459.5	-734.8891313235719
4460.0	-734.8098689057086
4460.5	-734.7733966226388
4461.0	-734.7540299118422
4461.5	-734.7446727199102
4462.0	-734.7394115505242
4462.5	-734.7378705012349
4463.0	-734.7357577083412
4463.5	-734.7340071316684
4464.0	-734.7275590421502
4464.5	-734.7177133147329
4465.0	-734.698130378279
4465.5	-734.6642201801446
4466.0	-734.5949970205547
4466.5	-734.3312141281585
4467.0	-733.897616276458
4467.5	-733.8198100354842
4468.0	-733.7809111000901
4468.5	-733.754427511237
4469.0	-733.7361491446743
4469.5	-733.7204867765802
4470.0	-733.70375534547
4470.5	-733.6858508318804
4471.0	-733.6600064455905
4471.5	-733.6254763736288
4472.0	-733.568303318434
4472.5	-733.4423246997502
4473.0	-733.2257065427319
4473.5	-733.1149661620871
4474.0	-732.700916037918
4474.5	-732.3964666312247
4475.0	-732.3252181587834
4475.5	-732.2874558781859
4476.0	-732.2684013693963
4476.5	-732.2550866414475
4477.0	-732.249098480045
4477.5	-732.2447947457212
4478.0	-732.2411022026705
4478.5	-732.2377020004013
4479.0	-732.229472671482
4479.5	-732.2177254152682
4480.0	-732.194534701346
4480.5	-732.1551001844741
4481.0	-732.0707626602217
4481.5	-731.574949637376
4482.0	-731.3823426782419
4482.5	-731.3205608144408
4483.0	-731.2876897444163
4483.5	-731.2659066524283
4484.0	-731.2521850365586
4484.5	-731.2387916555134
4485.0	-731.2271664719286
4485.5	-731.2106218349282
4486.0	-731.1851822489161
4486.5	-731.138256178768
4487.0	-731.1023819703021
4487.5	-731.0636810658355
4488.0	-731.0027016571488
4488.5	-730.8933037709921
4489.0	-730.3457176717195
4489.5	-730.1718240432357
4490.0	-730.0875851373285
4490.5	-730.0164277607365
4491.0	-729.9288883114059
4491.5	-729.7065428740758
4492.0	-729.6347809437519
4492.5	-729.5928619106426
4493.0	-729.5507442677264
4493.5	-729.5032740436095
4494.0	-729.4722463946515
4494.5	-729.4438276257806
4495.0	-729.4083084156974
4495.5	-729.3565266055392
4496.0	-729.2458400064226
4496.5	-728.7054706988379
4497.0	-728.5777286526909
4497.5	-728.526840138972
4498.0	-728.499851367272
4498.5	-728.4839032627646
4499.0	-728.4757165941223
4499.5	-728.4695221724746
4500.0	-728.4669708986155
4500.5	-728.4622376425644
4501.0	-728.4570132651033
4501.5	-728.447155601563
4502.0	-728.4308613489302
4502.5	-728.4030566894872
4503.0	-728.3511781567954
4503.5	-728.2298631633897
4504.0	-727.6875951729172
4504.5	-727.5789386906082
4505.0	-727.5284667658793
4505.5	-727.4996620771785
4506.0	-727.4792591043566
4506.5	-727.4629958610983
4507.0	-727.4494840136997
4507.5	-727.432294122766
4508.0	-727.4137644147448
4508.5	-727.3858079661061
4509.0	-727.3466766179114
4509.5	-727.2818538938167
4510.0	-727.1089970394405
4510.5	-726.9217019763582
4511.0	-726.7505637793778
4511.5	-726.2096970988409
4512.0	-726.1079551614804
4512.5	-726.062502002145
4513.0	-726.0362096261225
4513.5	-726.0228049325045
4514.0	-726.0152333608595
4514.5	-726.0110150656482
4515.0	-726.0096119575276
4515.5	-726.006451186827
4516.0	-726.0036649793902
4516.5	-725.9942075787012
4517.0	-725.9793825464753
4517.5	-725.9500825108864
4518.0	-725.8929872503711
4518.5	-725.7238373118347
4519.0	-725.2228577270813
4519.5	-725.1431393551663
4520.0	-725.1049049459345
4520.5	-725.0856784902637
4521.0	-725.0733222616191
4521.5	-725.0665035025494
4522.0	-725.061504973742
4522.5	-725.0568862045968
4523.0	-725.0512587866391
4523.5	-725.0412461860122
4524.0	-725.0276125896299
4524.5	-725.002313360028
4525.0	-724.9634573418228
4525.5	-724.8893054475355
4526.0	-724.6500545551423
4526.5	-724.1889677963327
4527.0	-724.096146899991
4527.5	-724.0364330500821
4528.0	-723.9773144229213
4528.5	-723.8903887398668
4529.0	-723.6863850263179
4529.5	-723.6389439646605
4530.0	-723.6162703306888
4530.5	-723.6009977572626
4531.0	-723.5881461337527
4531.5	-723.5717821965648
4532.0	-723.5502763283064
4532.5	-723.512127902464
4533.0	-723.4413492488011
4533.5	-723.1043415043981
4534.0	-722.7670026571764
4534.5	-722.7009411647796
4535.0	-722.6674903011351
4535.5	-722.6495679521585
4536.0	-722.636965310605
4536.5	-722.6304452525561
4537.0	-722.6221736073434
4537.5	-722.6139334918328
4538.0	-722.599029048248
4538.5	-722.5623644620961
4539.0	-722.5332030087048
4539.5	-722.5035613199404
4540.0	-722.4614585845578
4540.5	-722.3783698270669
4541.0	-721.9115314468808
4541.5	-721.7014489313561
4542.0	-721.637760463676
4542.5	-721.6023900313169
4543.0	-721.5793625266325
4543.5	-721.5635067027439
4544.0	-721.5483016743931
4544.5	-721.535492767262
4545.0	-721.5179505998651
4545.5	-721.497254579449
4546.0	-721.4669207914296
4546.5	-721.4216052078581
4547.0	-721.3455011669862
4547.5	-721.11825853002
4548.0	-720.9522593228228
4548.5	-720.421833470861
4549.0	-720.2539302065153
4549.5	-720.1918451148642
4550.0	-720.1598187454631
4550.5	-720.1421783242994
4551.0	-720.1319908038317
4551.5	-720.1277117101295
4552.0	-720.1244765133526
4552.5	-720.1235385063945
4553.0	-720.1195069489501
4553.5	-720.1142921694055
4554.0	-720.1020912722231
4554.5	-720.0804630532344
4555.0	-720.0390618016637
4555.5	-719.9431909489774
4556.0	-719.425032584904
4556.5	-719.296763814979
4557.0	-719.2498240955396
4557.5	-719.224182300698
4558.0	-719.2104947893993
4558.5	-719.2027378261236
4559.0	-719.1975272179922
4559.5	-719.1942546366064
4560.0	-719.1889835259909
4560.5	-719.1830904995245
4561.0	-719.1707665037299
4561.5	-719.1528843704367
4562.0	-719.1213339935781
4562.5	-719.0673335198637
4563.0	-718.9480630489326
4563.5	-718.4106613425221
4564.0	-718.2875059612117
4564.5	-718.2218689604565
4565.0	-718.1717891886739
4565.5	-718.1150327072717
4566.0	-718.0069069406782
4566.5	-717.8323759350004
4567.0	-717.7952950678734
4567.5	-717.7768866444916
4568.0	-717.7618010556048
4568.5	-717.7488982967692
4569.0	-717.7293407704416
4569.5	-717.7012182922655
4570.0	-717.6495784997169
4570.5	-717.5218083013424
4571.0	-717.0043362137737
4571.5	-716.9101199355309
4572.0	-716.8706428824574
4572.5	-716.8488981001967
4573.0	-716.8389021952607
4573.5	-716.832248972094
4574.0	-716.8300450498709
4574.5	-716.8281992262272
4575.0	-716.8256105747992
4575.5	-716.8217489285078
4576.0	-716.8118614792402
4576.5	-716.7968012522106
4577.0	-716.7662872045429
4577.5	-716.7107377057378
4578.0	-716.5559330978878
4578.5	-716.0531130191745
4579.0	-715.9666958874928
4579.5	-715.9238842301999
4580.0	-715.8991243849039
4580.5	-715.8802970615857
4581.0	-715.8669813349395
4581.5	-715.8527413923123
4582.0	-715.8382370902988
4582.5	-715.8195250204071
4583.0	-715.7945149114445
4583.5	-715.7592711022279
4584.0	-715.7039663424409
4584.5	-715.6069438304406
4585.0	-715.3463613049154
4585.5	-715.0999422990815
4586.0	-714.6136170644239
4586.5	-714.5253287452715
4587.0	-714.4806234482897
4587.5	-714.4529537854759
4588.0	-714.4365976713539
4588.5	-714.4235308483262
4589.0	-714.414296163627
4589.5	-714.4030494598624
4590.0	-714.3890642520406
4590.5	-714.3591095998096
4591.0	-714.3213099011107
4591.5	-714.2921993527304
4592.0	-714.251369759669
4592.5	-714.1809594904801
4593.0	-713.8922325835431
4593.5	-713.5146653120682
4594.0	-713.4416034190604
4594.5	-713.4030373829513
4595.0	-713.3778801843334
4595.5	-713.3582470302374
4596.0	-713.3411797685156
4596.5	-713.3179805380207
4597.0	-713.2822918078703
4597.5	-713.2476670959746
4598.0	-713.2239875271905
4598.5	-713.1985968762677
4599.0	-713.1661965007196
4599.5	-713.1188582692847
4600.0	-713.0330843968363
4600.5	-712.6129324513894
4601.0	-712.3501484391568
4601.5	-712.2712693893117
4602.0	-712.2159757219634
4602.5	-712.1671554509732
4603.0	-712.1053703568296
4603.5	-711.9310418105025
4604.0	-711.8314730033569
4604.5	-711.8000129713784
4605.0	-711.7825647652206
4605.5	-711.7654332830273
4606.0	-711.7482470551998
4606.5	-711.7231661345381
4607.0	-711.6826547370886
4607.5	-711.6022306897191
4608.0	-711.1271019161961
4608.5	-710.955746611388
4609.0	-710.9004553787581
4609.5	-710.874229840908
4610.0	-710.8587200549447
4610.5	-710.8514921222461
4611.0	-710.8474145790037
4611.5	-710.8452799241583
4612.0	-710.8440239920955
4612.5	-710.83994769767
4613.0	-710.8345377071896
4613.5	-710.8211092278187
4614.0	-710.7997440707203
4614.5	-710.7580589817042
4615.0	-710.6687547161902
4615.5	-710.167699406865
4616.0	-710.0272197364353
4616.5	-709.9755035881402
4617.0	-709.9449199117303
4617.5	-709.9268842963979
4618.0	-709.9124738093808
4618.5	-709.9010260592325
4619.0	-709.8889805055986
4619.5	-709.8746026990359
4620.0	-709.8560542157207
4620.5	-709.8287373462662
4621.0	-709.7897346989745
4621.5	-709.7237821107911
4622.0	-709.5882722143733
4622.5	-709.3145888964635
4623.0	-708.7707032221814
4623.5	-708.6398477086441
4624.0	-708.5840938190969
4624.5	-708.5557347732126
4625.0	-708.5382574039373
4625.5	-708.5299675089582
4626.0	-708.524418010725
4626.5	-708.522034741342
4627.0	-708.5195692825364
4627.5	-708.5159078914497
4628.0	-708.5093465903831
4628.5	-708.4959182753526
4629.0	-708.4732035824076
4629.5	-708.4261836466123
4630.0	-708.3145577924068
4630.5	-707.8059055733983
4631.0	-707.7071281083424
4631.5	-707.6657575027183
4632.0	-707.6430191326082
4632.5	-707.6315487305981
4633.0	-707.6231726763658
4633.5	-707.6193679102797
4634.0	-707.6141862773197
4634.5	-707.6093530359698
4635.0	-707.6014348866029
4635.5	-707.5887232569683
4636.0	-707.5690015671119
4636.5	-707.5352084027716
4637.0	-707.477242026553
4637.5	-707.3337381769081
4638.0	-706.8234168190095
4638.5	-706.7198891752496
4639.0	-706.6620437300472
4639.5	-706.6151572272249
4640.0	-706.5653401279559
4640.5	-706.490874429633
4641.0	-706.2908240007143
4641.5	-706.2367478099379
4642.0	-706.2051896107944
4642.5	-706.1740297257594
4643.0	-706.1280263721807
4643.5	-706.0956498718
4644.0	-706.0588423151694
4644.5	-705.9979324343805
4645.0	-705.8349788197393
4645.5	-705.356633663032
4646.0	-705.2789102957363
4646.5	-705.2415997810715
4647.0	-705.2226504110125
4647.5	-705.212128741313
4648.0	-705.2063008648516
4648.5	-705.2044180218883
4649.0	-705.2013127043946
4649.5	-705.200074548056
4650.0	-705.1942174493291
4650.5	-705.1853483866835
4651.0	-705.168239794181
4651.5	-705.1371775019303
4652.0	-705.0773917574023
4652.5	-704.8688071984867
4653.0	-704.4373273573791
4653.5	-704.3642471267541
4654.0	-704.3287346170911
4654.5	-704.3063091784619
4655.0	-704.2915867162033
4655.5	-704.2798397600109
4656.0	-704.2687340305026
4656.5	-704.2568010231805
4657.0	-704.2407681387376
4657.5	-704.2199244448243
4658.0	-704.1871750335449
4658.5	-704.1396436910064
4659.0	-704.054030471332
4659.5	-703.8123383147987
4660.0	-703.4268540629193
4660.5	-703.0756026970373
4661.0	-703.0014069083313
4661.5	-702.9628207547737
4662.0	-702.9429590060275
4662.5	-702.930498922661
4663.0	-702.9251542308552
4663.5	-702.9212322240829
4664.0	-702.919778477397
4664.5	-702.9168471902802
4665.0	-702.9121891139796
4665.5	-702.902838890781
4666.0	-702.8849124943205
4666.5	-702.8523101616556
4667.0	-702.7814576701801
4667.5	-702.3619904411063
4668.0	-702.1511674998192
4668.5	-702.0960046485947
4669.0	-702.0673606866351
4669.5	-702.052755708635
4670.0	-702.0440927650069
4670.5	-702.038720557668
4671.0	-702.035949483544
4671.5	-702.0311057309593
4672.0	-702.0268942178685
4672.5	-702.0166172191728
4673.0	-702.0023344433725
4673.5	-701.9766222505408
4674.0	-701.9333579312274
4674.5	-701.8467009463697
4675.0	-701.3677550575526
4675.5	-701.1984401129475
4676.0	-701.1307670807477
4676.5	-701.0850580408618
4677.0	-701.0420374539286
4677.5	-700.9915091456926
4678.0	-700.8694625251559
4678.5	-700.7250850668821
4679.0	-700.6921305069424
4679.5	-700.6734920955092
4680.0	-700.657982456194
4680.5	-700.6397020424483
4681.0	-700.6152250463788
4681.5	-700.5717865107589
4682.0	-700.4839021615294
4682.5	-699.9931953879708
4683.0	-699.8650131163188
4683.5	-699.8168768141281
4684.0	-699.7921688873388
4684.5	-699.7794006771711
4685.0	-699.7714807745074
4685.5	-699.7682389118997
4686.0	-699.7649479967973
4686.5	-699.7626980621884
4687.0	-699.7573762740984
4687.5	-699.749892407386
4688.0	-699.7347585424502
4688.5	-699.710125269324
4689.0	-699.6642934221696
4689.5	-699.5620837740757
4690.0	-699.062308633572
4690.5	-698.947473472732
4691.0	-698.8988752038197
4691.5	-698.867811442483
4692.0	-698.8477548403928
4692.5	-698.829459631193
4693.0	-698.8137773788983
4693.5	-698.7954448957543
4694.0	-698.7727779739024
4694.5	-698.7414273958509
4695.0	-698.6835785467116
4695.5	-698.6259309600165
4696.0	-698.5521235565137
4696.5	-698.422386996735
4697.0	-698.1210468588719
4697.5	-697.582581816172
4698.0	-697.463976799536
4698.5	-697.4069794038328
4699.0	-697.3718420810069
4699.5	-697.346593113264
4700.0	-697.3255262220482
4700.5	-697.2992231897149
4701.0	-697.2639337359565
4701.5	-697.2392995689563
4702.0	-697.2240781724619
4702.5	-697.2072158615072
4703.0	-697.1873498445037
4703.5	-697.1568454916072
4704.0	-697.1034366534116
4704.5	-696.9707731353155
4705.0	-696.4841187973551
4705.5	-696.3993173119021
4706.0	-696.3587781777626
4706.5	-696.3379386968802
4707.0	-696.3240102171582
4707.5	-696.3158950084837
4708.0	-696.3103216166327
4708.5	-696.304732454757
4709.0	-696.2992258223197
4709.5	-696.2901300634421
4710.0	-696.2775827143
4710.5	-696.2561240087637
4711.0	-696.2228701446368
4711.5	-696.1607353177807
4712.0	-695.9961179045395
4712.5	-695.5222463101472
4713.0	-695.4335584250149
4713.5	-695.381466555056
4714.0	-695.3389662437279
4714.5	-695.2956045203545
4715.0	-695.227652238044
4715.5	-695.0397230347673
4716.0	-694.9864264650334
4716.5	-694.9644960854837
4717.0	-694.9476785048852
4717.5	-694.9318596575795
4718.0	-694.9114553075499
4718.5	-694.8790047326517
4719.0	-694.8206109696509
4719.5	-694.619525268975
4720.0	-694.2012900800505
4720.5	-694.133443094481
4721.0	-694.1028617663687
4721.5	-694.0857994589272
4722.0	-694.0778276991284
4722.5	-694.0732664495214
4723.0	-694.0717082885282
4723.5	-694.0705429480543
4724.0	-694.0680540385966
4724.5	-694.0644318174595
4725.0	-694.053959794563
4725.5	-694.0380792578425
4726.0	-694.0053106987131
4726.5	-693.9424717466646
4727.0	-693.6460613795776
4727.5	-693.3206962650855
4728.0	-693.2572059283239
4728.5	-693.2238445448193
4729.0	-693.2042938894012
4729.5	-693.1895976804385
4730.0	-693.1794535179743
4730.5	-693.1678118717502
4731.0	-693.1564817759252
4731.5	-693.1401666487478
4732.0	-693.118839869703
4732.5	-693.0867109651583
4733.0	-693.0378473661899
4733.5	-692.9528467868935
4734.0	-692.7092822311564
4734.5	-692.2365097765378
4735.0	-692.0002264070307
4735.5	-691.9337728687333
4736.0	-691.8973086081938
4736.5	-691.8785906110634
4737.0	-691.8668095346586
4737.5	-691.8606115531936
4738.0	-691.8573067380722
4738.5	-691.854151017448
4739.0	-691.8514796243702
4739.5	-691.8450376667278
4740.0	-691.8351236923762
4740.5	-691.8150715237463
4741.0	-691.7804889507345
4741.5	-691.7040305986428
4742.0	-691.253501066023
4742.5	-691.0936489995398
4743.0	-691.0416141592559
4743.5	-691.0143850507037
4744.0	-690.9977320745106
4744.5	-690.9878646604798
4745.0	-690.9788026277911
4745.5	-690.97221927348
4746.0	-690.9613697940033
4746.5	-690.9477430089086
4747.0	-690.9169999850172
4747.5	-690.8766464012707
4748.0	-690.8420476205622
4748.5	-690.7918340021592
4749.0	-690.6975577881884
4749.5	-690.2124114874929
4750.0	-690.069197940953
4750.5	-690.0044895930929
4751.0	-689.9595674018987
4751.5	-689.9160326974666
4752.0	-689.8627314343587
4752.5	-689.7113135452234
4753.0	-689.6066908215887
4753.5	-689.5785191853724
4754.0	-689.5607854533818
4754.5	-689.5467857475535
4755.0	-689.528421929279
4755.5	-689.5047040820201
4756.0	-689.4611595844799
4756.5	-689.3682799984343
4757.0	-688.8870889149425
4757.5	-688.777376965995
4758.0	-688.734799974433
4758.5	-688.7129422644839
4759.0	-688.7022707292177
4759.5	-688.6960733944508
4760.0	-688.6944084704957
4760.5	-688.6925090730684
4761.0	-688.6920735574379
4761.5	-688.6881966994032
4762.0	-688.6823049334281
4762.5	-688.6690362097636
4763.0	-688.6462738573488
4763.5	-688.6021901835354
4764.0	-688.4962443448412
4764.5	-688.0145459959715
4765.0	-687.915414652871
4765.5	-687.8739595127496
4766.0	-687.84828005962
4766.5	-687.8331525367139
4767.0	-687.8205944140899
4767.5	-687.8102631387135
4768.0	-687.7991739163391
4768.5	-687.7854481412323
4769.0	-687.7672129196065
4769.5	-687.740146105408
4770.0	-687.7006991950038
4770.5	-687.6337289500868
4771.0	-687.479728146428
4771.5	-687.2174599041241
4772.0	-686.7161606625871
4772.5	-686.6168828618082
4773.0	-686.5721498106687
4773.5	-686.5476385841953
4774.0	-686.5338340796341
4774.5	-686.5270079431715
4775.0	-686.522308473897
4775.5	-686.5214314479418
4776.0	-686.5182076265254
4776.5	-686.5156216961293
4777.0	-686.5076907856887
4777.5	-686.4944514419066
4778.0	-686.4693283334191
4778.5	-686.4198610468096
4779.0	-686.2803571083838
4779.5	-685.8228032767595
4780.0	-685.7477550562286
4780.5	-685.7129051698806
4781.0	-685.6955508836969
4781.5	-685.6839423007916
4782.0	-685.6786795093207
4782.5	-685.6735798758538
4783.0	-685.6700996409409
4783.5	-685.6650055618131
4784.0	-685.656855689066
4784.5	-685.6447938760886
4785.0	-685.6235759010111
4785.5	-685.5904042818895
4786.0	-685.527236096196
4786.5	-685.3462381292146
4787.0	-684.9043991127368
4787.5	-684.8213355170582
4788.0	-684.7696927318957
4788.5	-684.7261593871726
4789.0	-684.6770674596557
4789.5	-684.5811510794613
4790.0	-684.4194761333586
4790.5	-684.3839684609037
4791.0	-684.365621813999
4791.5	-684.3494036139822
4792.0	-684.334314775678
4792.5	-684.3119268841373
4793.0	-684.2790808957421
4793.5	-684.2171349290282
4794.0	-683.9800433720799
4794.5	-683.6116284185763
4795.0	-683.5462853329229
4795.5	-683.5150771462266
4796.0	-683.4954024197671
4796.5	-683.4843696365839
4797.0	-683.4749284106877
4797.5	-683.4680460767502
4798.0	-683.4593034548042
4798.5	-683.4475839714733
4799.0	-683.4265119397137
4799.5	-683.3850943586264
4800.0	-683.3533811261366
4800.5	-683.3113061046067
4801.0	-683.2397175008882
4801.5	-682.912939884681
4802.0	-682.622558288875
4802.5	-682.5545454952212
4803.0	-682.5151900843518
4803.5	-682.4848892997545
4804.0	-682.456186978019
4804.5	-682.4198298124714
4805.0	-682.3774870378588
4805.5	-682.3493128222658
4806.0	-682.3210965593458
4806.5	-682.290817863769
4807.0	-682.2494503926847
4807.5	-682.1896495689136
4808.0	-682.0753658642835
4808.5	-681.8331929409236
4809.0	-681.3805131126071
4809.5	-681.1816316157385
4810.0	-681.1188943430049
4810.5	-681.084394979469
4811.0	-681.066073851966
4811.5	-681.0535632620403
4812.0	-681.0475951269972
4812.5	-681.0429626944737
4813.0	-681.0398744220782
4813.5	-681.0362382396753
4814.0	-681.0296823323939
4814.5	-681.0195094164781
4815.0	-680.9994190717986
4815.5	-680.9653572462411
4816.0	-680.8887536027903
4816.5	-680.4435928486272
4817.0	-680.3000822579191
4817.5	-680.2519479854424
4818.0	-680.2273588903746
4818.5	-680.2131560008669
4819.0	-680.2054656767854
4819.5	-680.1998306599658
4820.0	-680.196550607707
4820.5	-680.1912509771947
4821.0	-680.1860136644472
4821.5	-680.1750940982474
4822.0	-680.1596689130644
4822.5	-680.1333658253998
4823.0	-680.0885424349603
4823.5	-679.9970251419155
4824.0	-679.5242174442792
4824.5	-679.3918203959439
4825.0	-679.3290862003026
4825.5	-679.2837131178469
4826.0	-679.2354749429882
4826.5	-679.1598715831824
4827.0	-678.9834171580287
4827.5	-678.9435252684374
4828.0	-678.9251213373648
4828.5	-678.9116783811068
4829.0	-678.9001348171914
4829.5	-678.8839219212588
4830.0	-678.8613613789995
4830.5	-678.8193912573718
4831.0	-678.7273363443767
4831.5	-678.2601679634704
4832.0	-678.1575148572393
4832.5	-678.1171618680189
4833.0	-678.0962793430218
4833.5	-678.0864921835552
4834.0	-678.0800975274036
4834.5	-678.0788045593974
4835.0	-678.0765566343239
4835.5	-678.0756856629132
4836.0	-678.0718848873083
4836.5	-678.0651852033949
4837.0	-678.052395858185
4837.5	-678.0289144054051
4838.0	-677.9855458907714
4838.5	-677.8794687577878
4839.0	-677.4122920162839
4839.5	-677.3173609603347
4840.0	-677.276401926288
4840.5	-677.2510117774175
4841.0	-677.2347370844553
4841.5	-677.2215510233041
4842.0	-677.2097241392121
4842.5	-677.1973169393997
4843.0	-677.1808982995872
4843.5	-677.1604725660119
4844.0	-677.1285792117252
4844.5	-677.0820722793561
4845.0	-676.9926152288158
4845.5	-676.7712325126355
4846.0	-676.6099922661818
4846.5	-676.1333775455164
4847.0	-676.0417681886066
4847.5	-675.9984774324553
4848.0	-675.9747816588581
4848.5	-675.9594705253847
4849.0	-675.9510392505151
4849.5	-675.9433892263966
4850.0	-675.9380182828489
4850.5	-675.9292620102038
4851.0	-675.9157622838193
4851.5	-675.8828548345739
4852.0	-675.8523340046343
4852.5	-675.8214046828996
4853.0	-675.767832623591
4853.5	-675.6280284516414
4854.0	-675.1827569300922
4854.5	-675.1091222836378
4855.0	-675.0739693085649
4855.5	-675.0549752361268
4856.0	-675.043839624631
4856.5	-675.036536657278
4857.0	-675.0322832886822
4857.5	-675.0272517647909
4858.0	-675.0224352728758
4858.5	-675.0135156609206
4859.0	-675.0013785229162
4859.5	-674.9801668006861
4860.0	-674.9470938149244
4860.5	-674.8854611841784
4861.0	-674.7065951035968
4861.5	-674.2797110635829
4862.0	-674.1964034498983
4862.5	-674.1444970762441
4863.0	-674.0944947153591
4863.5	-674.0268903604682
4864.0	-673.8469353838569
4864.5	-673.8011487875892
4865.0	-673.7811883911108
4865.5	-673.7688059464118
4866.0	-673.7583495693638
4866.5	-673.7456887600346
4867.0	-673.7287083574156
4867.5	-673.6986667663182
4868.0	-673.6424245010821
4868.5	-673.4151569239733
4869.0	-673.0610823963789
4869.5	-673.0008590969403
4870.0	-672.9738539525114
4870.5	-672.9586335696941
4871.0	-672.9517373343025
4871.5	-672.9481667465694
4872.0	-672.9464947802077
4872.5	-672.9463367413426
4873.0	-672.9432608603627
4873.5	-672.9397663397374
4874.0	-672.9296905984158
4874.5	-672.9138069713972
4875.0	-672.8822480434898
4875.5	-672.8200726622067
4876.0	-672.5200190496265
4876.5	-672.2346673976995
4877.0	-672.1761276767493
4877.5	-672.1450449499046
4878.0	-672.1256187273905
4878.5	-672.1107342928954
4879.0	-672.0993714112548
4879.5	-672.0863409975746
4880.0	-672.0730263386962
4880.5	-672.0527125142788
4881.0	-672.0264784240923
4881.5	-671.98394134516
4882.0	-671.9080171522377
4882.5	-671.7025017995819
4883.0	-671.5907310552914
4883.5	-671.1752772567868
4884.0	-670.985694606524
4884.5	-670.9297205965989
4885.0	-670.900204980617
4885.5	-670.884756535451
4886.0	-670.8751617351282
4886.5	-670.8713770851421
4887.0	-670.8681944858206
4887.5	-670.8670744913902
4888.0	-670.8639484383615
4888.5	-670.8587745574733
4889.0	-670.8492783928178
4889.5	-670.8306219544169
4890.0	-670.7979161348741
4890.5	-670.724258563877
4891.0	-670.2947946567841
4891.5	-670.1518658907183
4892.0	-670.1052279750782
4892.5	-670.0798873702742
4893.0	-670.0656595559008
4893.5	-670.0566923935705
4894.0	-670.0503272203331
4894.5	-670.0453952504274
4895.0	-670.0393555485549
4895.5	-670.0317979967349
4896.0	-670.0195185238186
4896.5	-670.0025099034525
4897.0	-669.9734915217425
4897.5	-669.9283726117203
4898.0	-669.8347304714017
4898.5	-669.3739479668079
4899.0	-669.2361918325024
4899.5	-669.1679077930451
4900.0	-669.1111987278248
4900.5	-669.0362205420439
4901.0	-668.8543639235263
4901.5	-668.8015548062294
4902.0	-668.7767083778247
4902.5	-668.7566332784205
4903.0	-668.7374763572791
4903.5	-668.7061299792639
4904.0	-668.6652961449225
4904.5	-668.6308923477392
4905.0	-668.583175066413
4905.5	-668.4869271728764
4906.0	-668.0273447250854
4906.5	-667.9184336284892
4907.0	-667.8692591281645
4907.5	-667.839227376717
4908.0	-667.8105317293142
4908.5	-667.7766133763942
4909.0	-667.7495568012282
4909.5	-667.735477898532
4910.0	-667.724979633817
4910.5	-667.7142931226936
4911.0	-667.7023381025673
4911.5	-667.6847112948076
4912.0	-667.6585333701561
4912.5	-667.6121924133922
4913.0	-667.5091792988514
4913.5	-667.0508402327383
4914.0	-666.9560932443821
4914.5	-666.9115010095958
4915.0	-666.8855647621328
4915.5	-666.8662602185535
4916.0	-666.8509961382553
4916.5	-666.8369274345636
4917.0	-666.8208085717499
4917.5	-666.8022836745947
4918.0	-666.7747000629063
4918.5	-666.7362453764542
4919.0	-666.6635108259079
4919.5	-666.4696617389147
4920.0	-666.3810463996181
4920.5	-666.250876258763
4921.0	-665.7949072098112
4921.5	-665.7082673411144
4922.0	-665.6696254621825
4922.5	-665.6487407926111
4923.0	-665.6374866449844
4923.5	-665.6307206066787
4924.0	-665.6287679421104
4924.5	-665.6258903827304
4925.0	-665.6253569356536
4925.5	-665.6209260217034
4926.0	-665.6146591918396
4926.5	-665.6017938468644
4927.0	-665.5779772029088
4927.5	-665.532447099095
4928.0	-665.4030853847867
4928.5	-664.9711677892805
4929.0	-664.8980786000569
4929.5	-664.8662857064054
4930.0	-664.8477131607654
4930.5	-664.837836551078
4931.0	-664.8308982171425
4931.5	-664.8266026643353
4932.0	-664.8221044608764
4932.5	-664.8167174426468
4933.0	-664.8084485365698
4933.5	-664.7951096697794
4934.0	-664.7752414816383
4934.5	-664.7406269629508
4935.0	-664.681929247435
4935.5	-664.513450520336
4936.0	-664.0881295786403
4936.5	-664.0004790016269
4937.0	-663.9387178944728
4937.5	-663.8651234933251
4938.0	-663.686537952753
4938.5	-663.6399684875934
4939.0	-663.6195950197795
4939.5	-663.6088044621207
4940.0	-663.6000379027391
4940.5	-663.5926222709857
4941.0	-663.5813262165948
4941.5	-663.5658081428139
4942.0	-663.5376354704482
4942.5	-663.4841632081128
4943.0	-663.2855435125085
4943.5	-662.9198945572443
4944.0	-662.8612660460035
4944.5	-662.832685492499
4945.0	-662.8192423487229
4945.5	-662.8101279760144
4946.0	-662.8071534322296
4946.5	-662.8041392970927
4947.0	-662.8026350501466
4947.5	-662.7999078383872
4948.0	-662.7939674644362
4948.5	-662.7845692120411
4949.0	-662.7665684966452
4949.5	-662.7362177034066
4950.0	-662.674958480692
4950.5	-662.4005384172623
4951.0	-662.1026124073936
4951.5	-662.0428796755652
4952.0	-662.0085614339112
4952.5	-661.98665013981
4953.0	-661.9681011558116
4953.5	-661.9513001721448
4954.0	-661.9337317106585
4954.5	-661.9106181649566
4955.0	-661.8812456503573
4955.5	-661.8317952010666
4956.0	-661.7386852700389
4956.5	-661.5406057082887
4957.0	-661.4622207097102
4957.5	-661.3779618505293
4958.0	-660.9991632828853
4958.5	-660.7972123977391
4959.0	-660.7411644888876
4959.5	-660.7132943189072
4960.0	-660.697226119075
4960.5	-660.689017185663
4961.0	-660.683755945061
4961.5	-660.6821859463007
4962.0	-660.679569533145
4962.5	-660.6780967295133
4963.0	-660.6724681359512
4963.5	-660.6635196224403
4964.0	-660.6466914457969
4964.5	-660.6144529351266
4965.0	-660.5479149057899
4965.5	-660.1386921793411
4966.0	-659.9918480909457
4966.5	-659.9439779241388
4967.0	-659.9206248045964
4967.5	-659.9067797090363
4968.0	-659.8985046313896
4968.5	-659.8929845910002
4969.0	-659.8884827979293
4969.5	-659.8836769886965
4970.0	-659.8767187250706
4970.5	-659.8665850575744
4971.0	-659.8492790645341
4971.5	-659.8239764506999
4972.0	-659.7790564786184
4972.5	-659.6933155214365
4973.0	-659.2488264028422
4973.5	-659.1056884981508
4974.0	-659.0313227273354
4974.5	-658.9517422756884
4975.0	-658.7743111807636
4975.5	-658.7258162646452
4976.0	-658.7066898289346
4976.5	-658.6945694879563
4977.0	-658.6880691066652
4977.5	-658.6811967377245
4978.0	-658.6737611546778
4978.5	-658.6614154918528
4979.0	-658.6421130144771
4979.5	-658.605538917909
4980.0	-658.5245020403191
4980.5	-658.0883621860531
4981.0	-657.9844442171344
4981.5	-657.9461154666477
4982.0	-657.925427169932
4982.5	-657.9165573136642
4983.0	-657.9099469712903
4983.5	-657.9083869537803
4984.0	-657.9062307346094
4984.5	-657.9048329520872
4985.0	-657.901400888923
4985.5	-657.8944519618603
4986.0	-657.8820452448631
4986.5	-657.8598474134129
4987.0	-657.8194013013567
4987.5	-657.7247494397012
4988.0	-657.282723316205
4988.5	-657.1862739530646
4989.0	-657.1448618756057
4989.5	-657.1178859968111
4990.0	-657.1003160538439
4990.5	-657.0837876167179
4991.0	-657.0687124906043
4991.5	-657.0507531165398
4992.0	-657.0267990869837
4992.5	-656.9926009274012
4993.0	-656.9273546163142
4993.5	-656.7498344198536
4994.0	-656.6854728563702
4994.5	-656.6270353059613
4995.0	-656.5127664049755
4995.5	-656.0720061503652
4996.0	-655.9863075832346
4996.5	-655.9496805726011
4997.0	-655.9289258722196
4997.5	-655.9180854150449
4998.0	-655.9118506979439
4998.5	-655.9078615643876
4999.0	-655.9063152917021
4999.5	-655.9027160325012
5000.0	-655.8996158966274
