0	-inf
0.5	-25607128.18035442
1.0	-6380380.541608275
1.5	-2802451.3816783563
2.0	-1533872.4905625125
2.5000000000000004	-939339.3555213497
3.0000000000000004	-610165.4273466549
3.5000000000000004	-395873.5197285496
4.0	-353751.4565717515
4.5	-420227.19902886497
5.0	-464181.4481439098
5.5	-489574.8263108777
6.0	-500895.7793975473
6.5	-502539.0473050868
7.0	-495632.24156579404
7.5	-479608.3819975029
8.0	-452683.7105730447
8.5	-413055.1673004937
9.0	-359143.20180624997
9.5	-300706.0169942141
10.0	-282211.2083277824
10.5	-256211.962762771
11.0	-216020.81378718387
11.5	-196046.51212786845
12.0	-206414.7493300611
12.5	-212317.60104033753
13.0	-215492.4293819983
13.5	-217066.8235517529
14.0	-217767.8425821191
14.5	-217932.8065644234
15.0	-217834.31245542085
15.5	-217467.91796949945
16.0	-216609.7704343062
16.5	-214845.98008643684
17.0	-211372.5238914715
17.5	-204969.089084137
18.0	-193538.76424209142
18.5	-170632.7047800602
19.0	-153633.6727311393
19.5	-154797.09846093832
20.0	-155355.9548205867
20.5	-155542.71507606521
21.0	-155552.65139604764
21.5	-155449.17250781143
22.0	-155249.03332553527
22.5	-154896.7006419123
23.0	-154246.20384127932
23.5	-153139.24181962776
24.0	-151236.42778439066
24.5	-148097.59293335234
25.0	-143134.54020848288
25.5	-135251.9794321512
26.0	-120067.64149041648
26.5	-112112.585336904
27.0	-111840.72868045991
27.5	-110872.19445795265
28.0	-106936.35414766928
28.5	-106286.59804858969
29.0	-106223.4787733656
29.5	-106142.99268931248
30.0	-105998.32887314985
30.5	-105776.61603662875
31.0	-105443.25966599703
31.5	-104899.10550101404
32.0	-104029.67462877464
32.50000000000001	-102572.76731986133
33.00000000000001	-99929.28563609047
33.50000000000001	-91971.59250254846
34.00000000000001	-88799.64119327966
34.50000000000001	-88746.12209729757
35.00000000000001	-88728.11831927719
35.50000000000001	-88711.06565445638
36.00000000000001	-88697.79575835957
36.50000000000001	-88676.33650500455
37.00000000000001	-88654.171285968
37.50000000000001	-88615.3669672023
38.00000000000001	-88534.32518024187
38.50000000000001	-88373.51768749693
39.00000000000001	-88060.27623581576
39.50000000000001	-87485.37740842636
40.00000000000001	-86446.19730238189
40.50000000000001	-84467.95661203317
41.00000000000001	-77521.94885826999
41.50000000000001	-76248.98209852057
42.00000000000001	-76050.03980317248
42.50000000000001	-75930.88446596185
43.00000000000001	-75824.5419553178
43.50000000000001	-75710.67872137182
44.00000000000001	-75565.33898543118
44.50000000000001	-75361.9315815244
45.00000000000001	-75057.4727102136
45.50000000000001	-74587.74551620569
46.00000000000001	-73811.79312037342
46.50000000000001	-71932.90935087603
47.00000000000001	-70226.27066545266
47.50000000000001	-69233.79766610463
48.00000000000001	-67733.35514367654
48.50000000000001	-63074.6899010367
49.00000000000001	-62598.05705406563
49.50000000000001	-62516.97231325942
50.00000000000001	-62454.62064308558
50.50000000000001	-62381.280249277144
51.00000000000001	-62275.945313063145
51.50000000000001	-62074.94335878612
52.00000000000001	-61834.547749028716
52.50000000000001	-61699.44736276271
53.00000000000001	-61589.6765936178
53.50000000000001	-61460.45304074264
54.00000000000001	-61275.90007451022
54.50000000000001	-60985.85624175506
55.00000000000001	-60487.482689387856
55.50000000000001	-59500.51077527813
56.00000000000001	-55979.42348618263
56.50000000000001	-55522.759076819966
57.00000000000001	-55384.917458668584
57.50000000000001	-55312.15297377277
58.00000000000001	-55269.10255117368
58.50000000000001	-55236.70109581766
59.00000000000001	-55211.470867612006
59.50000000000001	-55184.658552652865
60.00000000000001	-55146.29399342089
60.50000000000001	-55086.22534010942
61.00000000000001	-54982.703548717276
61.50000000000001	-54808.62928062853
62.00000000000001	-54514.458998262555
62.50000000000001	-54012.02844274153
63.00000000000001	-53023.91268426427
63.50000000000001	-50118.174723148215
64.0	-49713.8194230295
64.5	-49448.06989112165
65.0	-48996.698788556096
65.5	-48203.66887827625
66.0	-48058.2909776301
66.5	-47980.89198941937
67.0	-47923.38207836903
67.5	-47873.194982697045
68.0	-47819.72233085106
68.5	-47746.6131022918
69.0	-47637.736162121786
69.5	-47463.34242827492
70.0	-47156.11950518554
70.5	-46483.2764863311
71.0	-44389.71280069602
71.5	-44145.92459669179
72.0	-44050.89355072964
72.5	-43999.238039374955
73.0	-43970.46878743536
73.5	-43951.563477525495
74.0	-43938.0789821116
74.5	-43926.93791145277
75.0	-43911.49669277118
75.5	-43884.410942859715
76.0	-43833.63760897098
76.5	-43743.54934052988
77.0	-43583.07484423236
77.5	-43288.841760540985
78.0	-42617.75855941998
78.5	-40855.473904452694
79.00000000000001	-40574.16888944062
79.50000000000001	-40421.330400987616
80.00000000000001	-40343.943509014185
80.50000000000001	-40289.52630016451
81.00000000000001	-40241.94823480973
81.50000000000001	-40192.95122121521
82.00000000000001	-40131.58417822934
82.50000000000001	-40045.677459057915
83.00000000000001	-39911.56926340367
83.50000000000001	-39649.89714983018
84.00000000000001	-38977.793137031134
84.50000000000001	-38713.777454739546
85.00000000000001	-38422.852126559344
85.50000000000001	-37818.72183164013
86.00000000000001	-36531.92408363425
86.50000000000001	-36391.97688235873
87.00000000000001	-36327.322933584146
87.50000000000001	-36289.26428925936
88.00000000000001	-36266.32789998697
88.50000000000001	-36251.586765285734
89.00000000000001	-36240.97544741859
89.50000000000001	-36233.54717179456
90.00000000000001	-36225.69945989974
90.50000000000001	-36211.97775251329
91.00000000000001	-36185.485791018524
91.50000000000001	-36136.20029967931
92.00000000000001	-36044.28486311645
92.50000000000001	-35859.23592153013
93.00000000000001	-35312.551523856644
93.50000000000001	-34258.047540101485
94.00000000000001	-34128.053631621835
94.50000000000001	-34067.345104636544
95.00000000000001	-34034.33183317334
95.50000000000001	-34014.88683902368
96.00000000000001	-34003.040167274754
96.50000000000001	-33995.81155401474
97.00000000000001	-33989.38643596439
97.50000000000001	-33978.98469433217
98.00000000000001	-33959.63923815293
98.50000000000001	-33923.94905810924
99.00000000000001	-33859.87135659484
99.50000000000001	-33746.61040997515
100.00000000000001	-33532.979600912804
100.50000000000001	-32853.50360599512
101.00000000000001	-32050.34514004614
101.50000000000001	-31900.726743369774
102.00000000000001	-31757.150632327965
102.50000000000001	-31369.153675265818
103.00000000000001	-31241.494886132634
103.50000000000001	-31188.13308265954
104.00000000000001	-31154.882762238245
104.50000000000001	-31130.53389971777
105.00000000000001	-31110.473887679495
105.50000000000001	-31087.71147133587
106.00000000000001	-31056.224485266837
106.50000000000001	-31008.49596993942
107.00000000000001	-30927.017511265705
107.50000000000001	-30766.5529555238
108.00000000000001	-30003.725218780215
108.50000000000001	-29592.073067707814
109.00000000000001	-29508.789934405504
109.50000000000001	-29467.334921075344
110.00000000000001	-29445.245701082134
110.50000000000001	-29432.835079195673
111.00000000000001	-29426.020320958687
111.50000000000001	-29423.03067302169
112.00000000000001	-29421.439926891933
112.50000000000001	-29418.04763540859
113.00000000000001	-29408.60550906253
113.50000000000001	-29388.839218096487
114.00000000000001	-29350.012932793117
114.50000000000001	-29274.54019592857
115.00000000000001	-29117.0966056747
115.50000000000001	-28317.86583220382
116.00000000000001	-28062.071082701335
116.50000000000001	-27988.15225868785
117.00000000000001	-27948.181359436465
117.50000000000001	-27922.214488994985
118.00000000000001	-27901.7769227363
118.50000000000001	-27882.952690508802
119.00000000000001	-27861.5897895204
119.50000000000001	-27831.51297944333
120.00000000000001	-27785.85921853664
120.50000000000001	-27704.199369484162
121.00000000000001	-27432.357612145264
121.50000000000001	-27242.585191863996
122.00000000000001	-27122.926741352767
122.50000000000001	-26943.86272608235
123.00000000000001	-26210.03608867969
123.50000000000001	-26042.228755218097
124.00000000000001	-25985.635577857913
124.50000000000001	-25954.42495509784
125.00000000000001	-25936.0438116337
125.50000000000001	-25924.218720534696
126.00000000000001	-25916.236989331184
126.50000000000001	-25910.288819756868
127.00000000000001	-25904.725111691652
127.50000000000001	-25897.334442558666
128.0	-25883.52490379208
128.5	-25860.81530583734
129.0	-25821.35351987234
129.5	-25749.394886067566
130.0	-25595.921391027932
130.5	-24929.040172812955
131.0	-24790.342360483646
131.5	-24718.02333906346
132.0	-24664.57360060944
132.5	-24640.42903781072
133.0	-24625.37986937196
133.5	-24615.45474247984
134.0	-24607.39132630549
134.5	-24598.872282749348
135.0	-24586.73101391101
135.5	-24568.476818335985
136.0	-24539.245150084305
136.5	-24490.99914707124
137.0	-24408.6761434581
137.5	-24236.60568675611
138.0	-23622.091236945198
138.5	-23502.330054084345
139.0	-23426.270023729056
139.5	-23298.67402368888
140.0	-23123.06489489629
140.5	-23082.23098783255
141.0	-23059.248911054918
141.5	-23043.003826313165
142.0	-23030.21030088703
142.5	-23017.08631000733
143.0	-23000.52584789009
143.5	-22977.254931835738
144.0	-22940.944808461878
144.5	-22877.032370575656
145.0	-22729.581925084247
145.5	-22216.374364225336
146.0	-22138.891702279117
146.5	-22105.964265374518
147.0	-22088.582048762197
147.5	-22078.409046085388
148.0	-22071.91082072761
148.5	-22067.770789482838
149.0	-22064.451280981964
149.5	-22060.32184424842
150.0	-22052.89746076505
150.5	-22040.477844645233
151.0	-22019.529730911258
151.5	-21982.678731308453
152.0	-21916.108033907774
152.5	-21754.461044250238
153.0	-21290.3610429278
153.5	-21218.13221600253
154.0	-21177.96410978666
154.5	-21142.180372505303
155.0	-21099.554263123682
155.5	-21071.059052528315
156.0	-21049.730581582007
156.5	-21027.87635952069
157.0	-21001.263348333694
157.5	-20961.811082161097
158.0	-20883.735197193793
158.5	-20701.461067015818
159.0	-20631.188711272564
159.5	-20552.28260854824
160.0	-20378.937092078366
160.5	-19996.402049277604
161.0	-19943.807425537078
161.5	-19918.554717537518
162.0	-19903.799868969752
162.5	-19894.78811158904
163.0	-19889.059520443665
163.5	-19885.14201610862
164.0	-19882.550657841093
164.5	-19879.331660151376
165.0	-19873.85574955441
165.5	-19865.01319774502
166.0	-19849.624129690976
166.5	-19821.87914062284
167.0	-19766.8353781064
167.5	-19590.40243009996
168.0	-19270.384715570763
168.5	-19225.94028005359
169.0	-19205.28194216192
169.5	-19193.747878659957
170.0	-19186.717835949778
170.5	-19182.526665701662
171.0	-19179.754967555982
171.5	-19176.95853697732
172.0	-19172.51380969171
172.5	-19165.347177462332
173.0	-19153.226784680806
173.5	-19132.453370360967
174.0	-19097.373618904796
174.5	-19031.208058884422
175.0	-18783.161589603096
175.5	-18545.54652456521
176.0	-18490.494646129337
176.5	-18436.324775895177
177.0	-18299.984249412686
177.5	-18259.406616086126
178.0	-18240.490280814793
178.5	-18228.028178335917
179.0	-18218.944395255992
179.5	-18210.624898776012
180.0	-18201.146193624165
180.5	-18188.819886454436
181.0	-18170.6688324374
181.5	-18140.919661745844
182.0	-18083.001569604385
182.5	-17792.41787183521
183.0	-17664.315293527623
183.5	-17628.005478572006
184.0	-17601.123136262417
184.5	-17575.947273788955
185.0	-17565.231836055744
185.5	-17559.268448990235
186.0	-17555.646152933434
186.5	-17552.9870074218
187.0	-17549.285985109265
187.5	-17544.157573028824
188.0	-17535.681601873588
188.5	-17520.73883356906
189.0	-17493.78427900571
189.5	-17437.779614027015
190.0	-17143.72924662657
190.5	-17053.888397946732
191.0	-17025.105109886994
191.5	-17009.280309150574
192.0	-16998.544358528456
192.5	-16990.60779009592
193.0	-16983.46674095244
193.5	-16975.504097253273
194.0	-16964.412346492645
194.5	-16947.541073845587
195.0	-16916.898977904402
195.5	-16807.060653871027
196.0	-16748.867728216355
196.5	-16706.632032454236
197.0	-16641.327268783116
197.5	-16359.146929711875
198.0	-16291.549230866382
198.5	-16266.734286483474
199.0	-16253.020860100294
199.5	-16245.08397542476
200.0	-16240.53332201926
200.5	-16237.639365282128
201.0	-16236.200984068959
201.5	-16234.927644291758
202.0	-16232.935614718284
202.5	-16229.354285311292
203.0	-16222.843933403386
203.5	-16210.66958583788
204.0	-16186.583561944934
204.5	-16131.445755141569
205.0	-15868.9343553386
205.5	-15815.05242155827
206.0	-15794.506078378427
206.5	-15783.767438439114
207.0	-15777.68502454338
207.5	-15774.279476009897
208.0	-15772.46954595315
208.5	-15771.372408395242
209.0	-15769.429427716446
209.5	-15766.413033567265
210.0	-15761.171074616828
210.5	-15751.603601807656
211.0	-15735.090130664206
211.5	-15704.979395055332
212.0	-15637.955017861015
212.5	-15382.703415913296
213.0	-15329.570187234758
213.5	-15295.06241756999
214.0	-15226.930610035057
214.5	-15162.92825204585
215.0	-15145.382097459958
215.5	-15135.388562910783
216.0	-15128.73724034277
216.5	-15123.482994530137
217.0	-15118.577677619247
217.5	-15112.379311045222
218.0	-15103.798819811554
218.5	-15089.983405028952
219.0	-15064.308380672826
219.5	-15001.639451497083
220.0	-14778.040932455628
220.5	-14742.157864824389
221.0	-14726.572798677302
221.5	-14718.298006743049
222.0	-14713.80621203891
222.5	-14711.353435727873
223.0	-14710.44892928168
223.5	-14709.844955674967
224.0	-14708.854653001392
224.5	-14707.090644617616
225.0	-14703.533094510522
225.5	-14696.408337336226
226.0	-14683.051275559073
226.5	-14657.216407333231
227.0	-14587.459419197912
227.50000000000003	-14381.756129127381
228.00000000000003	-14350.342714664106
228.50000000000003	-14334.972080953123
229.00000000000003	-14325.639161585372
229.50000000000003	-14319.096957203003
230.00000000000003	-14313.476926961539
230.50000000000003	-14307.849358003245
231.00000000000003	-14300.717045203191
231.50000000000003	-14290.33569789935
232.00000000000003	-14273.382136860362
232.50000000000003	-14235.01854993323
233.00000000000003	-14154.806974956264
233.50000000000003	-14123.635263362155
234.00000000000003	-14087.364175309678
234.50000000000003	-14002.951172283338
235.00000000000003	-13822.256466580184
235.50000000000003	-13793.743992133495
236.00000000000003	-13777.75340294308
236.50000000000003	-13763.5191943341
237.00000000000003	-13748.244581557678
237.50000000000003	-13741.772179596339
238.00000000000003	-13737.79215658748
238.50000000000003	-13734.91096032008
239.00000000000003	-13732.322981216903
239.50000000000003	-13728.91873550245
240.00000000000003	-13724.06977574265
240.50000000000003	-13716.423270336487
241.00000000000003	-13702.64663168926
241.50000000000003	-13676.149626128352
242.00000000000003	-13584.499419546546
242.50000000000003	-13436.264641852173
243.00000000000003	-13414.054579080914
243.50000000000003	-13403.232884281728
244.00000000000003	-13397.14260174626
244.50000000000003	-13393.44596746443
245.00000000000003	-13391.197105284196
245.50000000000003	-13389.723282273015
246.00000000000003	-13387.769909622602
246.50000000000003	-13385.340256662188
247.00000000000003	-13381.642187074145
247.50000000000003	-13375.388240518289
248.00000000000003	-13365.28094673623
248.50000000000003	-13348.093584693206
249.00000000000003	-13315.851768870743
249.50000000000003	-13177.881430780182
250.00000000000003	-13076.291290754069
250.50000000000003	-13047.583653164693
251.00000000000003	-13017.68203014502
251.50000000000003	-12949.01943123007
252.00000000000003	-12929.874795171732
252.50000000000003	-12919.991902799804
253.00000000000003	-12913.460257152956
253.50000000000003	-12908.368296038823
254.00000000000003	-12903.539109957133
254.50000000000003	-12898.152931314236
255.00000000000003	-12891.375531405809
255.50000000000003	-12881.348211302096
256.0	-12865.023941424059
256.5	-12834.358665108333
257.0	-12680.313734583058
257.5	-12616.16557263602
258.0	-12589.975772734362
258.5	-12574.871631793283
259.0	-12566.648482512777
259.5	-12561.75333524854
260.0	-12558.814182167353
260.5	-12556.618150163347
261.0	-12554.648832664681
261.5	-12552.508097851265
262.0	-12549.636395597572
262.5	-12544.798480887881
263.0	-12536.727584834372
263.5	-12522.601012439287
264.0	-12493.312074830823
264.5	-12339.770853327145
265.0	-12295.076462439738
265.5	-12279.602661954665
266.0	-12270.840411208354
266.5	-12265.128907404605
267.0	-12260.857816368782
267.5	-12256.770569412287
268.0	-12252.152206342143
268.5	-12246.065849953464
269.0	-12236.646283474154
269.5	-12219.40669997286
270.0	-12159.704761508534
270.5	-12132.271183737714
271.0	-12110.265928426361
271.5	-12075.82571820672
272.0	-11926.010709292583
272.5	-11890.439908208338
273.0	-11876.730860447798
273.5	-11869.348748869723
274.0	-11864.900174366485
274.5	-11862.281129682335
275.0	-11860.876013998268
275.5	-11859.80088861039
276.0	-11858.819389289425
276.5	-11857.579140165855
277.0	-11855.500698626365
277.5	-11851.608597274548
278.0	-11844.529045199924
278.5	-11831.367051927142
279.0	-11800.880187799632
279.5	-11659.358296507784
280.0	-11630.944775331103
280.5	-11619.57751100746
281.0	-11613.49975678196
281.5	-11610.057928346827
282.0	-11608.141485935881
282.5	-11606.72625409557
283.0	-11605.523132463786
283.5	-11604.141109593076
284.0	-11601.902324650437
284.5	-11598.332687712598
285.0	-11592.506028334326
285.5	-11582.697949579795
286.0	-11565.316714043556
286.5	-11527.367005308188
287.0	-11387.68057230691
287.5	-11357.438859788745
288.0	-11336.126874773778
288.5	-11289.788933126849
289.0	-11257.171074649048
289.5	-11240.36642440636
290.0	-11232.181790570789
290.5	-11227.025943130915
291.0	-11222.89963099006
291.5	-11219.254523246822
292.0	-11215.30203771945
292.5	-11209.904361599798
293.0	-11201.562956485592
293.5	-11187.012303590607
294.0	-11151.279345164123
294.5	-11027.738420538175
295.0	-11007.716831334015
295.5	-10998.883999166785
296.0	-10994.069335949978
296.5	-10991.428886712021
297.0	-10990.15762873477
297.5	-10989.460192502633
298.0	-10988.9256605182
298.5	-10988.401577278866
299.0	-10987.4653826463
299.5	-10985.440180878239
300.0	-10981.47884466088
300.5	-10974.209332197728
301.0	-10959.930249249544
301.5	-10919.788476864693
302.0	-10805.905007121813
302.5	-10788.193727492404
303.0	-10779.472125091144
303.5	-10774.28740632424
304.0	-10770.756294804418
304.5	-10767.913674807625
305.0	-10764.864262800898
305.5	-10761.16059843296
306.0	-10755.794931681796
306.5	-10746.539532345683
307.0	-10722.886740689377
307.5	-10680.72895457943
308.0	-10664.446829955314
308.5	-10644.989361448163
309.0	-10595.209935271872
309.5	-10495.30608513579
310.0	-10479.453478903837
310.5	-10471.660565662412
311.0	-10467.290507272131
311.5	-10464.683428629309
312.0	-10463.281681797485
312.5	-10462.467255195614
313.0	-10461.933796938478
313.5	-10461.26751805612
314.0	-10460.262230383662
314.5	-10458.411389508552
315.0	-10454.522047546858
315.5	-10447.365508186022
316.0	-10432.736621254955
316.5	-10371.038738206596
317.0	-10293.627181484057
317.5	-10280.679734046253
318.0	-10274.500432800887
318.5	-10271.011249580628
319.0	-10269.149732882097
319.5	-10268.19444599493
320.0	-10267.493485180428
320.5	-10266.771367088151
321.0	-10265.797858258564
321.5	-10264.135583386422
322.0	-10261.006407519268
322.5	-10255.610360612605
323.0	-10246.22203322007
323.5	-10227.884492467332
324.0	-10136.413723549918
324.5	-10087.237818462854
325.0	-10070.077067926153
325.5	-10051.362373965345
326.0	-10011.029159092734
326.5	-10000.421859168297
327.0	-9994.970265135371
327.5	-9991.442331977665
328.0	-9988.937764677883
328.5	-9986.787870616621
329.0	-9984.375204076507
329.5	-9981.234645240085
330.0	-9976.389803934424
330.5	-9968.049528945225
331.0	-9951.203223653549
331.5	-9857.30585091276
332.0	-9825.328679637056
332.5	-9815.283145436515
333.0	-9810.227329634434
333.5	-9807.50000841275
334.0	-9805.967551512704
334.5	-9805.115974357017
335.0	-9804.615293281064
335.5	-9804.134296598831
336.0	-9803.294517120672
336.5	-9801.910197564654
337.0	-9799.301019171042
337.5	-9794.45328835751
338.0	-9785.71616522621
338.5	-9767.2751388325
339.0	-9671.42617005131
339.5	-9645.557560326351
340.0	-9635.581719787137
340.5	-9629.506555928745
341.0	-9624.62747351112
341.5	-9619.354336659275
342.0	-9611.176654381872
342.5	-9605.97343236169
343.0	-9600.838132957702
343.5	-9594.097818499411
344.0	-9582.412337523987
344.5	-9544.288004931876
345.0	-9528.163031946568
345.5	-9514.351194623325
346.0	-9492.010432265188
346.5	-9398.348329160719
347.0	-9377.429824550454
347.5	-9368.908854034209
348.0	-9364.062588792896
348.5	-9361.20079137121
349.0	-9359.541280565269
349.5	-9358.377665239634
350.0	-9357.507452984088
350.5	-9356.750447964647
351.0	-9355.798929072836
351.5	-9354.190382153341
352.0	-9351.415729416609
352.5	-9346.65640357172
353.0	-9337.82966672999
353.5	-9317.338648838588
354.0	-9228.802001564418
354.5	-9211.928330158946
355.0	-9204.730378902543
355.5	-9200.781661526358
356.0	-9198.41632289728
356.5	-9196.843514334512
357.0	-9195.519588466354
357.5	-9194.287019606969
358.0	-9192.802454804058
358.5	-9190.60950662226
359.0	-9187.43923145733
359.5	-9182.416874185723
360.0	-9174.257034061075
360.5	-9159.91327265278
361.0	-9129.283296799551
361.5	-9039.58024482017
362.0	-9020.013968371515
362.5	-9005.991765798315
363.0	-8974.669505317828
363.5	-8958.626232165683
364.0	-8952.384647338165
364.5	-8948.52507513504
365.0	-8945.794246710453
365.5	-8943.513602689705
366.0	-8941.379149367316
366.5	-8938.945588387769
367.0	-8935.405001025892
367.5	-8929.976917117558
368.0	-8920.387900848049
368.5	-8895.442480188258
369.0	-8818.312076164362
369.5	-8806.158549605158
370.0	-8800.680925642673
370.5	-8797.644367859562
371.0	-8796.001981399164
371.5	-8795.160535358413
372.0	-8794.658166440853
372.5	-8794.265283030281
373.0	-8793.849559771317
373.5	-8793.157579408387
374.0	-8791.653964352494
374.5	-8788.905530514938
375.0	-8783.965163977571
375.5	-8774.298089953376
376.0	-8745.07319065726
376.5	-8674.88073603533
377.0	-8663.996873130403
377.5	-8658.490127870922
378.0	-8655.155728209716
378.5	-8652.854824823398
379.0	-8650.90627109681
379.5	-8648.806451502165
380.0	-8646.245742341676
380.5	-8642.571986382045
381.0	-8636.21870260183
381.5	-8618.359710349401
382.0	-8593.172352782087
382.5	-8582.687536496824
383.0	-8569.606554952821
383.5	-8530.757633858784
384.0	-8472.164832946226
384.5	-8462.204021920032
385.0	-8457.184005017862
385.5	-8454.318778328405
386.0	-8452.646129635961
386.5	-8451.569901737143
387.0	-8450.903670060288
387.5	-8450.438977613296
388.0	-8449.780950208153
388.5	-8448.899584953046
389.0	-8447.262209331426
389.5	-8444.365436619853
390.0	-8439.120291185876
390.5	-8428.62319021556
391.0	-8373.601038123288
391.5	-8336.984675603693
392.0	-8328.533981592554
392.5	-8324.102910599162
393.0	-8321.276500932725
393.5	-8319.10953189848
394.0	-8316.541403917669
394.5	-8311.797507253397
395.0	-8309.256409835658
395.5	-8307.497183074393
396.0	-8305.625742324426
396.5	-8302.908649050807
397.0	-8298.764857318041
397.5	-8292.017533569913
398.0	-8279.187096379774
398.5	-8213.464458666562
399.0	-8186.676769113763
399.5	-8175.401273172309
400.0	-8162.289757936642
400.5	-8136.122831549941
401.0	-8129.403958679988
401.5	-8125.851926627325
402.0	-8123.487468363086
402.5	-8121.79408056058
403.0	-8120.357007603325
403.5	-8118.794331959985
404.0	-8116.609954893058
404.5	-8113.328946210502
405.0	-8107.76484954967
405.5	-8096.057632089585
406.0	-8031.6380321444585
406.5	-8013.1270599527315
407.0	-8006.773307766809
407.5	-8003.541712060351
408.0	-8001.829618021111
408.5	-8001.013200074051
409.0	-8000.512830270742
409.5	-8000.302050124113
410.0	-8000.16414588173
410.5	-7999.830743024222
411.0	-7999.092911958459
411.5	-7997.540995949607
412.0	-7994.663779850225
412.5	-7989.070451226826
413.0	-7976.589955032701
413.5	-7912.141569889396
414.0	-7896.800929333792
414.5	-7890.767012187794
415.0	-7887.393855213106
415.5	-7885.25458820057
416.0	-7883.5783808846945
416.5	-7882.0237810455255
417.0	-7880.287568317819
417.5	-7877.8405324248515
418.0	-7873.994540420085
418.5	-7866.375127259032
419.0	-7841.139770516554
419.5	-7831.0839964397055
420.0	-7822.09575563393
420.5	-7806.67120864262
421.0	-7743.329955200642
421.5	-7730.191265791158
422.0	-7724.6063695619105
422.5	-7721.580256543003
423.0	-7719.803079083945
423.5	-7718.805230578345
424.0	-7718.260208895632
424.5	-7717.892493893772
425.0	-7717.587158063096
425.5	-7717.173439820822
426.0	-7716.355330947901
426.5	-7714.684583721513
427.0	-7711.666863584756
427.5	-7705.859132562698
428.0	-7691.179729113868
428.5	-7631.38241417249
429.0	-7620.769574390399
429.5	-7616.261454864341
430.0	-7613.838583499739
430.5	-7612.5451777809385
431.0	-7611.829010141976
431.5	-7611.316889140942
432.0	-7610.924105929659
432.5	-7610.451042096318
433.0	-7609.7042200552305
433.5	-7608.24782946647
434.0	-7605.817628784042
434.5	-7601.738848545794
435.0	-7594.17823279835
435.5	-7575.682068059194
436.0	-7517.163088908148
436.5	-7505.335226932497
437.0	-7496.327132793454
437.5	-7474.436813491158
438.0	-7464.664430977499
438.5	-7460.640409257847
439.0	-7458.243561369069
439.5	-7456.595603143262
440.0	-7455.234257333741
440.5	-7453.905403731082
441.0	-7452.203750005306
441.5	-7449.820821907259
442.0	-7445.937043339975
442.5	-7438.933921480199
443.0	-7419.130463595249
443.5	-7367.320155620243
444.0	-7359.151725566478
444.5	-7355.1973679462435
445.0	-7352.8885313949095
445.5	-7351.318596609381
446.0	-7349.988953124085
446.5	-7348.374692216624
447.0	-7344.816880968838
447.5	-7342.8217294520155
448.0	-7341.460159143548
448.5	-7339.798821157422
449.0	-7337.333009127013
449.5	-7333.356929052862
450.0	-7325.962577903115
450.5	-7300.9958897059405
451.0	-7255.905568276832
451.5	-7248.555367505201
452.0	-7244.741269358371
452.5	-7242.301013782368
453.0	-7240.562375745454
453.5	-7239.048803674868
454.0	-7237.38411772086
454.5	-7235.38041094239
455.0	-7232.548983114051
455.5	-7227.824771576472
456.0	-7213.745772131898
456.5	-7197.091419716861
457.0	-7189.546906734504
457.5	-7179.772852222511
458.0	-7141.993040941679
458.5	-7110.9026083230265
459.0	-7104.118682704135
459.5	-7100.494273006052
460.0	-7098.304359369796
460.5	-7096.912959674074
461.0	-7095.817426291569
461.5	-7094.9534543408045
462.0	-7094.110784378117
462.5	-7093.0410509721105
463.0	-7091.482724900739
463.5	-7088.905986643007
464.0	-7084.227239470061
464.5	-7077.328658948547
465.0	-7067.9533988352705
465.5	-7022.21545215902
466.0	-7002.3939657746305
466.5	-6996.528309942643
467.0	-6993.4539984252115
467.5	-6991.662459910957
468.0	-6990.517403973025
468.5	-6989.73849636206
469.0	-6989.170128339668
469.5	-6988.539545747116
470.0	-6987.792022670385
470.5	-6986.695419283494
471.0	-6984.896103881255
471.5	-6981.995581799615
472.0	-6977.133737026773
472.5	-6967.577080284635
473.0	-6918.773007640601
473.5	-6902.352205103031
474.0	-6894.542316572557
474.5	-6884.894339282401
475.0	-6866.61082563207
475.5	-6861.970950909306
476.0	-6859.453733291741
476.5	-6857.801900111067
477.0	-6856.605212377504
477.5	-6855.567766258297
478.0	-6854.361988231275
478.5	-6852.736248644164
479.0	-6850.304352170485
479.5	-6846.0729772827535
480.0	-6837.118096936063
480.5	-6790.053282143683
481.0	-6778.31166795689
481.5	-6773.965667044817
482.0	-6771.745246237468
482.5	-6770.591862923843
483.0	-6769.929773943943
483.5	-6769.580133932683
484.0	-6769.42408003148
484.5	-6769.236801342296
485.0	-6768.936450182398
485.5	-6768.309224577183
486.0	-6767.079396064619
486.5	-6764.803517181794
487.0	-6760.554784546554
487.5	-6750.876707590308
488.0	-6704.1664034793885
488.5	-6694.128993956106
489.0	-6689.9647675498145
489.5	-6687.553467649688
490.0	-6685.962406301552
490.5	-6684.709122178991
491.0	-6683.526630677057
491.5	-6682.113550336331
492.0	-6680.228591950222
492.5	-6677.3347008564215
493.0	-6671.45625503981
493.5	-6653.0594302370355
494.0	-6645.818545370265
494.5	-6639.036638958776
495.0	-6626.892190003445
495.5	-6581.193807259646
496.0	-6572.2740698107955
496.5	-6568.163615735261
497.0	-6565.782172189083
497.5	-6564.297188716613
498.0	-6563.151969570128
498.5	-6562.144026982865
499.0	-6560.89585133555
499.5	-6558.107460228642
500.0	-6556.266839767906
500.5	-6554.872414541466
501.0	-6553.172901076291
501.5	-6550.506598191335
502.0	-6545.784682814917
502.5	-6533.9707570764995
503.0	-6491.171174894743
503.5	-6483.884754121813
504.0	-6480.646373613102
504.5	-6478.8953712092
505.0	-6477.907732712615
505.5	-6477.288589458219
506.0	-6476.917974815276
506.5	-6476.559682088072
507.0	-6476.149367144078
507.5	-6475.570670113771
508.0	-6474.468008708794
508.5	-6472.6500487299745
509.0	-6469.598846463817
509.5	-6464.017866070876
510.0	-6449.3262787487465
510.5	-6407.991910304561
511.0	-6399.794855368682
511.5	-6393.276937889328
512.0	-6377.171366066789
512.5	-6370.394743490396
513.0	-6367.583410301248
513.5	-6365.907615429756
514.0	-6364.778345543283
514.5	-6363.908153389037
515.0	-6363.031352842329
515.5	-6361.899546417363
516.0	-6360.290777603907
516.5	-6357.588600052934
517.0	-6352.519442744593
517.5	-6336.288863550577
518.0	-6300.5815263830955
518.5	-6295.05683579008
519.0	-6292.475988508467
519.5	-6291.142404190825
520.0	-6290.429477028807
520.5	-6290.060062937847
521.0	-6289.918883042592
521.5	-6289.821302644344
522.0	-6289.684528624544
522.5	-6289.387707407002
523.0	-6288.662336907849
523.5	-6287.25285107524
524.0	-6284.6559687333365
524.5	-6279.378290249142
525.0	-6256.959990755931
525.5	-6228.358645178095
526.0	-6223.292261457279
526.5	-6220.667017853519
527.0	-6219.057665317527
527.5	-6217.961865087485
528.0	-6216.989249482713
528.5	-6215.961920137808
529.0	-6214.678194012876
529.5	-6212.7896550889
530.0	-6209.463359166199
530.5	-6198.775135220698
531.0	-6187.19297552765
531.5	-6181.760496062688
532.0	-6174.598036515631
532.5	-6141.6902860083355
533.0	-6124.053478399087
533.5	-6119.295127989858
534.0	-6116.835147373384
534.5	-6115.4633856092105
535.0	-6114.648091483976
535.5	-6114.158999651584
536.0	-6113.902753972674
536.5	-6113.686430528767
537.0	-6113.441380624302
537.5	-6113.021499948806
538.0	-6112.1954667200125
538.5	-6110.676547912429
539.0	-6107.877417297397
539.5	-6101.952389681888
540.0	-6066.815897965106
540.5	-6054.365776877572
541.0	-6050.481009601492
541.5	-6048.497466606949
542.0	-6047.405494384337
542.5	-6046.780208564546
543.0	-6046.38296744624
543.5	-6046.060616919862
544.0	-6045.739521143148
544.5	-6045.299605863491
545.0	-6044.495061685153
545.5	-6043.174692671289
546.0	-6041.0164193720675
546.5	-6037.273586025015
547.0	-6029.752034447856
547.5	-5992.32615004251
548.0	-5980.9848425478285
548.5	-5975.068622904742
549.0	-5967.62302679934
549.5	-5953.846128830821
550.0	-5950.11800200869
550.5	-5947.919943629602
551.0	-5946.270406124663
551.5	-5944.588463757415
552.0	-5941.782463983735
552.5	-5939.491508304704
553.0	-5937.626915273848
553.5	-5935.294685848818
554.0	-5931.688731614502
554.5	-5924.3226964358355
555.0	-5888.328856946071
555.5	-5880.0826915209045
556.0	-5876.840691586263
556.5	-5875.083725699629
557.0	-5874.108054241264
557.5	-5873.500723995469
558.0	-5873.131294679231
558.5	-5872.856355462292
559.0	-5872.590418275701
559.5	-5872.250814779154
560.0	-5871.552648694013
560.5	-5870.41964526524
561.0	-5868.511246416183
561.5	-5864.977858063851
562.0	-5856.9508849015365
562.5	-5821.57477216313
563.0	-5814.394157427504
563.5	-5811.157204480539
564.0	-5809.188504061672
564.5	-5807.789474998877
565.0	-5806.510944002085
565.5	-5805.232802132898
566.0	-5803.725313661124
566.5	-5801.621514326279
567.0	-5798.363750965586
567.5	-5791.9702730803165
568.0	-5776.190367064861
568.5	-5769.749029880815
569.0	-5763.953127525365
569.5	-5753.809168017765
570.0	-5719.36639468988
570.5	-5712.863048816818
571.0	-5709.82292820223
571.5	-5708.043158817636
572.0	-5706.967186150206
572.5	-5706.28064406956
573.0	-5705.81472777373
573.5	-5705.480429715474
574.0	-5705.1853191085465
574.5	-5704.80011714154
575.0	-5704.129831050677
575.5	-5703.035697798121
576.0	-5701.159193463892
576.5	-5697.543782755954
577.0	-5687.81390153971
577.5	-5656.04165318455
578.0	-5650.862762054773
578.5	-5648.52039321206
579.0	-5647.26772457081
579.5	-5646.56045406519
580.0	-5646.10597512971
580.5	-5645.8221739155515
581.0	-5645.591375662459
581.5	-5645.269515297611
582.0	-5644.773614379879
582.5	-5643.930468115861
583.0	-5642.490688633288
583.5	-5640.07940337103
584.0	-5635.6771523325415
584.5	-5623.2681388309975
585.0	-5592.890363314706
585.5	-5586.851621226071
586.0	-5581.969715275286
586.5	-5569.705836212254
587.0	-5564.503891688887
587.5	-5562.375180018098
588.0	-5561.083395226741
588.5	-5560.199107785882
589.0	-5559.523993448546
589.5	-5558.794327914719
590.0	-5557.878147587311
590.5	-5556.570589093148
591.0	-5554.4198378412375
591.5	-5550.343031442239
592.0	-5535.681496878102
592.5	-5510.5191384424525
593.0	-5506.473774607157
593.5	-5504.546071606361
594.0	-5503.544557768413
594.5	-5502.96112181383
595.0	-5502.648890625284
595.5	-5502.496426516008
596.0	-5502.3788382077755
596.5	-5502.213548954008
597.0	-5501.877021797519
597.5	-5501.224515363244
598.0	-5500.021518913158
598.5	-5497.864409611933
599.0	-5493.530185744089
599.5	-5471.123927622995
600.0	-5454.241183421036
600.5	-5450.433820295709
601.0	-5448.361870641032
601.5	-5447.0268328294205
602.0	-5445.994552564977
602.5	-5445.034384456473
603.0	-5443.968871966654
603.5	-5442.594164433311
604.0	-5440.523830011916
604.5	-5436.383073244619
605.0	-5426.904872084316
605.5	-5417.377458912994
606.0	-5412.792518960127
606.5	-5406.865565937516
607.0	-5379.373920002654
607.5	-5367.824796998088
608.0	-5364.207965872966
608.5	-5362.286125903017
609.0	-5361.193941484996
609.5	-5360.482987362427
610.0	-5360.066880341603
610.5	-5359.826532238269
611.0	-5359.6176197122395
611.5	-5359.411274794766
612.0	-5359.028376404805
612.5	-5358.336869363468
613.0	-5357.12948184445
613.5	-5354.918143501907
614.0	-5350.145779146539
614.5	-5322.251572384771
615.0	-5313.700636595886
615.5	-5310.831935659522
616.0	-5309.367984440584
616.5	-5308.588968915777
617.0	-5308.137554598429
617.5	-5307.858293610255
618.0	-5307.669086993579
618.5	-5307.492269364953
619.0	-5307.200685736148
619.5	-5306.638775785253
620.0	-5305.708276645806
620.5	-5304.12454251568
621.0	-5301.315236016744
621.5	-5295.443924304033
622.0	-5266.347558692154
622.5	-5258.28258175398
623.0	-5253.956970402092
623.5	-5248.502768249839
624.0	-5237.93820161427
624.5	-5235.240239744275
625.0	-5233.826017446602
625.5	-5232.931360883969
626.0	-5232.272567036413
626.5	-5231.702767140087
627.0	-5231.033709824175
627.5	-5230.096257184846
628.0	-5228.653343072976
628.5	-5226.126852987455
629.0	-5220.3586429427205
629.5	-5192.49368183981
630.0	-5186.617875703892
630.5	-5184.274619883141
631.0	-5183.068225465735
631.5	-5182.443371447249
632.0	-5182.109238817454
632.5	-5181.949080345917
633.0	-5181.885557550496
633.5	-5181.836340632883
634.0	-5181.674183967841
634.5	-5181.289904062888
635.0	-5180.58044305224
635.5	-5179.210751678198
636.0	-5176.601191086268
636.5	-5170.194175591202
637.0	-5142.874713511582
637.5	-5137.695845808333
638.0	-5135.406748522689
638.5	-5134.10065065518
639.0	-5133.214099999321
639.5	-5132.511972002555
640.0	-5131.867579744218
640.5	-5131.085484731768
641.0	-5130.025761504382
641.5	-5128.348140730621
642.0	-5124.94864386589
642.5	-5114.111808673841
643.0	-5109.783258746475
643.5	-5105.66521903889
644.0	-5097.5796955775695
644.5	-5071.090046477843
645.0	-5066.36843448629
645.5	-5064.152826952351
646.0	-5062.921677041567
646.5	-5062.206382165185
647.0	-5061.750997903112
647.5	-5061.477268587098
648.0	-5061.310083735849
648.5	-5061.127891912347
649.0	-5060.84634583417
649.5	-5060.355900542087
650.0	-5059.498479150095
650.5	-5057.968815105803
651.0	-5055.031099536546
651.5	-5046.634204158813
652.0	-5022.125020977527
652.5	-5018.195981196128
653.0	-5016.361588017467
653.5	-5015.306217656186
654.0	-5014.644857416455
654.5	-5014.179180353289
655.0	-5013.783781709359
655.5	-5013.358984120839
656.0	-5012.799950237872
656.5	-5011.885396681445
657.0	-5009.929163002771
657.5	-5007.54968609437
658.0	-5005.101084473423
658.5	-5001.155947190473
659.0	-4989.94408186493
659.5	-4966.962987338494
660.0	-4962.2043876069465
660.5	-4958.288617167407
661.0	-4948.630999627598
661.5	-4944.27885984835
662.0	-4942.462802075442
662.5	-4941.346197558416
663.0	-4940.545975620786
663.5	-4939.876604513809
664.0	-4939.1701520465795
664.5	-4938.320760467702
665.0	-4937.107764120231
665.5	-4935.210694742642
666.0	-4931.724913354098
666.5	-4917.275162921983
667.0	-4899.910345210513
667.5	-4896.721462283012
668.0	-4895.076198357163
668.5	-4894.091058136387
669.0	-4893.380876235233
669.5	-4892.826044628143
670.0	-4892.249580199424
670.5	-4891.485324523912
671.0	-4890.10320801881
671.5	-4888.329783756806
672.0	-4887.025949201665
672.5	-4885.599058309397
673.0	-4883.499059230095
673.5	-4879.664492942382
674.0	-4859.205301443091
674.5	-4848.419100745154
675.0	-4845.439647676625
675.5	-4843.819448279308
676.0	-4842.786121942744
676.5	-4841.9789610580065
677.0	-4841.28662956679
677.5	-4840.587378629399
678.0	-4839.702757286552
678.5	-4838.454192566402
679.0	-4836.351064133446
679.5	-4830.176291632948
680.0	-4822.576179215205
680.5	-4819.087789799168
681.0	-4814.349976872228
681.5	-4791.692238658749
682.0	-4783.627049135638
682.5	-4780.917804910992
683.0	-4779.466441225524
683.5	-4778.631409848381
684.0	-4778.128659580769
684.5	-4777.822010706541
685.0	-4777.638988943272
685.5	-4777.510091418703
686.0	-4777.332738644305
686.5	-4777.005048115257
687.0	-4776.455177746283
687.5	-4775.475636934459
688.0	-4773.647939112708
688.5	-4769.628127494512
689.0	-4747.00345583079
689.5	-4740.80235672802
690.0	-4738.596512243177
690.5	-4737.4932164876855
691.0	-4736.857780596959
691.5	-4736.488204899873
692.0	-4736.280557040972
692.5	-4736.127999638416
693.0	-4735.965953321152
693.5	-4735.690861361775
694.0	-4735.228408504488
694.5	-4734.439072700314
695.0	-4733.121184954122
695.5	-4730.821889236743
696.0	-4725.854190445202
696.5	-4702.452083731805
697.0	-4696.43954988288
697.5	-4693.059742041126
698.0	-4688.841730290644
698.5	-4680.274086903288
699.0	-4678.074413100105
699.5	-4676.9050242180165
700.0	-4676.163220819466
700.5	-4675.622493477336
701.0	-4675.085275092151
701.5	-4674.492444788971
702.0	-4673.702002722176
702.5	-4672.467372791269
703.0	-4670.297120662733
703.5	-4665.316145007459
704.0	-4642.9886785765975
704.5	-4638.54633141114
705.0	-4636.697857314713
705.5	-4635.6889651935935
706.0	-4635.089520629933
706.5	-4634.731135999272
707.0	-4634.508974675632
707.5	-4634.32346877454
708.0	-4634.04403758552
708.5	-4633.640441035571
709.0	-4632.907274547369
709.5	-4631.326760385606
710.0	-4629.111227693849
710.5	-4626.480241889123
711.0	-4620.661662457211
711.5	-4598.850042806302
712.0	-4594.859756613679
712.5	-4592.988575953803
713.0	-4591.8548692508675
713.5	-4591.091177323394
714.0	-4590.484664203444
714.5	-4589.927129756755
715.0	-4589.276205344926
715.5	-4588.369589219838
716.0	-4586.978201931977
716.5	-4584.318078193584
717.0	-4575.65786134071
717.5	-4572.045080118384
718.0	-4568.622013130396
718.5	-4561.602587940684
719.0	-4540.8033103524285
719.5	-4537.2226687142065
720.0	-4535.500598271908
720.5	-4534.521942792383
721.0	-4533.957168225757
721.5	-4533.658180452956
722.0	-4533.476489698383
722.5	-4533.34321154079
723.0	-4533.221274903603
723.5	-4533.037364788799
724.0	-4532.6994851345435
724.5	-4532.051120502386
725.0	-4530.854393114226
725.5	-4528.459640949908
726.0	-4520.95098469526
726.5	-4502.166765164051
727.0	-4499.189359727371
727.5	-4497.820108617357
728.0	-4497.102431990828
728.5	-4496.670889871225
729.0	-4496.474683852576
729.5	-4496.309013603506
730.0	-4496.18944329893
730.5	-4496.030479323131
731.0	-4495.713043555521
731.5	-4495.228792283138
732.0	-4494.3119772092605
732.5	-4492.753709342772
733.0	-4489.8309935441275
733.5	-4479.22113251207
734.0	-4462.697158240427
734.5	-4459.138876842546
735.0	-4456.167660742616
735.5	-4448.638338125837
736.0	-4445.028915958347
736.5	-4443.67095175291
737.0	-4442.85326546705
737.5	-4442.286489680845
738.0	-4441.880334597465
738.5	-4441.387950198292
739.0	-4440.821569658607
739.5	-4439.977001861355
740.0	-4438.526313067725
740.5	-4435.740401999124
741.0	-4420.223056136938
741.5	-4410.335178436653
742.0	-4408.001222764911
742.5	-4406.837608186203
743.0	-4406.260841825991
743.5	-4405.899797756499
744.0	-4405.739694045868
744.5	-4405.685458214181
745.0	-4405.605360771828
745.5	-4405.532476155299
746.0	-4405.316452189731
746.5	-4404.89565590836
747.0	-4404.143076506601
747.5	-4402.684030618567
748.0	-4399.6513930825195
748.5	-4381.634024610206
749.0	-4374.670881994323
749.5	-4372.498051946377
750.0	-4371.266728956745
750.5	-4370.5112802752765
751.0	-4369.958728543456
751.5	-4369.451539711254
752.0	-4368.960006350321
752.5	-4368.261697918753
753.0	-4367.275362580612
753.5	-4365.60915633605
754.0	-4360.878196553599
754.5	-4354.405365375601
755.0	-4351.4194999636375
755.5	-4347.3019784409535
756.0	-4328.106344731096
756.5	-4322.387508092181
757.0	-4320.259320778698
757.5	-4319.044499738194
758.0	-4318.309312628688
758.5	-4317.855179007678
759.0	-4317.521082218227
759.5	-4317.284581835309
760.0	-4317.010979328126
760.5	-4316.679109963752
761.0	-4316.207876027141
761.5	-4315.3516854212785
762.0	-4313.730586713438
762.5	-4311.090504363026
763.0	-4307.067908021907
763.5	-4288.027627874803
764.0	-4283.423839765452
764.5	-4281.587181420184
765.0	-4280.576185902057
765.5	-4279.959675052574
766.0	-4279.6010708313415
766.5	-4279.290331549898
767.0	-4279.058819468395
767.5	-4278.818353406156
768.0	-4278.455180740152
768.5	-4277.983528276437
769.0	-4277.179488879243
769.5	-4275.926547155286
770.0	-4273.804153099714
770.5	-4269.213516526354
771.0	-4249.934968858436
771.5	-4245.336188261947
772.0	-4242.515338214211
772.5	-4238.992424034103
773.0	-4231.683855152847
773.5	-4229.568517007877
774.0	-4228.147686774289
774.5	-4226.680175223696
775.0	-4225.066770987108
775.5	-4223.980800945376
776.0	-4223.114664131113
776.5	-4222.1619173478375
777.0	-4220.896459237761
777.5	-4218.882383448011
778.0	-4214.159920411437
778.5	-4196.053069344796
779.0	-4192.750286148676
779.5	-4191.2527866541595
780.0	-4190.4704818809905
780.5	-4189.978605901867
781.0	-4189.704422756004
781.5	-4189.554164076071
782.0	-4189.430660890215
782.5	-4189.335606054368
783.0	-4189.124940771438
783.5	-4188.802732716631
784.0	-4188.246338008316
784.5	-4187.199032111641
785.0	-4185.270056024317
785.5	-4180.002498775135
786.0	-4162.736065691295
786.5	-4159.845902953708
787.0	-4158.430435521027
787.5	-4157.604611080956
788.0	-4157.0233448969475
788.5	-4156.566821939211
789.0	-4156.153245082323
789.5	-4155.601111518908
790.0	-4154.896114117651
790.5	-4153.779174434517
791.0	-4151.610512814972
791.5	-4144.509591204588
792.0	-4141.4331078972145
792.5	-4138.488673021402
793.0	-4131.669572773719
793.5	-4115.5347604212975
794.0	-4112.843926968543
794.5	-4111.472324090559
795.0	-4110.713064013927
795.5	-4110.277323821506
796.0	-4109.99621231231
796.5	-4109.863916899322
797.0	-4109.749397225976
797.5	-4109.629905612107
798.0	-4109.473179271749
798.5	-4109.141828123496
799.0	-4108.579219527932
799.5	-4107.514097385098
800.0	-4105.378292179401
800.5	-4097.163354264887
801.0	-4083.6604179777996
801.5	-4081.4658975779994
802.0	-4080.404386655227
802.5	-4079.8051384176847
803.0	-4079.505407546713
803.5	-4079.2887623718493
804.0	-4079.16230278178
804.5	-4079.0422434671937
805.0	-4078.86222339923
805.5	-4078.607564351484
806.0	-4078.095633721562
806.5	-4077.296751183064
807.0	-4075.919374514269
807.5	-4073.230922177178
808.0	-4059.9223429321005
808.5	-4050.853792195056
809.0	-4048.076595033597
809.5	-4045.6804646918426
810.0	-4039.5510353756263
810.5	-4036.4402402092405
811.0	-4035.2180681533514
811.5	-4034.5111990941978
812.0	-4033.9302764817116
812.5	-4033.465751461393
813.0	-4032.9134458225612
813.5	-4032.238267597098
814.0	-4031.2003686501516
814.5	-4029.332452983363
815.0	-4025.7923089419182
815.5	-4010.1984991838917
816.0	-4004.4378818632067
816.5	-4002.534522138792
817.0	-4001.57977023171
817.5	-4001.0005034737737
818.0	-4000.6940143146817
818.5	-4000.5191636731693
819.0	-4000.4031139553317
819.5	-4000.3280982025303
820.0	-4000.1948964145386
820.5	-4000.005133745309
821.0	-3999.5819224931433
821.5	-3998.907689023675
822.0	-3997.570288436437
822.5	-3994.703023055839
823.0	-3978.746082282634
823.5	-3974.367638556855
824.0	-3972.7351590119256
824.5	-3971.8054508142304
825.0	-3971.2534726565464
825.5	-3970.797941661095
826.0	-3970.4445348356926
826.5	-3970.0236757990547
827.0	-3969.49696991764
827.5	-3968.7035580440556
828.0	-3967.3600426604235
828.5	-3963.6668552774313
829.0	-3958.069652004668
829.5	-3955.5554606757682
830.0	-3951.7037629856804
830.5	-3935.3960700941493
831.0	-3931.638129081631
831.5	-3930.078835832066
832.0	-3929.211943235099
832.5	-3928.705850294481
833.0	-3928.4387362589478
833.5	-3928.261240934864
834.0	-3928.191361342273
834.5	-3928.083559572978
835.0	-3927.996253775879
835.5	-3927.7578349353707
836.0	-3927.3603771303074
836.5	-3926.6222211205823
837.0	-3925.1708776689943
837.5	-3921.5788760273385
838.0	-3905.9324110682364
838.5	-3903.0405998442707
839.0	-3901.774142331851
839.5	-3901.1505344612738
840.0	-3900.7771371203225
840.5	-3900.5851426902473
841.0	-3900.4724165354664
841.5	-3900.3845227407573
842.0	-3900.2880925805916
842.5	-3900.0785476463643
843.0	-3899.7821045539445
843.5	-3899.17557047956
844.0	-3898.195960619842
844.5	-3896.3481522598076
845.0	-3891.712081663911
845.5	-3876.280610782084
846.0	-3873.1945705667063
846.5	-3871.185493725598
847.0	-3868.530141936028
847.5	-3862.6956675375272
848.0	-3861.161341846258
848.5	-3860.3972734515864
849.0	-3859.877542726726
849.5	-3859.5025281223343
850.0	-3859.145502837537
850.5	-3858.7118901997824
851.0	-3858.1253928639208
851.5	-3857.150001024697
852.0	-3855.38458351968
852.5	-3849.9899637031695
853.0	-3836.2060614343127
853.5	-3834.0078775262964
854.0	-3832.98749841773
854.5	-3832.4457099185174
855.0	-3832.1390007659697
855.5	-3831.994838053546
856.0	-3831.8966759150394
856.5	-3831.871157417401
857.0	-3831.76167433922
857.5	-3831.624868992588
858.0	-3831.324994225658
858.5	-3830.792665497562
859.0	-3829.8176958462254
859.5	-3827.873133100974
860.0	-3820.2888566699667
860.5	-3808.8058447399935
861.0	-3806.8392765666285
861.5	-3805.7649025196542
862.0	-3805.1202270573112
862.5	-3804.6266327044927
863.0	-3804.2281032068254
863.5	-3803.8133179776805
864.0	-3803.2923052890787
864.5	-3802.6182734102267
865.0	-3801.526798970657
865.5	-3799.5889013517103
866.0	-3793.3472118563645
866.5	-3790.3726487918675
867.0	-3787.0448709445923
867.5	-3773.658917510226
868.0	-3766.510009321218
868.5	-3764.4130274432127
869.0	-3763.2914600238314
869.5	-3762.5824875445333
870.0	-3762.1635225733307
870.5	-3761.835330750719
871.0	-3761.6368995141725
871.5	-3761.441503394555
872.0	-3761.235385391737
872.5	-3760.9700942224854
873.0	-3760.5440851894637
873.5	-3759.8821865579675
874.0	-3758.686420595739
874.5	-3756.3259003930225
875.0	-3742.684225656205
875.5	-3738.0177196081004
876.0	-3736.388698585941
876.5	-3735.4542543107304
877.0	-3734.802580629054
877.5	-3734.222659237435
878.0	-3733.518081676785
878.5	-3732.453031975466
879.0	-3731.798664788659
879.5	-3731.284041412332
880.0	-3730.792267974151
880.5	-3730.143847008594
881.0	-3729.2350329604687
881.5	-3727.7622647073767
882.0	-3724.820441839425
882.5	-3710.4544500909597
883.0	-3706.3733098506004
883.5	-3704.368502110339
884.0	-3702.4490118563285
884.5	-3697.436716382588
885.0	-3694.7824549856973
885.5	-3693.7931792937875
886.0	-3693.2073831873367
886.5	-3692.763009840221
887.0	-3692.404973121542
887.5	-3691.992490525705
888.0	-3691.5075757322543
888.5	-3690.709515978867
889.0	-3689.4124383403077
889.5	-3686.475510482279
890.0	-3672.544402695092
890.5	-3669.6044343880176
891.0	-3668.4023567994714
891.5	-3667.788154081591
892.0	-3667.422434726674
892.5	-3667.2723500836864
893.0	-3667.153320643162
893.5	-3667.1122020966877
894.0	-3667.049552629895
894.5	-3666.950808510996
895.0	-3666.752249827132
895.5	-3666.3637767104974
896.0	-3665.6903145265996
896.5	-3664.339687897656
897.0	-3661.0243962114205
897.5	-3647.367617634676
898.0	-3644.859927350634
898.5	-3643.7058300084473
899.0	-3643.0560325302595
899.5	-3642.62331090726
900.0	-3642.2881997975924
900.5	-3641.999347199033
901.0	-3641.647473137585
901.5	-3641.210094091183
902.0	-3640.4911833319534
902.5	-3639.33892139977
903.0	-3636.1082506567623
903.5	-3631.3117329432753
904.0	-3628.910545650721
904.5	-3624.413310663568
905.0	-3611.208982569737
905.5	-3608.8645197425085
906.0	-3607.7658905333114
906.5	-3607.1028043922206
907.0	-3606.747715390981
907.5	-3606.5132362299164
908.0	-3606.3890380029748
908.5	-3606.2941913855084
909.0	-3606.2069577768593
909.5	-3606.082327336194
910.0	-3605.8284598222754
910.5	-3605.4273975312394
911.0	-3604.630297156266
911.5	-3603.114242790266
912.0	-3598.1089324517884
912.5	-3586.3847585768644
913.0	-3584.5272451526585
913.5	-3583.639239363038
914.0	-3583.166049362148
914.5	-3582.8700859982423
915.0	-3582.711914533702
915.5	-3582.57348596105
916.0	-3582.478961379131
916.5	-3582.2906736239975
917.0	-3582.050717515758
917.5	-3581.6441223799648
918.0	-3580.982167517963
918.5	-3579.8786066437906
919.0	-3577.812413952793
919.5	-3569.7467127794835
920.0	-3559.795770668555
920.5	-3557.1265458247626
921.0	-3555.305415940755
921.5	-3552.9743255022777
922.0	-3548.0004109866445
922.5	-3546.6980744093867
923.0	-3545.998079701381
923.5	-3545.5176148099504
924.0	-3545.1660156311923
924.5	-3544.7885613943154
925.0	-3544.383753128536
925.5	-3543.7594880185197
926.0	-3542.795721528503
926.5	-3540.8691110455215
927.0	-3529.850120018375
927.5	-3524.6747833908944
928.0	-3523.219097853299
928.5	-3522.512855771549
929.0	-3522.1088086172385
929.5	-3521.924030334916
930.0	-3521.7922813216987
930.5	-3521.7641342289853
931.0	-3521.7126810290742
931.5	-3521.648332818836
932.0	-3521.52188382713
932.5	-3521.2452942958744
933.0	-3520.75313485001
933.5	-3519.792628933113
934.0	-3517.7630942262967
934.5	-3505.6997122734488
935.0	-3501.8987133875967
935.5	-3500.5589695134286
936.0	-3499.83919409838
936.5	-3499.389384063983
937.0	-3499.0730442069384
937.5	-3498.818208273553
938.0	-3498.5236091336283
938.5	-3498.1969333901393
939.0	-3497.6598530010638
939.5	-3496.843808498091
940.0	-3495.219331966843
940.5	-3490.0307971734596
941.0	-3487.6207763732755
941.5	-3484.697846377426
942.0	-3472.050741305714
942.5	-3468.8034050311758
943.0	-3467.5147524684116
943.5	-3466.7846098555356
944.0	-3466.388284507309
944.5	-3466.128145298354
945.0	-3466.005787510068
945.5	-3465.9212333544583
946.0	-3465.849171723935
946.5	-3465.7716115555286
947.0	-3465.5973719117205
947.5	-3465.312141310658
948.0	-3464.7371986860835
948.5	-3463.692036885622
949.0	-3461.0998789107102
949.5	-3448.8724228735355
950.0	-3446.3912881566816
950.5	-3445.37109727125
951.0	-3444.8467058816423
951.5	-3444.5496658739876
952.0	-3444.4088002246335
952.5	-3444.2941186876005
953.0	-3444.2533296305514
953.5	-3444.147613457054
954.0	-3444.0118359081216
954.5	-3443.761262330374
955.0	-3443.33097151793
955.5	-3442.595581978608
956.0	-3441.22644215307
956.5	-3437.996039630026
957.0	-3425.743004695125
957.5	-3423.26439358916
958.0	-3421.7510104806197
958.5	-3420.2414755335276
959.0	-3415.864768332067
959.5	-3413.853564881451
960.0	-3413.0827362625955
960.5	-3412.5973006463505
961.0	-3412.263463817274
961.5	-3411.9359482768077
962.0	-3411.6018368221453
962.5	-3411.092479691343
963.0	-3410.3560454072926
963.5	-3408.993436235828
964.0	-3405.304029830947
964.5	-3394.0145405346525
965.0	-3392.1539328690965
965.5	-3391.3035211385977
966.0	-3390.817066000816
966.5	-3390.5711288505513
967.0	-3390.3881059009427
967.5	-3390.2971504902744
968.0	-3390.2115296875663
968.5	-3390.1096279961503
969.0	-3389.9462796788775
969.5	-3389.6716433891634
970.0	-3389.2184531287007
970.5	-3388.3921319749197
971.0	-3386.886273551069
971.5	-3381.9776518624376
972.0	-3371.6598397994567
972.5	-3369.6312753967295
973.0	-3368.100977890645
973.5	-3367.3090159411217
974.0	-3366.781423134108
974.5	-3366.3992275694322
975.0	-3366.0100685026923
975.5	-3365.6197797566447
976.0	-3365.0869138420503
976.5	-3364.369768636498
977.0	-3363.1723583491507
977.5	-3359.9456281253574
978.0	-3355.929181061338
978.5	-3353.4753327313965
979.0	-3345.4315121071354
979.5	-3337.9876406239414
980.0	-3336.2822076224393
980.5	-3335.2539284740255
981.0	-3334.5456168500405
981.5	-3333.832553533766
982.0	-3332.923562314281
982.5	-3332.311324516673
983.0	-3331.942825668838
983.5	-3331.6650808298955
984.0	-3331.3689008375527
984.5	-3331.0252478471143
985.0	-3330.471366208191
985.5	-3329.6078878460085
986.0	-3327.8586955066257
986.5	-3317.8265702447666
987.0	-3313.5129018217813
987.5	-3312.239648134864
988.0	-3311.590209214578
988.5	-3311.2009084479946
989.0	-3311.0005277115497
989.5	-3310.84411784577
990.0	-3310.760380947516
990.5	-3310.6429694820185
991.0	-3310.5152993029483
991.5	-3310.2950007900436
992.0	-3309.9400736617354
992.5	-3309.3698912216255
993.0	-3308.347077149327
993.5	-3306.3051645193445
994.0	-3295.3045765176626
994.5	-3291.82081768886
995.0	-3290.2499530705086
995.5	-3288.994459625607
996.0	-3287.0252478519774
996.5	-3282.9739972562465
997.0	-3281.9861097249104
997.5	-3281.445404618855
998.0	-3281.0997077548473
998.5	-3280.7823554262764
999.0	-3280.508785333709
999.5	-3280.10271625181
1000.0	-3279.534077065322
1000.5	-3278.560154813148
1001.0	-3276.447976503665
1001.5	-3265.5260517531988
1002.0	-3262.93853465642
1002.5	-3261.956789850778
1003.0	-3261.4244188373887
1003.5	-3261.1663798409
1004.0	-3261.0052281556905
1004.5	-3260.942601952758
1005.0	-3260.89682871518
1005.5	-3260.868664354001
1006.0	-3260.8047460083612
1006.5	-3260.652284986317
1007.0	-3260.3922310468647
1007.5	-3259.8641638325726
1008.0	-3258.895098721277
1008.5	-3256.5006515014315
1009.0	-3245.645650550162
1009.5	-3243.449957769221
1010.0	-3242.5052656284324
1010.5	-3241.9760076966754
1011.0	-3241.6231520439965
1011.5	-3241.3772269778588
1012.0	-3241.1444260668723
1012.5	-3240.9186379327375
1013.0	-3240.5689863178804
1013.5	-3240.1069578844263
1014.0	-3239.3241247564506
1014.5	-3237.7969894674966
1015.0	-3233.236577031739
1015.5	-3231.0583572325436
1016.0	-3227.7743214923303
1016.5	-3216.956907895838
1017.0	-3214.94741541786
1017.5	-3213.9634386141784
1018.0	-3213.4246947895813
1018.5	-3213.0883200903313
1019.0	-3212.890484929341
1019.5	-3212.762240896445
1020.0	-3212.6669574592033
1020.5	-3212.587333970495
1021.0	-3212.44363070631
1021.5	-3212.254629007713
1022.0	-3211.8824640214475
1022.5	-3211.266890346438
1023.0	-3210.0548995732843
1023.5	-3206.6775916265324
1024.0	-3196.6964081909996
1024.5	-3194.969409666101
1025.0	-3194.019115467806
1025.5	-3193.00676964333
1026.0	-3192.476248627953
1026.5	-3192.18698341287
1027.0	-3192.027836931928
1027.5	-3191.877508158586
1028.0	-3191.740488169835
1028.5	-3191.555308707051
1029.0	-3191.2642713922896
1029.5	-3190.814664714449
1030.0	-3190.0452797532653
1030.5	-3188.6414597675202
1031.0	-3184.052716669214
1031.5	-3175.043072106733
1032.0	-3173.2878849327053
1032.5	-3172.104652355577
1033.0	-3170.800490181337
1033.5	-3166.9102759605435
1034.0	-3165.420489379209
1034.5	-3164.7853795159253
1035.0	-3164.418826428597
1035.5	-3164.1060262092255
1036.0	-3163.847814092806
1036.5	-3163.5196067055103
1037.0	-3163.073105725857
1037.5	-3162.3410447785313
1038.0	-3160.944726415407
1038.5	-3153.905859369774
1039.0	-3147.9996649984523
1039.5	-3146.7857238624088
1040.0	-3146.164365456348
1040.5	-3145.853501931367
1041.0	-3145.6742135575887
1041.5	-3145.5983100910858
1042.0	-3145.561028240984
1042.5	-3145.5321372771004
1043.0	-3145.504481264003
1043.5	-3145.3959922477216
1044.0	-3145.2134505381114
1044.5	-3144.829480254329
1045.0	-3144.136759250136
1045.5	-3142.6239537073525
1046.0	-3133.617984515438
1046.5	-3129.897652437762
1047.0	-3128.7547709018127
1047.5	-3128.1679395812525
1048.0	-3127.7927161775187
1048.5	-3127.5552406801944
1049.0	-3127.3346209157758
1049.5	-3127.144342001779
1050.0	-3126.8755028489986
1050.5	-3126.5082333567448
1051.0	-3125.9457595356394
1051.5	-3124.9368971430854
1052.0	-3121.6021353440933
1052.5	-3118.71996517348
1053.0	-3116.4389359804154
1053.5	-3106.4837307390585
1054.0	-3103.487609201732
1054.5	-3102.3422795016927
1055.0	-3101.7290507719035
1055.5	-3101.372553757385
1056.0	-3101.1626030967673
1056.5	-3101.0490883574807
1057.0	-3100.9626865162954
1057.5	-3100.928242823132
1058.0	-3100.834025720348
1058.5	-3100.714183055894
1059.0	-3100.473427572673
1059.5	-3100.0504212211727
1060.0	-3099.2396092375134
1060.5	-3097.3924338575625
1061.0	-3087.659060796067
1061.5	-3085.372181865405
1062.0	-3084.5124884902066
1062.5	-3084.039782276658
1063.0	-3083.798964936164
1063.5	-3083.643179783035
1064.0	-3083.566773517649
1064.5	-3083.503853313305
1065.0	-3083.419949804298
1065.5	-3083.321482944862
1066.0	-3083.112174841615
1066.5	-3082.7904092396766
1067.0	-3082.207310718237
1067.5	-3081.1982900622165
1068.0	-3078.87380091598
1068.5	-3068.9551927409148
1069.0	-3066.7595331522443
1069.5	-3065.5419391041955
1070.0	-3064.4614777227393
1070.5	-3062.431333825889
1071.0	-3059.237783416774
1071.5	-3058.4164441070916
1072.0	-3057.975420532337
1072.5	-3057.629601708784
1073.0	-3057.330841086711
1073.5	-3057.0149188153187
1074.0	-3056.5927982203443
1074.5	-3055.9740036829207
1075.0	-3054.897648404573
1075.5	-3052.3321470551195
1076.0	-3042.834153680499
1076.5	-3041.105779589064
1077.0	-3040.2390726826975
1077.5	-3039.651217591827
1078.0	-3038.9509559356225
1078.5	-3038.393045803154
1079.0	-3038.1443540538535
1079.5	-3037.9549327160903
1080.0	-3037.818991786581
1080.5	-3037.617968602495
1081.0	-3037.3727020560054
1081.5	-3036.970516095266
1082.0	-3036.3383053242446
1082.5	-3035.180397601359
1083.0	-3032.03518441333
1083.5	-3023.061784355713
1084.0	-3021.446000719429
1084.5	-3020.5529230264287
1085.0	-3019.8030803528195
1085.5	-3018.948392499788
1086.0	-3018.257682106062
1086.5	-3017.8124087670894
1087.0	-3017.41659764711
1087.5	-3016.9746169012456
1088.0	-3016.4230348736096
1088.5	-3015.586214311648
1089.0	-3013.96826812424
1089.5	-3009.924570273695
1090.0	-3007.9360588170807
1090.5	-3003.5300028990273
1091.0	-2995.483116351119
1091.5	-2994.0496405762797
1092.0	-2993.3040358227
1092.5	-2992.872398783782
1093.0	-2992.5946764475057
1093.5	-2992.4471057336136
1094.0	-2992.3237446334524
1094.5	-2992.2504272847177
1095.0	-2992.1617976248044
1095.5	-2992.0463598302035
1096.0	-2991.8470364849345
1096.5	-2991.512232095232
1097.0	-2990.917010634709
1097.5	-2989.6837409784102
1098.0	-2983.3341373696303
1098.5	-2978.1395826388125
1099.0	-2977.052452662055
1099.5	-2976.493859379793
1100.0	-2976.2100072358976
1100.5	-2976.042103512167
1101.0	-2975.9408090345028
1101.5	-2975.8904955009416
1102.0	-2975.823714440219
1102.5	-2975.750833464463
1103.0	-2975.592158881054
1103.5	-2975.361708841722
1104.0	-2974.9218377760276
1104.5	-2974.1799159719017
1105.0	-2972.7010223449283
1105.5	-2964.4336871685327
1106.0	-2960.9320597812475
1106.5	-2959.634313124405
1107.0	-2958.6771472447035
1107.5	-2957.441936489688
1108.0	-2953.995368902751
1108.5	-2952.938561511391
1109.0	-2952.451895739154
1109.5	-2952.136139585282
1110.0	-2951.8905718464403
1110.5	-2951.654280956721
1111.0	-2951.340208583798
1111.5	-2950.9244575221305
1112.0	-2950.176986122209
1112.5	-2948.6679013899
1113.0	-2940.058648566964
1113.5	-2937.5567523819996
1114.0	-2936.670911639951
1114.5	-2936.218351669911
1115.0	-2935.9870638271686
1115.5	-2935.8513309979758
1116.0	-2935.7974504849994
1116.5	-2935.76168121929
1117.0	-2935.74987995394
1117.5	-2935.6809920257747
1118.0	-2935.582186907984
1118.5	-2935.371311820117
1119.0	-2934.9773249280393
1119.5	-2934.2430443628973
1120.0	-2932.551993014282
1120.5	-2923.7903112889494
1121.0	-2921.7100083174582
1121.5	-2920.899025841721
1122.0	-2920.4158144360135
1122.5	-2920.118778558803
1123.0	-2919.9026344488334
1123.5	-2919.7134435358125
1124.0	-2919.512876429199
1124.5	-2919.2498861534596
1125.0	-2918.895086975513
1125.5	-2918.302575730859
1126.0	-2917.2807187247345
1126.5	-2913.7415253543463
1127.0	-2911.665079103546
1127.5	-2909.210580887623
1128.0	-2900.2340213130656
1128.5	-2898.310418669724
1129.0	-2897.3925548795073
1129.5	-2896.849939733576
1130.0	-2896.4240589681945
1130.5	-2895.9767291541343
1131.0	-2895.379085705802
1131.5	-2895.14526994558
1132.0	-2894.9813443394632
1132.5	-2894.8271178336136
1133.0	-2894.6501949287663
1133.5	-2894.360066167812
1134.0	-2893.897498452681
1134.5	-2893.020109669542
1135.0	-2890.8061132571615
1135.5	-2882.372646051138
1136.0	-2880.910733983274
1136.5	-2880.255491791737
1137.0	-2879.9018384899887
1137.5	-2879.7085142883598
1138.0	-2879.5955121762154
1138.5	-2879.5379706995363
1139.0	-2879.46724624929
1139.5	-2879.4240751469288
1140.0	-2879.298844237605
1140.5	-2879.1134836744773
1141.0	-2878.789712377218
1141.5	-2878.2348264690677
1142.0	-2877.197487242731
1142.5	-2874.3471503958453
1143.0	-2866.238260619461
1143.5	-2864.699090744837
1144.0	-2863.751773814763
1144.5	-2862.781027847348
1145.0	-2860.1840377250614
1145.5	-2858.308503812866
1146.0	-2857.738340902484
1146.5	-2857.403702245363
1147.0	-2857.1514028297725
1147.5	-2856.9450028338138
1148.0	-2856.686133114325
1148.5	-2856.3557177141433
1149.0	-2855.7869400173427
1149.5	-2854.7657721331652
1150.0	-2851.2121688069305
1150.5	-2844.201148339345
1151.0	-2843.0893103890908
1151.5	-2842.5521191507164
1152.0	-2842.275610276447
1152.5	-2842.12058689767
1153.0	-2842.0669006285875
1153.5	-2842.0170367980472
1154.0	-2842.010059360456
1154.5	-2841.9752369418516
1155.0	-2841.9036472753473
1155.5	-2841.7556958137006
1156.0	-2841.472155065998
1156.5	-2840.948190527485
1157.0	-2839.833778794835
1157.5	-2834.075663883658
1158.0	-2829.3922401750915
1158.5	-2828.3766428120216
1159.0	-2827.845421821829
1159.5	-2827.5311987581053
1160.0	-2827.314983575273
1160.5	-2827.1409986763115
1161.0	-2826.9848059550313
1161.5	-2826.7723628198532
1162.0	-2826.500124780079
1162.5	-2826.058215765671
1163.0	-2825.332404914087
1163.5	-2823.4617878144954
1164.0	-2820.3055117471504
1164.5	-2818.4925773449436
1165.0	-2810.8842665117504
1165.5	-2807.748930054572
1166.0	-2806.720412754231
1166.5	-2806.1877541696867
1167.0	-2805.854306869999
1167.5	-2805.68138112522
1168.0	-2805.5584878942245
1168.5	-2805.4857284387326
1169.0	-2805.438140132859
1169.5	-2805.368397512257
1170.0	-2805.265144258885
1170.5	-2805.071399731843
1171.0	-2804.7526208830573
1171.5	-2804.1157342473034
1172.0	-2802.7844852229973
1172.5	-2795.022953013942
1173.0	-2792.755625499897
1173.5	-2791.9527888491452
1174.0	-2791.5370374612667
1174.5	-2791.307627965212
1175.0	-2791.1527097868093
1175.5	-2791.084272082761
1176.0	-2790.999798602845
1176.5	-2790.9305974762365
1177.0	-2790.811419011937
1177.5	-2790.6388549091653
1178.0	-2790.35007242076
1178.5	-2789.878366533463
1179.0	-2789.0778872536544
1179.5	-2787.3715264143184
1180.0	-2779.249386569356
1180.5	-2777.1310400204916
1181.0	-2776.0555316175846
1181.5	-2775.0979476123052
1182.0	-2773.6967268526773
1182.5	-2770.626923200469
1183.0	-2769.655990916235
1183.5	-2768.7709564145616
1184.0	-2768.2559051529092
1184.5	-2767.896089776612
1185.0	-2767.5340865292405
1185.5	-2767.147644266595
1186.0	-2766.5831190977206
1186.5	-2765.7097450166957
1187.0	-2763.835443047897
1187.5	-2755.8569803523433
1188.0	-2754.1300905754
1188.5	-2753.209642056005
1189.0	-2752.389563058058
1189.5	-2751.7924902455416
1190.0	-2751.495575124389
1190.5	-2751.2874155076684
1191.0	-2751.1527482783395
1191.5	-2751.024564581932
1192.0	-2750.894976642638
1192.5	-2750.718160100052
1193.0	-2750.4302602424154
1193.5	-2749.993370076204
1194.0	-2749.1602170680667
1194.5	-2747.121323802084
1195.0	-2739.4576711207183
1195.5	-2738.088309958438
1196.0	-2737.4381583160084
1196.5	-2737.0511876636297
1197.0	-2736.804721681449
1197.5	-2736.6028803208146
1198.0	-2736.432083990129
1198.5	-2736.2311796751474
1199.0	-2735.9966166530635
1199.5	-2735.616999583921
1200.0	-2735.0488502372905
1200.5	-2733.9302669195963
1201.0	-2730.6381185334476
1201.5	-2729.011507404329
1202.0	-2726.212566310204
1202.5	-2718.8492817681476
1203.0	-2717.5350620598133
1203.5	-2716.9160840656073
1204.0	-2716.5373123142053
1204.5	-2716.324848495289
1205.0	-2716.193700870069
1205.5	-2716.1208746389098
1206.0	-2716.0690143870056
1206.5	-2716.0102112317436
1207.0	-2715.944725271377
1207.5	-2715.7986415970886
1208.0	-2715.563352840533
1208.5	-2715.108261441797
1209.0	-2714.224204265208
1209.5	-2711.075947831192
1210.0	-2704.7188392061157
1210.5	-2703.7122482877026
1211.0	-2703.22824419429
1211.5	-2702.9769000034257
1212.0	-2702.8301191526057
1212.5	-2702.7665417636185
1213.0	-2702.698488961881
1213.5	-2702.6722996993867
1214.0	-2702.6029634695824
1214.5	-2702.4950333071156
1215.0	-2702.311255036571
1215.5	-2701.9867867793378
1216.0	-2701.429133264916
1216.5	-2700.3227802616398
1217.0	-2695.090249838554
1217.5	-2690.5803014867442
1218.0	-2689.435638212094
1218.5	-2688.617317567867
1219.0	-2687.6762521079154
1219.5	-2684.854562548628
1220.0	-2683.8582850363205
1220.5	-2683.437516461851
1221.0	-2683.159155006123
1221.5	-2682.9661801386737
1222.0	-2682.760529850924
1222.5	-2682.5332350920103
1223.0	-2682.177491999426
1223.5	-2681.625289479693
1224.0	-2680.5089124934193
1224.5	-2673.946520833753
1225.0	-2671.2289331488632
1225.5	-2670.4116177026517
1226.0	-2670.0135851473715
1226.5	-2669.780831328602
1227.0	-2669.677019563293
1227.5	-2669.60354322059
1228.0	-2669.570565839305
1228.5	-2669.5452388379676
1229.0	-2669.4973431031635
1229.5	-2669.406886696954
1230.0	-2669.2336389863012
1230.5	-2668.9351291823227
1231.0	-2668.34662986176
1231.5	-2667.1261868097195
1232.0	-2660.0735279080764
1232.5	-2657.9589671655303
1233.0	-2657.168512703488
1233.5	-2656.724618722694
1234.0	-2656.4251253779075
1234.5	-2656.171216336041
1235.0	-2655.9473830454044
1235.5	-2655.630584745701
1236.0	-2655.0560437094355
1236.5	-2654.48244012714
1237.0	-2653.9322576533486
1237.5	-2653.0688324786033
1238.0	-2650.3004115706162
1238.5	-2648.4468830337332
1239.0	-2646.6223209882974
1239.5	-2639.231542594735
1240.0	-2637.37795571738
1240.5	-2636.617968204226
1241.0	-2636.170159251863
1241.5	-2635.9224211202772
1242.0	-2635.767361203179
1242.5	-2635.674141865865
1243.0	-2635.616805413197
1243.5	-2635.5665067552036
1244.0	-2635.5114284394976
1244.5	-2635.392039618956
1245.0	-2635.227176055538
1245.5	-2634.88166663115
1246.0	-2634.2529878756213
1246.5	-2632.721874444673
1247.0	-2625.6364947739785
1247.5	-2624.225839783988
1248.0	-2623.637645923866
1248.5	-2623.3426844361597
1249.0	-2623.1666585498338
1249.5	-2623.0829736540823
1250.0	-2623.024560270531
1250.5	-2622.9958407246745
1251.0	-2622.9369709934035
1251.5	-2622.862898300814
1252.0	-2622.723164546391
1252.5	-2622.472733004893
1253.0	-2622.053535145042
1253.5	-2621.2683044341197
1254.0	-2619.3691821230655
1254.5	-2612.2770513720748
1255.0	-2610.871250734754
1255.5	-2610.024755953276
1256.0	-2609.2269000337856
1256.5	-2607.3023561842756
1257.0	-2605.4944485009605
1257.5	-2604.999490266529
1258.0	-2604.706447362057
1258.5	-2604.519281137748
1259.0	-2604.3287116305837
1259.5	-2604.1403698688105
1260.0	-2603.8643765691763
1260.5	-2603.4438278777
1261.0	-2602.6625615612365
1261.5	-2600.495907636337
1262.0	-2593.952438632001
1262.5	-2592.880756643866
1263.0	-2592.4071756828944
1263.5	-2592.1424889824216
1264.0	-2592.018683230404
1264.5	-2591.9369430842526
1265.0	-2591.9148424172563
1265.5	-2591.89502329954
1266.0	-2591.863694545462
1266.5	-2591.81732455023
1267.0	-2591.6981773095054
1267.5	-2591.4840830599333
1268.0	-2591.066596012236
1268.5	-2590.261466013691
1269.0	-2587.440141506099
1269.5	-2581.5538851769466
1270.0	-2580.592700601852
1270.5	-2580.113234721093
1271.0	-2579.8216750655984
1271.5	-2579.6289888704505
1272.0	-2579.484721691041
1272.5	-2579.3255975297134
1273.0	-2579.1670753123203
1273.5	-2578.9180902060302
1274.0	-2578.5657934131464
1274.5	-2577.95672282688
1275.0	-2576.505582690241
1275.5	-2573.8320987696807
1276.0	-2572.407508533845
1276.5	-2567.67095532844
1277.0	-2563.3928943932688
1277.5	-2562.453679778547
1278.0	-2561.944393982589
1278.5	-2561.662817525589
1279.0	-2561.476287836565
1279.5	-2561.365666468767
1280.0	-2561.297219981242
1280.5	-2561.2330230747107
1281.0	-2561.166631660846
1281.5	-2561.06301923972
1282.0	-2560.9116827612543
1282.5	-2560.6167801728698
1283.0	-2560.130909152964
1283.5	-2559.1129922913856
1284.0	-2553.180914252414
1284.5	-2550.6042386556655
1285.0	-2549.8270643098967
1285.5	-2549.416298934669
1286.0	-2549.144481507019
1286.5	-2548.979013650286
1287.0	-2548.81971933402
1287.5	-2548.674252347674
1288.0	-2548.465951787871
1288.5	-2548.0926348134026
1289.0	-2547.568949436837
1289.5	-2547.1730533802124
1290.0	-2546.6967256183175
1290.5	-2545.958562779159
1291.0	-2544.6062856224544
1291.5	-2537.9194572412725
1292.0	-2535.5735969605653
1292.5	-2534.198772029621
1293.0	-2533.1456701066872
1293.5	-2531.869432010779
1294.0	-2529.292996310065
1294.5	-2528.590036273258
1295.0	-2528.194203117104
1295.5	-2527.926768096386
1296.0	-2527.683175678382
1296.5	-2527.472536184034
1297.0	-2527.1913990205753
1297.5	-2526.8179917435727
1298.0	-2526.204670156145
1298.5	-2524.933869183642
1299.0	-2518.422546918885
1299.5	-2516.832672622556
1300.0	-2516.2291222815024
1300.5	-2515.8922333091755
1301.0	-2515.7191828207756
1301.5	-2515.606127138294
1302.0	-2515.556576963735
1302.5	-2515.5164935961648
1303.0	-2515.480390281969
1303.5	-2515.434275322248
1304.0	-2515.3315078573687
1304.5	-2515.159145415014
1305.0	-2514.8405670737634
1305.5	-2514.262373666893
1306.0	-2512.847276118383
1306.5	-2506.3645204563413
1307.0	-2505.0294646094644
1307.5	-2504.4525280349067
1308.0	-2504.125168819305
1308.5	-2503.91188924986
1309.0	-2503.7628853059514
1309.5	-2503.610950642239
1310.0	-2503.476161767141
1310.5	-2503.2675223434153
1311.0	-2502.9824228032385
1311.5	-2502.51317588241
1312.0	-2501.592700555609
1312.5	-2498.8832331573335
1313.0	-2497.610822968266
1313.5	-2495.7097678863443
1314.0	-2489.2215048625267
1314.5	-2487.992019835421
1315.0	-2487.408856071307
1315.5	-2487.095520333389
1316.0	-2486.8998263485446
1316.5	-2486.793536246522
1317.0	-2486.735183743288
1317.5	-2486.692154783193
1318.0	-2486.658552102526
1318.5	-2486.5998352783768
1319.0	-2486.5124141657275
1319.5	-2486.312468021044
1320.0	-2485.986059517499
1320.5	-2485.3153453877726
1321.0	-2483.407399292222
1321.5	-2477.4121287827193
1322.0	-2476.4402371372153
1322.5	-2476.0051113659542
1323.0	-2475.7577902881953
1323.5	-2475.6454643117027
1324.0	-2475.562926307257
1324.5	-2475.5260765835205
1325.0	-2475.4849946176682
1325.5	-2475.439266629847
1326.0	-2475.3539611359834
1326.5	-2475.201876928585
1327.0	-2474.958055344669
1327.5	-2474.511235693502
1328.0	-2473.689854595237
1328.5	-2471.0982567941405
1329.0	-2465.513511729472
1329.5	-2464.4269353872855
1330.0	-2463.6962409219186
1330.5	-2462.8593303422344
1331.0	-2460.4510315835655
1331.5	-2459.6587915011455
1332.0	-2459.299245974216
1332.5	-2459.084546046559
1333.0	-2458.897843253815
1333.5	-2458.7499184469148
1334.0	-2458.5496405905164
1334.5	-2458.276422721296
1335.0	-2457.8376166717926
1335.5	-2457.000612558828
1336.0	-2453.1819451431857
1336.5	-2449.136714007214
1337.0	-2448.36575593257
1337.5	-2447.963509174045
1338.0	-2447.7451062134114
1338.5	-2447.6081756430453
1339.0	-2447.525320016286
1339.5	-2447.4517981067784
1340.0	-2447.3736793945477
1340.5	-2447.2611756525193
1341.0	-2447.015877216242
1341.5	-2446.531884403416
1342.0	-2446.142614270134
1342.5	-2445.6455835504285
1343.0	-2444.685626641018
1343.5	-2439.355035048481
1344.0	-2436.8821755055446
1344.5	-2436.1436646716907
1345.0	-2435.7537341024054
1345.5	-2435.5000083572018
1346.0	-2435.3332457066685
1346.5	-2435.174917423099
1347.0	-2435.042878067147
1347.5	-2434.857151341209
1348.0	-2434.610259843633
1348.5	-2434.237592925616
1349.0	-2433.560108760374
1349.5	-2431.200599329338
1350.0	-2429.831642388329
1350.5	-2428.519912204626
1351.0	-2422.563821426294
1351.5	-2420.6378274814256
1352.0	-2419.9286757217146
1352.5	-2419.553263613106
1353.0	-2419.329745846691
1353.5	-2419.2061701439966
1354.0	-2419.1398325346595
1354.5	-2419.088961431675
1355.0	-2419.0679969945786
1355.5	-2419.017737363934
1356.0	-2418.951739617175
1356.5	-2418.805817231099
1357.0	-2418.5607044722738
1357.5	-2418.0842766727137
1358.0	-2417.0057232695553
1358.5	-2411.1137388130487
1359.0	-2409.6452981543725
1359.5	-2409.0995964590834
1360.0	-2408.813504865739
1360.5	-2408.671329517426
1361.0	-2408.5745328053517
1361.5	-2408.5332897742887
1362.0	-2408.4995359524323
1362.5	-2408.458446877708
1363.0	-2408.3986502280695
1363.5	-2408.2843265682
1364.0	-2408.099924675186
1364.5	-2407.754609284944
1365.0	-2407.1712299201363
1365.5	-2405.825126775899
1366.0	-2399.759011831876
1366.5	-2398.3466875908875
1367.0	-2397.575667962468
1367.5	-2396.8528086524148
1368.0	-2394.932526802069
1368.5	-2393.6947347317496
1369.0	-2393.2813808071487
1369.5	-2393.058062007824
1370.0	-2392.8857136294437
1370.5	-2392.746253895251
1371.0	-2392.5842933516215
1371.5	-2392.3747024814106
1372.0	-2392.0503752529717
1372.5	-2391.4545841437593
1373.0	-2390.0360313115375
1373.5	-2384.2129562495775
1374.0	-2383.1589684543583
1374.5	-2382.6896407924946
1375.0	-2382.452730087144
1375.5	-2382.3198155922787
1376.0	-2382.2486185849953
1376.5	-2382.2223025150824
1377.0	-2382.197049413062
1377.5	-2382.1770002667945
1378.0	-2382.125150534725
1378.5	-2382.0421519907245
1379.0	-2381.853300235059
1379.5	-2381.5377265749703
1380.0	-2380.916395528988
1380.5	-2379.2142269904566
1381.0	-2373.615911860569
1381.5	-2372.659031802488
1382.0	-2372.2081347537937
1382.5	-2371.922006498692
1383.0	-2371.748006020144
1383.5	-2371.588554039642
1384.0	-2371.444825676768
1384.5	-2371.2825122626878
1385.0	-2371.063436065598
1385.5	-2370.740074765906
1386.0	-2370.1969441035094
1386.5	-2368.7386145934342
1387.0	-2366.718355202221
1387.5	-2365.640146253024
1388.0	-2363.2752581732857
1388.5	-2357.9909928576453
1389.0	-2357.049740156278
1389.5	-2356.5666217176454
1390.0	-2356.273372491652
1390.5	-2356.065826989609
1391.0	-2355.9364509451716
1391.5	-2355.8117344451825
1392.0	-2355.706594095921
1392.5	-2355.5613797691567
1393.0	-2355.3790821716275
1393.5	-2355.075882852625
1394.0	-2354.4713831937634
1394.5	-2353.8228711421184
1395.0	-2352.8560286000484
1395.5	-2349.53374958674
1396.0	-2344.9676304060904
1396.5	-2344.047101130464
1397.0	-2343.5467666004006
1397.5	-2343.262150284434
1398.0	-2343.0725599137418
1398.5	-2342.939516193449
1399.0	-2342.845276817367
1399.5	-2342.7528756999386
1400.0	-2342.659879100587
1400.5	-2342.5200138927767
1401.0	-2342.3423687045065
1401.5	-2342.0381877793557
1402.0	-2341.5576051132593
1402.5	-2340.6513246014574
1403.0	-2335.9167794573414
1403.5	-2333.243943078137
1404.0	-2332.356973262937
1404.5	-2331.664319961881
1405.0	-2330.547474236815
1405.5	-2328.5831916162265
1406.0	-2328.0884266877897
1406.5	-2327.826037485687
1407.0	-2327.6420981732344
1407.5	-2327.498581498849
1408.0	-2327.354442508727
1408.5	-2327.1661145996777
1409.0	-2326.91281505663
1409.5	-2326.466908253148
1410.0	-2325.588493602389
1410.5	-2320.415803033499
1411.0	-2318.6189264691893
1411.5	-2318.0288227082606
1412.0	-2317.734766314466
1412.5	-2317.579928347959
1413.0	-2317.489880447778
1413.5	-2317.4554921165814
1414.0	-2317.428384788326
1414.5	-2317.4218079663005
1415.0	-2317.377419230006
1415.5	-2317.320461502068
1416.0	-2317.1920051089255
1416.5	-2316.9550777831223
1417.0	-2316.5245949639193
1417.5	-2315.555095769058
1418.0	-2310.1719074155503
1418.5	-2308.7132625070562
1419.0	-2308.1738333463445
1419.5	-2307.856861394101
1420.0	-2307.667963983183
1420.5	-2307.525610785523
1421.0	-2307.40262875386
1421.5	-2307.2722955233803
1422.0	-2307.101888924301
1422.5	-2306.8606181792015
1423.0	-2306.4464271140573
1423.5	-2305.594285667698
1424.0	-2303.3635594834477
1424.5	-2302.4247794959165
1425.0	-2301.1081413535467
1425.5	-2295.547964084113
1426.0	-2294.2605207118436
1426.5	-2293.715477501618
1427.0	-2293.425712382591
1427.5	-2293.2468649090065
1428.0	-2293.1596356190994
1428.5	-2293.096850385688
1429.0	-2293.0702206836772
1429.5	-2293.035468153697
1430.0	-2292.998202454781
1430.5	-2292.924222254801
1431.0	-2292.78000961467
1431.5	-2292.5343914902132
1432.0	-2292.037225583536
1432.5	-2290.827035608277
1433.0	-2285.46348040626
1433.5	-2284.452303094984
1434.0	-2284.0131581674623
1434.5	-2283.788169003324
1435.0	-2283.6641838815276
1435.5	-2283.5879131163665
1436.0	-2283.550549024885
1436.5	-2283.509683178842
1437.0	-2283.4751033677753
1437.5	-2283.3918672954974
1438.0	-2283.2796523326333
1438.5	-2283.0706286969375
1439.0	-2282.72261884706
1439.5	-2282.0993864988427
1440.0	-2280.545056183247
1440.5	-2275.1951925660956
1441.0	-2274.1008026914888
1441.5	-2273.4058629591805
1442.0	-2272.5650701150353
1442.5	-2270.484789783001
1443.0	-2269.877391222082
1443.5	-2269.573527049274
1444.0	-2269.3705994103307
1444.5	-2269.2043413059023
1445.0	-2269.0426595873705
1445.5	-2268.8325578825325
1446.0	-2268.5451059733014
1446.5	-2267.978323259738
1447.0	-2267.1239855538383
1447.5	-2265.272404856515
1448.0	-2260.3345009379946
1448.5	-2259.5078689542775
1449.0	-2259.1184156010554
1449.5	-2258.907494577947
1450.0	-2258.778175367904
1450.5	-2258.7216456503015
1451.0	-2258.676653861606
1451.5	-2258.6587798209725
1452.0	-2258.6191056815383
1452.5	-2258.5705809725687
1453.0	-2258.469543223408
1453.5	-2258.2895767688997
1454.0	-2257.971139708545
1454.5	-2257.3230625050337
1455.0	-2255.0122865844232
1455.5	-2250.698140771608
1456.0	-2249.9893807003277
1456.5	-2249.61124594441
1457.0	-2249.3960091225617
1457.5	-2249.24127068272
1458.0	-2249.112466945436
1458.5	-2248.9956565333737
1459.0	-2248.8426909071222
1459.5	-2248.6397499762625
1460.0	-2248.3040285953257
1460.5	-2247.6928951479813
1461.0	-2245.5901163937815
1461.5	-2244.6501998550125
1462.0	-2243.694284229462
1462.5	-2239.816841436547
1463.0	-2236.9212272291475
1463.5	-2236.231097146652
1464.0	-2235.884008029277
1464.5	-2235.673725378792
1465.0	-2235.571540061621
1465.5	-2235.4983499142754
1466.0	-2235.463525619916
1466.5	-2235.4384685537652
1467.0	-2235.4092183228577
1467.5	-2235.3551370290033
1468.0	-2235.2515572936195
1468.5	-2235.0711516884617
1469.0	-2234.7119822389714
1469.5	-2233.973145516206
1470.0	-2229.400955353199
1470.5	-2227.5548469349583
1471.0	-2226.9957142227286
1471.5	-2226.7229149275163
1472.0	-2226.572912957869
1472.5	-2226.4843810676502
1473.0	-2226.444430814803
1473.5	-2226.40577983411
1474.0	-2226.377875444932
1474.5	-2226.317652845848
1475.0	-2226.2349613533543
1475.5	-2226.072132288465
1476.0	-2225.8130493911694
1476.5	-2225.3555783073393
1477.0	-2224.414098239669
1477.5	-2219.412368224268
1478.0	-2217.8012428174334
1478.5	-2217.05561304005
1479.0	-2216.3337128955654
1479.5	-2214.422237527838
1480.0	-2213.6368076161193
1480.5	-2213.318806564295
1481.0	-2213.1302882309715
1481.5	-2212.9933455811897
1482.0	-2212.878299944291
1482.5	-2212.7493896417036
1483.0	-2212.5910124381303
1483.5	-2212.324932249578
1484.0	-2211.8944773985527
1484.5	-2210.928582896912
1485.0	-2205.9442270408713
1485.5	-2204.7540974076287
1486.0	-2204.2910181674624
1486.5	-2204.050930792384
1487.0	-2203.910863683005
1487.5	-2203.844002548339
1488.0	-2203.7934094438488
1488.5	-2203.771885201194
1489.0	-2203.7334983477936
1489.5	-2203.688763253577
1490.0	-2203.5979151152037
1490.5	-2203.4505235124307
1491.0	-2203.1926704624334
1491.5	-2202.707923332362
1492.0	-2201.6103730086234
1492.5	-2196.592416952724
1493.0	-2195.551278286779
1493.5	-2195.0652454205006
1494.0	-2194.7784352412677
1494.5	-2194.5623578697314
1495.0	-2194.3836883185545
1495.5	-2194.2104826535924
1496.0	-2194.004164846488
1496.5	-2193.747144755154
1497.0	-2193.367757087482
1497.5	-2192.76666493569
1498.0	-2190.85621385367
1498.5	-2189.4154428061347
1499.0	-2188.163199274406
1499.5	-2186.2744301814305
1500.0	-2181.110238464098
1500.5	-2180.0415236864173
1501.0	-2179.5172850632307
1501.5	-2179.1943582079657
1502.0	-2179.0023060153612
1502.5	-2178.8593559507153
1503.0	-2178.7724497444256
1503.5	-2178.698442696222
1504.0	-2178.634536266221
1504.5	-2178.5570654117582
1505.0	-2178.4482778768943
1505.5	-2178.2831072699314
1506.0	-2177.9893948576355
1506.5	-2177.4639927384164
1507.0	-2175.9751984679137
1507.5	-2171.3502048204023
1508.0	-2170.581206237595
1508.5	-2170.2292531881335
1509.0	-2170.030964467196
1509.5	-2169.916206605799
1510.0	-2169.8514767090355
1510.5	-2169.7995796781397
1511.0	-2169.7642375146384
1511.5	-2169.7057698186763
1512.0	-2169.6358352385023
1512.5	-2169.4968260682203
1513.0	-2169.2917553444295
1513.5	-2168.935992783127
1514.0	-2168.2796083225135
1514.5	-2166.2997869472592
1515.0	-2161.9388492416488
1515.5	-2161.0624144748404
1516.0	-2160.3823314918413
1516.5	-2158.998604243966
1517.0	-2157.717652498499
1517.5	-2157.3616154395204
1518.0	-2157.156907764043
1518.5	-2157.0208428224964
1519.0	-2156.9154106138303
1519.5	-2156.8066852140164
1520.0	-2156.6807709476793
1520.5	-2156.4776302584896
1521.0	-2156.1663705852166
1521.5	-2155.5322463267225
1522.0	-2152.712125194169
1522.5	-2149.5105285655522
1523.0	-2148.918658879362
1523.5	-2148.6318685874094
1524.0	-2148.4793312833003
1524.5	-2148.406680617805
1525.0	-2148.362396486832
1525.5	-2148.3538812076868
1526.0	-2148.3353295671404
1526.5	-2148.3205117759567
1527.0	-2148.268704300958
1527.5	-2148.1791175127337
1528.0	-2148.0053613480986
1528.5	-2147.676411252011
1529.0	-2147.0026982382647
1529.5	-2142.9613183345223
1530.0	-2141.025064610002
1530.5	-2140.462824843028
1531.0	-2140.174944558085
1531.5	-2139.979137432834
1532.0	-2139.8506140109407
1532.5	-2139.7362308485895
1533.0	-2139.613667504002
1533.5	-2139.462684713513
1534.0	-2139.233819624007
1534.5	-2138.863230069104
1535.0	-2137.8652697917964
1535.5	-2136.2145805648906
1536.0	-2135.5210387977754
1536.5	-2134.592959093381
1537.0	-2130.0629028357525
1537.5	-2128.559959540586
1538.0	-2128.0279113705365
1538.5	-2127.742735743046
1539.0	-2127.5891437612604
1539.5	-2127.487628709631
1540.0	-2127.4475542613554
1540.5	-2127.4095125705603
1541.0	-2127.3889416960596
1541.5	-2127.3534888525105
1542.0	-2127.295814089993
1542.5	-2127.1903038477635
1543.0	-2126.9892779185598
1543.5	-2126.627411437768
1544.0	-2125.7927547973864
1544.5	-2121.237667583571
1545.0	-2120.072713143984
1545.5	-2119.640145024057
1546.0	-2119.4043059163832
1546.5	-2119.2746922857145
1547.0	-2119.1972247120816
1547.5	-2119.1397981307964
1548.0	-2119.1003159011066
1548.5	-2119.0433069827836
1549.0	-2118.9751738098826
1549.5	-2118.8472407399186
1550.0	-2118.6646872526394
1550.5	-2118.3513689892343
1551.0	-2117.8208381367294
1551.5	-2116.6912892403943
1552.0	-2111.753428296709
1552.5	-2110.393991569863
1553.0	-2109.6246439743554
1553.5	-2108.6857147894207
1554.0	-2106.9479490713647
1554.5	-2106.510174389746
1555.0	-2106.261939339209
1555.5	-2106.105536494857
1556.0	-2105.9869396630493
1556.5	-2105.8800258706465
1557.0	-2105.7629500091366
1557.5	-2105.5942719066384
1558.0	-2105.348235982543
1558.5	-2104.8896944401467
1559.0	-2103.8043812477417
1559.5	-2099.2830017583437
1560.0	-2098.4527372234597
1560.5	-2098.0894959065467
1561.0	-2097.902011411366
1561.5	-2097.8037425384928
1562.0	-2097.746668305653
1562.5	-2097.7293446382528
1563.0	-2097.710614659292
1563.5	-2097.7014682730223
1564.0	-2097.659915595102
1564.5	-2097.5965623677394
1565.0	-2097.460267532732
1565.5	-2097.2172766826757
1566.0	-2096.7465185183414
1566.5	-2095.45446417181
1567.0	-2091.0982169428867
1567.5	-2090.348673806906
1568.0	-2090.0010210204055
1568.5	-2089.779448343631
1569.0	-2089.6430441794023
1569.5	-2089.520990383312
1570.0	-2089.407794597767
1570.5	-2089.2708528881976
1571.0	-2089.0794434975674
1571.5	-2088.7742328030317
1572.0	-2088.1242661759243
1572.5	-2086.3546788251415
1573.0	-2085.687060142063
1573.5	-2084.988126288401
1574.0	-2083.261083905388
1574.5	-2079.1712288836898
1575.0	-2078.4743302643847
1575.5	-2078.137314259005
1576.0	-2077.9506272744215
1576.5	-2077.838014289736
1577.0	-2077.784918314519
1577.5	-2077.746653518226
1578.0	-2077.7322294476944
1578.5	-2077.7006466142866
1579.0	-2077.6657399884716
1579.5	-2077.582006814948
1580.0	-2077.4373999628424
1580.5	-2077.169385216736
1581.0	-2076.6198565678574
1581.5	-2074.3820212067476
1582.0	-2071.0446546945477
1582.5	-2070.4864506195295
1583.0	-2070.2043069142424
1583.5	-2070.062845780478
1584.0	-2069.970852922605
1584.5	-2069.9207748333833
1585.0	-2069.8849660691053
1585.5	-2069.849732050123
1586.0	-2069.8010220162205
1586.5	-2069.719615692192
1587.0	-2069.5954896299163
1587.5	-2069.3729565424883
1588.0	-2069.013806097837
1588.5	-2068.30245695109
1589.0	-2064.6501781721
1589.5	-2062.4796135183014
1590.0	-2061.7241410461356
1590.5	-2060.984759784952
1591.0	-2059.2234189003784
1591.5	-2058.6995972459695
1592.0	-2058.43924093766
1592.5	-2058.282162334175
1593.0	-2058.1588951082326
1593.5	-2058.064472809647
1594.0	-2057.944332435209
1594.5	-2057.81045037926
1595.0	-2057.5896329120314
1595.5	-2057.244654369441
1596.0	-2056.531833152224
1596.5	-2052.492209244744
1597.0	-2051.039162659367
1597.5	-2050.5555969521984
1598.0	-2050.292827287814
1598.5	-2050.1331954124075
1599.0	-2050.0219978419104
1599.5	-2049.936773123326
1600.0	-2049.857319321425
1600.5	-2049.755870769086
1601.0	-2049.6211281505134
1601.5	-2049.3841387153484
1602.0	-2048.9812101257066
1602.5	-2048.5696895439123
1603.0	-2048.0874340678533
1603.5	-2047.196859526212
1604.0	-2042.8628862001447
1604.5	-2041.515081346137
1605.0	-2040.8045382289886
1605.5	-2040.4253442609759
1606.0	-2040.1878305364266
1606.5	-2039.998465894399
1607.0	-2039.8342581791294
1607.5	-2039.6606780697086
1608.0	-2039.4508295021699
1608.5	-2039.1459450398977
1609.0	-2038.582287217051
1609.5	-2036.8695285625538
1610.0	-2036.2120176504786
1610.5	-2035.628097447531
1611.0	-2034.640918744572
1611.5	-2030.3144299637133
1612.0	-2029.303768007955
1612.5	-2028.8878114915933
1613.0	-2028.6466723760045
1613.5	-2028.5176683916711
1614.0	-2028.4296384341787
1614.5	-2028.3907232987633
1615.0	-2028.3516905974013
1615.5	-2028.3295243901173
1616.0	-2028.2886605335725
1616.5	-2028.2251227988809
1617.0	-2028.1101239261984
1617.5	-2027.9068246816773
1618.0	-2027.5168794821502
1618.5	-2026.5625292486664
1619.0	-2022.367550138928
1619.5	-2021.5614024805384
1620.0	-2021.2234363235675
1620.5	-2021.0386127371814
1621.0	-2020.9426019609982
1621.5	-2020.8757835269187
1622.0	-2020.8462462417422
1622.5	-2020.8074882477772
1623.0	-2020.7753961571225
1623.5	-2020.7064200744528
1624.0	-2020.614037278464
1624.5	-2020.4376629827514
1625.0	-2020.1619943753233
1625.5	-2019.6535084241139
1626.0	-2018.4217017725186
1626.5	-2014.1885865587922
1627.0	-2013.260086088858
1627.5	-2012.4848479766683
1628.0	-2010.783104624077
1628.5	-2010.2800254032397
1629.0	-2010.0366480236737
1629.5	-2009.8938964724857
1630.0	-2009.793954040499
1630.5	-2009.7234958997137
1631.0	-2009.6401027509705
1631.5	-2009.550572442527
1632.0	-2009.3981969291408
1632.5	-2009.1609030686013
1633.0	-2008.6920372347868
1633.5	-2007.3410268069463
1634.0	-2003.4988972754036
1634.5	-2002.8939992951375
1635.0	-2002.6097997777545
1635.5	-2002.4655153884223
1636.0	-2002.3865856650964
1636.5	-2002.35175530184
1637.0	-2002.3351340273596
1637.5	-2002.3246436160302
1638.0	-2002.310709710904
1638.5	-2002.2751780524466
1639.0	-2002.2044391562306
1639.5	-2002.0660045694074
1640.0	-2001.819388823021
1640.5	-2001.3084565880056
1641.0	-1999.490201272701
1641.5	-1996.0974056924201
1642.0	-1995.5327060373202
1642.5	-1995.2313328954854
1643.0	-1995.0556215069023
1643.5	-1994.911614615365
1644.0	-1994.800033962658
1644.5	-1994.6672425274992
1645.0	-1994.5062900875373
1645.5	-1994.2485261529612
1646.0	-1993.7491220393117
1646.5	-1992.1544787009325
1647.0	-1991.5930303710932
1647.5	-1991.1316846316915
1648.0	-1990.464972838129
1648.5	-1987.4443333386728
1649.0	-1985.1970848626636
1649.5	-1984.6737116440975
1650.0	-1984.3976750234146
1650.5	-1984.2499558630284
1651.0	-1984.1554998488102
1651.5	-1984.109652075119
1652.0	-1984.0700686023645
1652.5	-1984.052594615791
1653.0	-1984.0116641665566
1653.5	-1983.9624085092657
1654.0	-1983.8598881750122
1654.5	-1983.6968987898144
1655.0	-1983.3882362310744
1655.5	-1982.7676095677873
1656.0	-1979.118474808708
1656.5	-1977.608365074427
1657.0	-1977.0574463660257
1657.5	-1976.5964815207983
1658.0	-1976.374782758798
1658.5	-1976.2499882037216
1659.0	-1976.1756819692457
1659.5	-1976.1122536291293
1660.0	-1976.0617553605862
1660.5	-1975.9890142279123
1661.0	-1975.9000029324986
1661.5	-1975.7444388765791
1662.0	-1975.5192747575481
1662.5	-1975.1190436115048
1663.0	-1974.3447087585405
1663.5	-1970.3324525705298
1664.0	-1968.9830651914267
1664.5	-1968.1311239259849
1665.0	-1966.460505090661
1665.5	-1965.9495574684317
1666.0	-1965.7022858764992
1666.5	-1965.5536081837201
1667.0	-1965.4567582672194
1667.5	-1965.3843405311038
1668.0	-1965.314720258864
1668.5	-1965.2381440319268
1669.0	-1965.1192085262062
1669.5	-1964.9352528860636
1670.0	-1964.59569903734
1670.5	-1963.8569792081703
1671.0	-1959.9247161292085
1671.5	-1959.0088944930742
1672.0	-1958.6473594153802
1672.5	-1958.4726026440667
1673.0	-1958.3692297654416
1673.5	-1958.3268832918236
1674.0	-1958.2977177302985
1674.5	-1958.289786490363
1675.0	-1958.2752844075176
1675.5	-1958.2511383112349
1676.0	-1958.1954699223377
1676.5	-1958.0929961636796
1677.0	-1957.9041653647498
1677.5	-1957.5401297632147
1678.0	-1956.683372287547
1678.5	-1952.7403539209793
1679.0	-1951.933774283191
1679.5	-1951.5702190794486
1680.0	-1951.36363444382
1680.5	-1951.206086298858
1681.0	-1951.0897289720665
1681.5	-1950.9559190572702
1682.0	-1950.803207302042
1682.5	-1950.5599834461116
1683.0	-1950.0975851012395
1683.5	-1948.5865227008167
1684.0	-1948.076335510435
1684.5	-1947.6906235965603
1685.0	-1947.1939162532046
1685.5	-1946.1335300063436
1686.0	-1942.2503574710636
1686.5	-1941.5396273620242
1687.0	-1941.2093995729495
1687.5	-1941.0376392056382
1688.0	-1940.932358044398
1688.5	-1940.8828139270945
1689.0	-1940.8445451494215
1689.5	-1940.8335717944165
1690.0	-1940.8045194958215
1690.5	-1940.7746046551822
1691.0	-1940.7080488692316
1691.5	-1940.5935446122544
1692.0	-1940.3799857321044
1692.5	-1939.9667228117219
1693.0	-1938.7947874714937
1693.5	-1935.1280794214351
1694.0	-1934.5298362989772
1694.5	-1934.246381384301
1695.0	-1934.093179215635
1695.5	-1933.9940381903282
1696.0	-1933.940258510249
1696.5	-1933.8854181764937
1697.0	-1933.8469248230097
1697.5	-1933.7819466719593
1698.0	-1933.7016814748488
1698.5	-1933.5677613948515
1699.0	-1933.369681215713
1699.5	-1933.0451953151662
1700.0	-1932.4652919226357
1700.5	-1930.8002079742282
1701.0	-1927.2251664789533
1701.5	-1926.2488915933511
1702.0	-1924.5529362588152
1702.5	-1923.9946103194923
1703.0	-1923.6853231994064
1703.5	-1923.4809757449655
1704.0	-1923.2975334424643
1704.5	-1923.1137169319122
1705.0	-1922.8244471259786
1705.5	-1922.5339585785628
1706.0	-1922.3083231352543
1706.5	-1922.0742114481432
1707.0	-1921.7488743054669
1707.5	-1921.189106012345
1708.0	-1918.8698350311602
1708.5	-1916.279022499912
1709.0	-1915.7379858061092
1709.5	-1915.3911257745451
1710.0	-1915.0300360670813
1710.5	-1914.83627619679
1711.0	-1914.739611238623
1711.5	-1914.6660202559688
1712.0	-1914.622022251464
1712.5	-1914.5586622943258
1713.0	-1914.4933116910506
1713.5	-1914.3839084362144
1714.0	-1914.2176174569533
1714.5	-1913.928173393419
1715.0	-1913.3607398915422
1715.5	-1910.1313081692388
1716.0	-1908.5605044092977
1716.5	-1908.0982130220639
1717.0	-1907.8340145904915
1717.5	-1907.658779555141
1718.0	-1907.5123566912016
1718.5	-1907.382559471678
1719.0	-1907.21472352603
1719.5	-1906.9942482045299
1720.0	-1906.5581206432294
1720.5	-1905.1300932116512
1721.0	-1904.635449458241
1721.5	-1904.303016802553
1722.0	-1903.908952571252
1722.5	-1903.2376621557394
1723.0	-1899.6801863646533
1723.5	-1898.5045451815524
1724.0	-1898.0983493912613
1724.5	-1897.882809590957
1725.0	-1897.7703129270667
1725.5	-1897.6980793415385
1726.0	-1897.6701443194024
1726.5	-1897.6461426874077
1727.0	-1897.6380723537914
1727.5	-1897.6087842928534
1728.0	-1897.5715537037227
1728.5	-1897.484382570057
1729.0	-1897.333150867394
1729.5	-1897.0424487817195
1730.0	-1896.3894915659046
1730.5	-1892.7644585516916
1731.0	-1891.8414302106635
1731.5	-1891.499703606491
1732.0	-1891.3152191954623
1732.5	-1891.2190123718926
1733.0	-1891.1562679081276
1733.5	-1891.123693702406
1734.0	-1891.085484234453
1734.5	-1891.0574947790633
1735.0	-1890.993594258401
1735.5	-1890.909285536198
1736.0	-1890.7613030910106
1736.5	-1890.5250435465919
1737.0	-1890.1107787979101
1737.5	-1889.2312739006966
1738.0	-1885.3779618895026
1738.5	-1884.2219659811806
1739.0	-1882.570584717243
1739.5	-1882.005095665171
1740.0	-1881.7422249183985
1740.5	-1881.5830862854357
1741.0	-1881.4936491119759
1741.5	-1881.4213661410613
1742.0	-1881.3775925999487
1742.5	-1881.3189747895944
1743.0	-1881.254246735011
1743.5	-1881.13914049901
1744.0	-1880.9582702722869
1744.5	-1880.6112036147765
1745.0	-1879.7556635179485
1745.5	-1876.1607328053956
1746.0	-1875.4993464394017
1746.5	-1875.217427321642
1747.0	-1875.0688345692163
1747.5	-1874.9967154256879
1748.0	-1874.9518603815675
1748.5	-1874.9388263080853
1749.0	-1874.923768008458
1749.5	-1874.914899264982
1750.0	-1874.8789287044015
1750.5	-1874.8276592487196
1751.0	-1874.709870012499
1751.5	-1874.513183268261
1752.0	-1874.1241235543928
1752.5	-1873.089597581431
1753.0	-1869.5895615881661
1753.5	-1868.978573362243
1754.0	-1868.6769264797394
1754.5	-1868.480519838843
1755.0	-1868.3359813586767
1755.5	-1868.199943554964
1756.0	-1868.050582323697
1756.5	-1867.8356938861834
1757.0	-1867.4619477248239
1757.5	-1866.102028700111
1758.0	-1865.6077736303102
1758.5	-1865.2936904733938
1759.0	-1864.9701561678762
1759.5	-1864.4661445129923
1760.0	-1863.1240123569507
1760.5	-1859.8532877040684
1761.0	-1859.2887270775743
1761.5	-1858.9865682491557
1762.0	-1858.7690855101184
1762.5	-1858.4860285291038
1763.0	-1858.3263735279493
1763.5	-1858.2546751984128
1764.0	-1858.2029577387611
1764.5	-1858.1648925943364
1765.0	-1858.1109251261107
1765.5	-1858.039146853292
1766.0	-1857.9041426712272
1766.5	-1857.686114081067
1767.0	-1857.2319221263276
1767.5	-1855.4142688314182
1768.0	-1852.7591376427388
1768.5	-1852.306539724672
1769.0	-1852.0760827374097
1769.5	-1851.9510763194608
1770.0	-1851.8767025377997
1770.5	-1851.8266503132459
1771.0	-1851.7913531330228
1771.5	-1851.7530061035634
1772.0	-1851.7046873449676
1772.5	-1851.6242742935358
1773.0	-1851.5078646896734
1773.5	-1851.3074510314539
1774.0	-1850.9865455610725
1774.5	-1850.3676663379213
1775.0	-1847.3423010508618
1775.5	-1845.4244154102573
1776.0	-1843.7654006050118
1776.5	-1843.118454681659
1777.0	-1842.829218351481
1777.5	-1842.660715009977
1778.0	-1842.5586148395025
1778.5	-1842.4911122542417
1779.0	-1842.4389054552692
1779.5	-1842.3963005278588
1780.0	-1842.3346127919265
1780.5	-1842.2519310552193
1781.0	-1842.1044371997039
1781.5	-1841.8549478827945
1782.0	-1841.308890472969
1782.5	-1838.0889947130142
1783.0	-1836.963716427972
1783.5	-1836.605828617337
1784.0	-1836.4224390354
1784.5	-1836.3306184840646
1785.0	-1836.2775938809768
1785.5	-1836.2534883759254
1786.0	-1836.242230024394
1786.5	-1836.2276908407446
1787.0	-1836.207335347966
1787.5	-1836.1598772660955
1788.0	-1836.0793944626785
1788.5	-1835.9189161399406
1789.0	-1835.6406246237448
1789.5	-1835.01372281165
1790.0	-1831.6158074599794
1790.5	-1830.688010587294
1791.0	-1830.327563197358
1791.5	-1830.103671867177
1792.0	-1829.9489849363715
1792.5	-1829.8136597202088
1793.0	-1829.6683217518869
1793.5	-1829.4786558260032
1794.0	-1829.1536490362778
1794.5	-1827.930120134878
1795.0	-1827.3689209560152
1795.5	-1827.0915677474038
1796.0	-1826.8132363119666
1796.5	-1826.4417270578926
1797.0	-1825.6918140963983
1797.5	-1822.2483469176002
1798.0	-1821.46971359295
1798.5	-1821.1537175051112
1799.0	-1820.9761425724487
1799.5	-1820.8761604040712
1800.0	-1820.815032766452
1800.5	-1820.7801163775991
1801.0	-1820.7546690148365
1801.5	-1820.7257773550982
1802.0	-1820.6914508162458
1802.5	-1820.6262250850684
1803.0	-1820.5225543688016
1803.5	-1820.3348383537852
1804.0	-1820.0033430530368
1804.5	-1819.1797503179291
1805.0	-1815.7845489217837
1805.5	-1815.116002137301
1806.0	-1814.8084087450293
1806.5	-1814.6093327351405
1807.0	-1814.4664752773572
1807.5	-1814.3240539613294
1808.0	-1814.1380244835975
1808.5	-1813.8754238296683
1809.0	-1813.6928945837908
1809.5	-1813.544136060785
1810.0	-1813.376403598948
1810.5	-1813.1677120531785
1811.0	-1812.8513064994852
1811.5	-1812.3516725555517
1812.0	-1811.1947764374083
1812.5	-1807.6198139715234
1813.0	-1805.9313764692229
1813.5	-1805.0751681528332
1814.0	-1804.6910011947598
1814.5	-1804.42632140419
1815.0	-1804.1213188601935
1815.5	-1803.9091886839926
1816.0	-1803.7923160264459
1816.5	-1803.7037015722335
1817.0	-1803.6232282171911
1817.5	-1803.5196073253671
1818.0	-1803.3861490123018
1818.5	-1803.166821260248
1819.0	-1802.7739600843715
1819.5	-1801.5819084936993
1820.0	-1798.5623305855852
1820.5	-1798.0670578262054
1821.0	-1797.8411588785445
1821.5	-1797.7119424088987
1822.0	-1797.643857962367
1822.5	-1797.602501874413
1823.0	-1797.5802788032909
1823.5	-1797.5643413227972
1824.0	-1797.5378103153453
1824.5	-1797.5013389612766
1825.0	-1797.4299800814263
1825.5	-1797.3084705354418
1826.0	-1797.0846926365807
1826.5	-1796.6599961249472
1827.0	-1794.9535857714714
1827.5	-1792.432691302954
1828.0	-1791.9672907214149
1828.5	-1791.721819331656
1829.0	-1791.5476889956226
1829.5	-1791.4142224509108
1830.0	-1791.2763618480383
1830.5	-1791.1063321958502
1831.0	-1790.8378203210877
1831.5	-1789.9221731347898
1832.0	-1789.1271604452404
1832.5	-1788.8497474914757
1833.0	-1788.6172282320667
1833.5	-1788.3139616533635
1834.0	-1787.8106098163548
1834.5	-1785.105285342252
1835.0	-1783.624275235355
1835.5	-1783.223287455557
1836.0	-1783.032173415592
1836.5	-1782.9187950412108
1837.0	-1782.8627091422466
1837.5	-1782.830827412577
1838.0	-1782.8202200718742
1838.5	-1782.8074591707611
1839.0	-1782.7928152910308
1839.5	-1782.7632494497868
1840.0	-1782.6958444553038
1840.5	-1782.5761160807351
1841.0	-1782.3434117800437
1841.5	-1781.8459374185675
1842.0	-1778.8120691724364
1842.5	-1777.7802259137745
1843.0	-1777.4352977692336
1843.5	-1777.2679201351602
1844.0	-1777.1641737408752
1844.5	-1777.1125991900428
1845.0	-1777.068470808987
1845.5	-1777.0404388115044
1846.0	-1777.0044891420162
1846.5	-1776.951614725635
1847.0	-1776.870942970693
1847.5	-1776.7433117253654
1848.0	-1776.5333768770836
1848.5	-1776.1761730756664
1849.0	-1775.4661931481537
1849.5	-1772.0575619227536
1850.0	-1770.5664976375112
1850.5	-1769.3148516182139
1851.0	-1768.945522179444
1851.5	-1768.734804496425
1852.0	-1768.6202764400748
1852.5	-1768.5363116371739
1853.0	-1768.489298839923
1853.5	-1768.445331432817
1854.0	-1768.4070131090514
1854.5	-1768.3475423141647
1855.0	-1768.2595177436922
1855.5	-1768.1097480338374
1856.0	-1767.8277392187365
1856.5	-1767.182450071962
1857.0	-1763.9884790425958
1857.5	-1763.3072383832798
1858.0	-1763.0296267876647
1858.5	-1762.893565793506
1859.0	-1762.809991498994
1859.5	-1762.774312963712
1860.0	-1762.747623831873
1860.5	-1762.7378221713864
1861.0	-1762.7133946069964
1861.5	-1762.6880501746243
1862.0	-1762.6275988948921
1862.5	-1762.5290246233164
1863.0	-1762.3533768931864
1863.5	-1762.028862215111
1864.0	-1761.2438578917101
1864.5	-1758.049297129507
1865.0	-1757.4220696643285
1865.5	-1757.1076108987063
1866.0	-1756.9023027801725
1866.5	-1756.7186865151689
1867.0	-1756.5351654027847
1867.5	-1756.2272451199685
1868.0	-1755.86698995347
1868.5	-1755.2945460961182
1869.0	-1754.14356083575
1869.5	-1753.8182839673455
1870.0	-1753.5770426526453
1870.5	-1753.3109005449032
1871.0	-1752.9189348568286
1871.5	-1751.9938058793143
1872.0	-1748.9120638815202
1872.5	-1748.3733693448019
1873.0	-1748.1229634432705
1873.5	-1747.9886497413847
1874.0	-1747.9082079430514
1874.5	-1747.8718848685096
1875.0	-1747.8429531521401
1875.5	-1747.837780899607
1876.0	-1747.8137939058802
1876.5	-1747.793432106557
1877.0	-1747.7370887878537
1877.5	-1747.6446618103514
1878.0	-1747.4694257811943
1878.5	-1747.1232866189819
1879.0	-1746.0753475831416
1879.5	-1743.1957790518468
1880.0	-1742.7360742982426
1880.5	-1742.5177370216657
1881.0	-1742.3992014941555
1881.5	-1742.3271267460243
1882.0	-1742.2839045197868
1882.5	-1742.24610097846
1883.0	-1742.2175555714705
1883.5	-1742.1662234074195
1884.0	-1742.106908034546
1884.5	-1741.9931242183852
1885.0	-1741.8301740611378
1885.5	-1741.5492423116605
1886.0	-1741.0507680245003
1886.5	-1739.49206850136
1887.0	-1736.5448719140782
1887.5	-1735.0051474312104
1888.0	-1734.5273580216174
1888.5	-1734.2892181842255
1889.0	-1734.1432083652555
1889.5	-1734.058500430898
1890.0	-1733.9987945306202
1890.5	-1733.9602646875073
1891.0	-1733.9181018428378
1891.5	-1733.8763748695483
1892.0	-1733.8002639694082
1892.5	-1733.689688420954
1893.0	-1733.4811356164585
1893.5	-1733.0773534337218
1894.0	-1730.9455427991907
1894.5	-1729.1926655493746
1895.0	-1728.8213004234826
1895.5	-1728.6385708028245
1896.0	-1728.5450336384124
1896.5	-1728.4871131666973
1897.0	-1728.4639617246157
1897.5	-1728.4421258331533
1898.0	-1728.432637949847
1898.5	-1728.4056815648978
1899.0	-1728.3699678721584
1899.5	-1728.2926756121417
1900.0	-1728.1663887300208
1900.5	-1727.9317847076616
1901.0	-1727.4658880230136
1901.5	-1724.7518878372148
1902.0	-1723.5586438048997
1902.5	-1723.1758012855548
1903.0	-1722.953805665581
1903.5	-1722.7938937457086
1904.0	-1722.6523495140973
1904.5	-1722.508152576574
1905.0	-1722.3090153277656
1905.5	-1721.9737503367758
1906.0	-1720.8072280050055
1906.5	-1720.4120153460608
1907.0	-1720.1670341890415
1907.5	-1719.9352945631167
1908.0	-1719.6178963140544
1908.5	-1719.0568383835882
1909.0	-1716.1135688054296
1909.5	-1715.1564933969883
1910.0	-1714.7873777141447
1910.5	-1714.557991654119
1911.0	-1714.3636816466817
1911.5	-1714.1254948824671
1912.0	-1713.9438533645655
1912.5	-1713.8426355058455
1913.0	-1713.7750169761339
1913.5	-1713.7063399072376
1914.0	-1713.637592009266
1914.5	-1713.5275952661389
1915.0	-1713.3745110566188
1915.5	-1713.0985686195438
1916.0	-1712.533775520445
1916.5	-1709.5389383964787
1917.0	-1708.775121163158
1917.5	-1708.4595938190025
1918.0	-1708.2827782809918
1918.5	-1708.1565953587174
1919.0	-1708.0620703194588
1919.5	-1707.958030336561
1920.0	-1707.7907444698299
1920.5	-1707.5905160643772
1921.0	-1707.4708038497486
1921.5	-1707.3449379542344
1922.0	-1707.1786864680919
1922.5	-1706.9430810584963
1923.0	-1706.5523297272496
1923.5	-1705.7718886076052
1924.0	-1702.510314501958
1924.5	-1700.8614826571684
1925.0	-1700.1323173425985
1925.5	-1699.8283593963736
1926.0	-1699.6464418732257
1926.5	-1699.5405764612442
1927.0	-1699.4622799115796
1927.5	-1699.418434244573
1928.0	-1699.3696750254983
1928.5	-1699.331512481717
1929.0	-1699.2661016915424
1929.5	-1699.1771923249516
1930.0	-1699.021174129371
1930.5	-1698.7377925340763
1931.0	-1698.03915892404
1931.5	-1695.103966016086
1932.0	-1694.5628558910935
1932.5	-1694.3291677343918
1933.0	-1694.2085795441194
1933.5	-1694.142551579226
1934.0	-1694.109282025382
1934.5	-1694.0896738999218
1935.0	-1694.0815187727499
1935.5	-1694.0628744218327
1936.0	-1694.0424121488243
1936.5	-1693.9853085809373
1937.0	-1693.9009787175312
1937.5	-1693.7281807889476
1938.0	-1693.4191126289547
1938.5	-1692.572776729812
1939.0	-1689.7163495877342
1939.5	-1689.2089497266718
1940.0	-1688.9566693999927
1940.5	-1688.7909131562508
1941.0	-1688.6638509356374
1941.5	-1688.5386433181952
1942.0	-1688.3927336244558
1942.5	-1688.1632770697706
1943.0	-1687.4925997270818
1943.5	-1686.6477710036563
1944.0	-1686.3999206860444
1944.5	-1686.2056121751266
1945.0	-1685.9653216970728
1945.5	-1685.5966919458742
1946.0	-1684.5450109151593
1946.5	-1681.8854936620119
1947.0	-1681.446883006892
1947.5	-1681.245290357086
1948.0	-1681.1306697802813
1948.5	-1681.074929198973
1949.0	-1681.038755261349
1949.5	-1681.030202087347
1950.0	-1681.015798969037
1950.5	-1681.0114262581617
1951.0	-1680.9822354030223
1951.5	-1680.937543902112
1952.0	-1680.8437960555452
1952.5	-1680.6719818243457
1953.0	-1680.3217886948246
1953.5	-1678.9257458420857
1954.0	-1676.6774452829522
1954.5	-1676.299505951853
1955.0	-1676.1174904124084
1955.5	-1676.0151028586358
1956.0	-1675.9549874231932
1956.5	-1675.914191219156
1957.0	-1675.8866933495963
1957.5	-1675.8509970796724
1958.0	-1675.8131846820334
1958.5	-1675.7410535856327
1959.0	-1675.6431699420268
1959.5	-1675.4707445801848
1960.0	-1675.2012648103728
1960.5	-1674.6833761229893
1961.0	-1672.2695944330899
1961.5	-1670.45169218588
1962.0	-1669.1064080206572
1962.5	-1668.7044149112457
1963.0	-1668.4988281341139
1963.5	-1668.3702225469046
1964.0	-1668.2943339762548
1964.5	-1668.2393343163276
1965.0	-1668.1997227930242
1965.5	-1668.1617028092044
1966.0	-1668.1112105948903
1966.5	-1668.0408734182165
1967.0	-1667.9170651590375
1967.5	-1667.7071643828176
1968.0	-1667.2667295958242
1968.5	-1664.6595334739466
1969.0	-1663.6827386693035
1969.5	-1663.372566918738
1970.0	-1663.2042616790686
1970.5	-1663.1115759943661
1971.0	-1663.0406314211696
1971.5	-1662.996101891824
1972.0	-1662.927887494324
1972.5	-1662.8136614560876
1973.0	-1662.6353535402675
1973.5	-1662.5441125264836
1974.0	-1662.438293746139
1974.5	-1662.2900183841193
1975.0	-1662.0396652405277
1975.5	-1661.5301104149464
1976.0	-1658.750352470754
1976.5	-1657.9549527174086
1977.0	-1657.6366137186014
1977.5	-1657.4475210934506
1978.0	-1657.3077409824402
1978.5	-1657.1856733392153
1979.0	-1657.0570853651757
1979.5	-1656.8798055587802
1980.0	-1656.564989872953
1980.5	-1655.4938432236725
1981.0	-1655.1460883274196
1981.5	-1654.9359645520337
1982.0	-1654.7254159394865
1982.5	-1654.4310432742004
1983.0	-1653.847679984932
1983.5	-1651.028613727
1984.0	-1650.3852740612024
1984.5	-1650.1193313568263
1985.0	-1649.986282401779
1985.5	-1649.9043923811366
1986.0	-1649.8675011315543
1986.5	-1649.842828488968
1987.0	-1649.8350066309174
1987.5	-1649.8220597511881
1988.0	-1649.8065019204298
1988.5	-1649.7657272633733
1989.0	-1649.6997538013009
1989.5	-1649.5631962929533
1990.0	-1649.3174869599848
1990.5	-1648.6869897212707
1991.0	-1645.9188458763524
1991.5	-1645.3775269290416
1992.0	-1645.1542394789217
1992.5	-1645.0257957680687
1993.0	-1644.9579834034082
1993.5	-1644.9073564139549
1994.0	-1644.880623314334
1994.5	-1644.8443604637919
1995.0	-1644.8137365622567
1995.5	-1644.7527195397056
1996.0	-1644.673961423685
1996.5	-1644.5354877146117
1997.0	-1644.323486875442
1997.5	-1643.944443057135
1998.0	-1643.063730158257
1998.5	-1640.123392705356
1999.0	-1638.750897159958
1999.5	-1638.0752785520265
2000.0	-1637.809673255319
2000.5	-1637.6532227870302
2001.0	-1637.5616251558629
2001.5	-1637.497590952515
2002.0	-1637.454015703872
2002.5	-1637.415772579799
2003.0	-1637.3714584742538
2003.5	-1637.3115841064068
2004.0	-1637.214138688267
2004.5	-1637.0504433757826
2005.0	-1636.7405984643808
2005.5	-1635.8188108702766
2006.0	-1633.2870039380502
2006.5	-1632.8776431011836
2007.0	-1632.6836265162624
2007.5	-1632.5793505756408
2008.0	-1632.5143976091574
2008.5	-1632.4802539590032
2009.0	-1632.450743932894
2009.5	-1632.4292845845723
2010.0	-1632.397397387471
2010.5	-1632.3529715144762
2011.0	-1632.2779086443913
2011.5	-1632.1582644165164
2012.0	-1631.951711959856
2012.5	-1631.5753834671352
2013.0	-1630.240845400947
2013.5	-1628.0056393463706
2014.0	-1627.5380342557223
2014.5	-1627.1916857197334
2015.0	-1626.8819994791106
2015.5	-1626.6843888884941
2016.0	-1626.5135759577179
2016.5	-1626.3403945779492
2017.0	-1626.0976052376539
2017.5	-1625.561421206539
2018.0	-1624.6235482400539
2018.5	-1624.3551176132016
2019.0	-1624.1224995564287
2019.5	-1623.8595043504745
2020.0	-1623.41894964547
2020.5	-1621.2761137385266
2021.0	-1619.9252151940354
2021.5	-1619.5792665815131
2022.0	-1619.3863490964227
2022.5	-1619.279006492765
2023.0	-1619.1976791640307
2023.5	-1619.148928050062
2024.0	-1619.0935996778373
2024.5	-1619.0370025810507
2025.0	-1618.919341470411
2025.5	-1618.7336432841457
2026.0	-1618.6132850244392
2026.5	-1618.475119725081
2027.0	-1618.2536743713717
2027.5	-1617.8279799863544
2028.0	-1615.3429873164841
2028.5	-1614.438242069223
2029.0	-1614.1377369615154
2029.5	-1613.9817629329496
2030.0	-1613.889088305088
2030.5	-1613.8296427712255
2031.0	-1613.7900035302348
2031.5	-1613.7545322982398
2032.0	-1613.7178376482384
2032.5	-1613.6696505385637
2033.0	-1613.5978369478516
2033.5	-1613.489043230232
2034.0	-1613.3163077887682
2034.5	-1613.0266957294214
2035.0	-1612.4591558776217
2035.5	-1609.6947336483386
2036.0	-1608.6788304201684
2036.5	-1607.435783384493
2037.0	-1607.0522777587055
2037.5	-1606.8576653800258
2038.0	-1606.746165077657
2038.5	-1606.6730563674994
2039.0	-1606.6281526721593
2039.5	-1606.5880090369662
2040.0	-1606.555807528182
2040.5	-1606.5031367463262
2041.0	-1606.4344259616025
2041.5	-1606.305404117801
2042.0	-1606.083226286215
2042.5	-1605.5580566062447
2043.0	-1602.9330228126948
2043.5	-1602.3540312228583
2044.0	-1602.1310798977381
2044.5	-1602.0085187289258
2045.0	-1601.9534006660178
2045.5	-1601.915234934541
2046.0	-1601.9064868801952
2046.5	-1601.8924373801924
2047.0	-1601.8877470220516
2047.5	-1601.8643090821813
2048.0	-1601.8289183555146
2048.5000000000005	-1601.7515525045396
2049.0000000000005	-1601.6219506218426
2049.5000000000005	-1601.364251146254
2050.0000000000005	-1600.7497907114546
2050.5000000000005	-1598.1196019714323
2051.0000000000005	-1597.6114931761294
2051.5000000000005	-1597.370744895316
2052.0000000000005	-1597.2250531698699
2052.5000000000005	-1597.1159681209451
2053.0000000000005	-1597.0192772568748
2053.5000000000005	-1596.9127476046754
2054.0000000000005	-1596.770755838468
2054.5000000000005	-1596.5242437338643
2055.0000000000005	-1595.6035934394793
2055.5000000000005	-1595.1590240163318
2056.0000000000005	-1594.9392125642405
2056.5000000000005	-1594.717218074129
2057.0000000000005	-1594.3946022786797
2057.5000000000005	-1593.6322688104763
2058.0000000000005	-1591.0912415394494
2058.5000000000005	-1590.653832273065
2059.0000000000005	-1590.4503460629853
2059.5000000000005	-1590.3428103856334
2060.0000000000005	-1590.282616493889
2060.5000000000005	-1590.25206695115
2061.0000000000005	-1590.2347711908594
2061.5000000000005	-1590.228639770203
2062.0000000000005	-1590.2154908000925
2062.5000000000005	-1590.1997670770547
2063.0000000000005	-1590.1548845557054
2063.5000000000005	-1590.0809824339015
2064.0000000000005	-1589.9333182651726
2064.5000000000005	-1589.6477376500684
2065.0000000000005	-1588.7269334012415
2065.5000000000005	-1586.399515359256
2066.0000000000005	-1586.0238156239793
2066.5000000000005	-1585.8528511454203
2067.0000000000005	-1585.7498354275995
2067.5000000000005	-1585.6987468396946
2068.0000000000005	-1585.6559280991826
2068.5000000000005	-1585.6331886978755
2069.0000000000005	-1585.6007677570683
2069.5000000000005	-1585.5686437312836
2070.0000000000005	-1585.5096548599208
2070.5000000000005	-1585.427661688903
2071.0000000000005	-1585.2849739974274
2071.5000000000005	-1585.066160366087
2072.0000000000005	-1584.6493782610753
2072.5000000000005	-1583.1689380335918
2073.0000000000005	-1581.091891421911
2073.5000000000005	-1580.2628854882203
2074.0000000000005	-1579.2976403866073
2074.5000000000005	-1579.02512054898
2075.0000000000005	-1578.8671691778095
2075.5000000000005	-1578.767054236629
2076.0000000000005	-1578.6890071635996
2076.5000000000005	-1578.6246471864486
2077.0000000000005	-1578.5463115823493
2077.5000000000005	-1578.426320071726
2078.0000000000005	-1578.2102807845483
2078.5000000000005	-1578.0508354012818
2079.0000000000005	-1577.8418286791236
2079.5000000000005	-1577.460468118341
2080.0000000000005	-1575.3284090391983
2080.5000000000005	-1574.2258782740523
2081.0000000000005	-1573.927337600265
2081.5000000000005	-1573.7761669161102
2082.0000000000005	-1573.693713799122
2082.5000000000005	-1573.6474692202394
2083.0000000000005	-1573.622614691086
2083.5000000000005	-1573.6060218610962
2084.0000000000005	-1573.59524975607
2084.5000000000005	-1573.5733668697221
2085.0000000000005	-1573.543316169813
2085.5000000000005	-1573.4784405866278
2086.0000000000005	-1573.3735316652178
2086.5000000000005	-1573.1747491588653
2087.0000000000005	-1572.766044038708
2087.5000000000005	-1570.3669276742646
2088.0000000000005	-1569.5654872370308
2088.5000000000005	-1569.274731073044
2089.0000000000005	-1569.115074334085
2089.5000000000005	-1568.9965234246522
2090.0000000000005	-1568.9102086039948
2090.5000000000005	-1568.8125680359603
2091.0000000000005	-1568.7068496936
2091.5000000000005	-1568.5408054408565
2092.0000000000005	-1568.228644368067
2092.5000000000005	-1567.253011517756
2093.0000000000005	-1566.9488491097538
2093.5000000000005	-1566.718259945195
2094.0000000000005	-1566.4499865732935
2094.5000000000005	-1565.944748062102
2095.0000000000005	-1563.445186794637
2095.5000000000005	-1562.7949752015024
2096.0000000000005	-1562.547681865545
2096.5000000000005	-1562.41261317041
2097.0000000000005	-1562.3403665858782
2097.5000000000005	-1562.2986927782292
2098.0000000000005	-1562.2777925811426
2098.5000000000005	-1562.2638694950313
2099.0000000000005	-1562.2548999010883
2099.5000000000005	-1562.2357617246337
2100.0000000000005	-1562.2051487217639
2100.5000000000005	-1562.140749062914
2101.0000000000005	-1562.0271128223687
2101.5000000000005	-1561.8098111572767
2102.0000000000005	-1561.2926985767533
2102.5000000000005	-1558.8022092372312
2103.0000000000005	-1558.2796303917505
2103.5000000000005	-1558.0652804271226
2104.0000000000005	-1557.9483221872258
2104.5000000000005	-1557.8814810824033
2105.0000000000005	-1557.8389585862708
2105.5000000000005	-1557.8098458623745
2106.0000000000005	-1557.781336667896
2106.5000000000005	-1557.7513505783131
2107.0000000000005	-1557.7022756706692
2107.5000000000005	-1557.6351170192881
2108.0000000000005	-1557.5197583070692
2108.5000000000005	-1557.343546753497
2109.0000000000005	-1557.0305330608464
2109.5000000000005	-1556.330013696052
2110.0000000000005	-1553.7415903610186
2110.5000000000005	-1553.0785926315302
2111.0000000000005	-1552.0436245349465
2111.5000000000005	-1551.531957673817
2112.0000000000005	-1551.32158720519
2112.5000000000005	-1551.2048035053087
2113.0000000000005	-1551.1167623797273
2113.5000000000005	-1551.0594386225764
2114.0000000000005	-1550.9992726965656
2114.5000000000005	-1550.9439037051777
2115.0000000000005	-1550.8629166529154
2115.5000000000005	-1550.75641561127
2116.0000000000005	-1550.5760443771997
2116.5000000000005	-1550.2711420775954
2117.0000000000005	-1549.459423531136
2117.5000000000005	-1547.0075526447852
2118.0000000000005	-1546.4670487736526
2118.5000000000005	-1546.2138692904427
2119.0000000000005	-1546.0687002644954
2119.5000000000005	-1545.9833693435276
2120.0000000000005	-1545.9276428771384
2120.5000000000005	-1545.8897315914624
2121.0000000000005	-1545.857095558303
2121.5000000000005	-1545.8273082279186
2122.0000000000005	-1545.7833599348537
2122.5000000000005	-1545.7217041100653
2123.0000000000005	-1545.6221212925002
2123.5000000000005	-1545.4552905140504
2124.0000000000005	-1545.1456681740556
2124.5000000000005	-1544.1416516334064
2125.0000000000005	-1542.0113899278813
2125.5000000000005	-1541.6423394711608
2126.0000000000005	-1541.4447496386692
2126.5000000000005	-1541.3104338842822
2127.0000000000005	-1541.2066947104238
2127.5000000000005	-1541.1061947533342
2128.0000000000005	-1541.0011020762938
2128.5000000000005	-1540.8581942133053
2129.0000000000005	-1540.6487411224152
2129.5000000000005	-1540.1694749575827
2130.0000000000005	-1539.2308675051938
2130.5000000000005	-1538.8074244136587
2131.0000000000005	-1538.489535587032
2131.5000000000005	-1538.0688962437964
2132.0000000000005	-1536.3827282128404
2132.5000000000005	-1534.901321358831
2133.0000000000005	-1534.5771445943117
2133.5000000000005	-1534.4017892388385
2134.0000000000005	-1534.3078601557036
2134.5000000000005	-1534.2461727919979
2135.0000000000005	-1534.2158396375414
2135.5000000000005	-1534.189815266828
2136.0000000000005	-1534.1790731226422
2136.5000000000005	-1534.1545486750856
2137.0000000000005	-1534.1305480290303
2137.5000000000005	-1534.072672955021
2138.0000000000005	-1533.9840691431707
2138.5000000000005	-1533.8114129570458
2139.0000000000005	-1533.4598879115467
2139.5000000000005	-1531.3140504595115
2140.0000000000005	-1530.4348710827057
2140.5000000000005	-1530.167549444999
2141.0000000000005	-1530.035045018655
2141.5000000000005	-1529.957494274116
2142.0000000000005	-1529.9130864306628
2142.5000000000005	-1529.8850860860853
2143.0000000000005	-1529.8621659971548
2143.5000000000005	-1529.8402049607935
2144.0000000000005	-1529.805425135708
2144.5000000000005	-1529.75398924849
2145.0000000000005	-1529.6694636670834
2145.5000000000005	-1529.533919497483
2146.0000000000005	-1529.2989260513568
2146.5000000000005	-1528.8364157545454
2147.0000000000005	-1526.4335980501708
2147.5000000000005	-1525.6366786729043
2148.0000000000005	-1525.1396237419735
2148.5000000000005	-1524.1384855508354
2149.0000000000005	-1523.809338594295
2149.5000000000005	-1523.664110583628
2150.0000000000005	-1523.5725897271036
2150.5000000000005	-1523.521280183451
2151.0000000000005	-1523.4746851758682
2151.5000000000005	-1523.4417451450688
2152.0000000000005	-1523.3901590097862
2152.5000000000005	-1523.3258981840536
2153.0000000000005	-1523.2113976073865
2153.5000000000005	-1523.0130778455057
2154.0000000000005	-1522.5581155836496
2154.5000000000005	-1520.202156410807
2155.0000000000005	-1519.6618246297455
2155.5000000000005	-1519.4540888199224
2156.0000000000005	-1519.3465619769213
2156.5000000000005	-1519.2906738330441
2157.0000000000005	-1519.2633036984064
2157.5000000000005	-1519.2489880317898
2158.0000000000005	-1519.245077213044
2158.5000000000005	-1519.235599354812
2159.0000000000005	-1519.2219548557703
2159.5000000000005	-1519.1880204028614
2160.0000000000005	-1519.1270483548974
2160.5000000000005	-1519.0093792465268
2161.0000000000005	-1518.791956816672
2161.5000000000005	-1518.253413825914
2162.0000000000005	-1515.8959005892957
2162.5000000000005	-1515.4228057313621
2163.0000000000005	-1515.2165204565065
2163.5000000000005	-1515.0864431291673
2164.0000000000005	-1515.0036045870404
2164.5000000000005	-1514.9268282892028
2165.0000000000005	-1514.8603198558
2165.5000000000005	-1514.7685804286407
2166.0000000000005	-1514.650406739915
2166.5000000000005	-1514.4384249840534
2167.0000000000005	-1513.7449811841323
2167.5000000000005	-1513.1450419487162
2168.0000000000005	-1512.8770394374521
2168.5000000000005	-1512.557786475575
2169.0000000000005	-1511.8727047885295
2169.5000000000005	-1509.5592209340516
2170.0000000000005	-1509.147578228589
2170.5000000000005	-1508.9560206617882
2171.0000000000005	-1508.8506274024742
2171.5000000000005	-1508.7929357826224
2172.0000000000005	-1508.7584665366455
2172.5000000000005	-1508.7436081056908
2173.0000000000005	-1508.7292743903065
2173.5000000000005	-1508.7193305779276
2174.0000000000005	-1508.6963919598984
2174.5000000000005	-1508.6596898674798
2175.0000000000005	-1508.584478269742
2175.5000000000005	-1508.4567453050288
2176.0000000000005	-1508.1927005747439
2176.5000000000005	-1507.398241717442
2177.0000000000005	-1505.2658480713876
2177.5000000000005	-1504.927426090459
2178.0000000000005	-1504.75998752805
2178.5000000000005	-1504.6718279764257
2179.0000000000005	-1504.6099264145898
2179.5000000000005	-1504.576559459592
2180.0000000000005	-1504.5401624768378
2180.5000000000005	-1504.5119789714606
2181.0000000000005	-1504.465183962567
2181.5000000000005	-1504.4048035555622
2182.0000000000005	-1504.3057660331397
2182.5000000000005	-1504.1445718076827
2183.0000000000005	-1503.8258147063596
2183.5000000000005	-1503.4077591336372
2184.0000000000005	-1502.1343042982005
2184.5000000000005	-1500.2658932665518
2185.0000000000005	-1499.8041497692898
2185.5000000000005	-1499.3287776300822
2186.0000000000005	-1498.4084329767193
2186.5000000000005	-1498.160797003697
2187.0000000000005	-1498.0362999206675
2187.5000000000005	-1497.9547015668368
2188.0000000000005	-1497.9003584902553
2188.5000000000005	-1497.8520555366388
2189.0000000000005	-1497.805003408586
2189.5000000000005	-1497.7375065214717
2190.0000000000005	-1497.644325622595
2190.5000000000005	-1497.4768227710117
2191.0000000000005	-1497.1554762264118
2191.5000000000005	-1495.2642124714341
2192.0000000000005	-1494.2620608039242
2192.5000000000005	-1493.9950659933552
2193.0000000000005	-1493.8688917321174
2193.5000000000005	-1493.794310856268
2194.0000000000005	-1493.7627868575328
2194.5000000000005	-1493.7386792147636
2195.0000000000005	-1493.7344167550825
2195.5000000000005	-1493.7211140559716
2196.0000000000005	-1493.7108040028259
2196.5000000000005	-1493.680782680834
2197.0000000000005	-1493.6313844557303
2197.5000000000005	-1493.5351889722187
2198.0000000000005	-1493.364403022616
2198.5000000000005	-1492.9959162382731
2199.0000000000005	-1490.8433415307816
2199.5000000000005	-1490.1223196798069
2200.0000000000005	-1489.8697745246875
2200.5000000000005	-1489.730088664074
2201.0000000000005	-1489.636489991589
2201.5000000000005	-1489.5665239110992
2202.0000000000005	-1489.5015200693467
2202.5000000000005	-1489.4317065410166
2203.0000000000005	-1489.3377891092148
2203.5000000000005	-1489.2027796419902
2204.0000000000005	-1488.95365183238
2204.5000000000005	-1488.091289837343
2205.0000000000005	-1487.6685106769203
2205.5000000000005	-1487.3656597769948
2206.0000000000005	-1486.8793613985567
2206.5000000000005	-1484.604545109855
2207.0000000000005	-1484.0101393733848
2207.5000000000005	-1483.7793717973502
2208.0000000000005	-1483.6476750709653
2208.5000000000005	-1483.5785759539508
2209.0000000000005	-1483.532245058217
2209.5000000000005	-1483.5093395216322
2210.0000000000005	-1483.4916806908868
2210.5000000000005	-1483.477909154534
2211.0000000000005	-1483.4556462592273
2211.5000000000005	-1483.4216860323938
2212.0000000000005	-1483.3593219605473
2212.5000000000005	-1483.2507428909207
2213.0000000000005	-1483.048200353045
2213.5000000000005	-1482.5705151899858
2214.0000000000005	-1480.3198573789068
2214.5000000000005	-1479.8470033803153
2215.0000000000005	-1479.6499717533407
2215.5000000000005	-1479.5362860593254
2216.0000000000005	-1479.470086590178
2216.5000000000005	-1479.4205781784194
2217.0000000000005	-1479.38622911168
2217.5000000000005	-1479.3451091956576
2218.0000000000005	-1479.3056510485196
2218.5000000000005	-1479.2394825555216
2219.0000000000005	-1479.1538694992805
2219.5000000000005	-1479.0105649844784
2220.0000000000005	-1478.7825461572274
2220.5000000000005	-1478.3718271304976
2221.0000000000005	-1477.6635599285876
2221.5000000000005	-1475.3290205751694
2222.0000000000005	-1474.8002724393841
2222.5000000000005	-1474.4356040440664
2223.0000000000005	-1473.8798334486228
2223.5000000000005	-1473.1227516772076
2224.0000000000005	-1472.9224076896508
2224.5000000000005	-1472.810441581212
2225.0000000000005	-1472.731829154125
2225.5000000000005	-1472.6721358398352
2226.0000000000005	-1472.61350420033
2226.5000000000005	-1472.5481582038915
2227.0000000000005	-1472.4541215729319
2227.5000000000005	-1472.3160645685537
2228.0000000000005	-1472.058455326428
2228.5000000000005	-1471.3666020788773
2229.0000000000005	-1469.2595634691452
2229.5000000000005	-1468.9148853833533
2230.0000000000005	-1468.7465358276274
2230.5000000000005	-1468.6588348398707
2231.0000000000005	-1468.600101468015
2231.5000000000005	-1468.570174493265
2232.0000000000005	-1468.544405324279
2232.5000000000005	-1468.5238773350252
2233.0000000000005	-1468.4985766558584
2233.5000000000005	-1468.45925355171
2234.0000000000005	-1468.3980178252953
2234.5000000000005	-1468.2932745173468
2235.0000000000005	-1468.1141930903977
2235.5000000000005	-1467.7395561965786
2236.0000000000005	-1466.7172245100526
2236.5000000000005	-1464.7970341551775
2237.0000000000005	-1464.4637704541174
2237.5000000000005	-1464.2819453024981
2238.0000000000005	-1464.1741184447958
2238.5000000000005	-1464.0875818747943
2239.0000000000005	-1464.0235595563029
2239.5000000000005	-1463.952643818854
2240.0000000000005	-1463.876688505058
2240.5000000000005	-1463.7685513514703
2241.0000000000005	-1463.6111177698406
2241.5000000000005	-1463.3056520212215
2242.0000000000005	-1462.4041331531457
2242.5000000000005	-1462.0368548376564
2243.0000000000005	-1461.6403607765383
2243.5000000000005	-1460.0521569939992
2244.0000000000005	-1458.7762824061933
2244.5000000000005	-1458.4846843104765
2245.0000000000005	-1458.3322814385892
2245.5000000000005	-1458.2496610987184
2246.0000000000005	-1458.1976328293297
2246.5000000000005	-1458.1742840133454
2247.0000000000005	-1458.1540067480003
2247.5000000000005	-1458.1481552930322
2248.0000000000005	-1458.129573372655
2248.5000000000005	-1458.108433740603
2249.0000000000005	-1458.062341215496
2249.5000000000005	-1457.9828457664048
2250.0000000000005	-1457.8316930755989
2250.5000000000005	-1457.5135649028382
2251.0000000000005	-1455.5677546616193
2251.5000000000005	-1454.7889078000862
2252.0000000000005	-1454.5555236072248
2252.5000000000005	-1454.4355995070505
2253.0000000000005	-1454.3743923765114
2253.5000000000005	-1454.335273347339
2254.0000000000005	-1454.316349420172
2254.5000000000005	-1454.299469375598
2255.0000000000005	-1454.2870328851723
2255.5000000000005	-1454.2595545111399
2256.0000000000005	-1454.2236489100585
2256.5000000000005	-1454.1514320459642
2257.0000000000005	-1454.0424240423083
2257.5000000000005	-1453.8417526731962
2258.0000000000005	-1453.4393275592206
2258.5000000000005	-1451.2942287524336
2259.0000000000005	-1450.6262916950275
2259.5000000000005	-1450.3092920571398
2260.0000000000005	-1450.0180869509245
2260.5000000000005	-1449.2732699379364
2261.0000000000005	-1448.8461742741822
2261.5000000000005	-1448.7073674893682
2262.0000000000005	-1448.6234835972666
2262.5000000000005	-1448.5733345401406
2263.0000000000005	-1448.5231760751078
2263.5000000000005	-1448.478001224748
2264.0000000000005	-1448.4062298180063
2264.5000000000005	-1448.3036505614612
2265.0000000000005	-1448.115727690365
2265.5000000000005	-1447.7022954344432
2266.0000000000005	-1445.5662383882743
2266.5000000000005	-1445.0831839413493
2267.0000000000005	-1444.8930033879979
2267.5000000000005	-1444.7961954808575
2268.0000000000005	-1444.7464163918064
2268.5000000000005	-1444.7186946524248
2269.0000000000005	-1444.7102774996106
2269.5000000000005	-1444.7017723894346
2270.0000000000005	-1444.6987461456324
2270.5000000000005	-1444.6823566611831
2271.0000000000005	-1444.6576031203795
2271.5000000000005	-1444.5974540679401
2272.0000000000005	-1444.4981013785334
2272.5000000000005	-1444.2960849966641
2273.0000000000005	-1443.816033685482
2273.5000000000005	-1441.6808850904877
2274.0000000000005	-1441.2615131769687
2274.5000000000005	-1441.075812979138
2275.0000000000005	-1440.9668148422168
2275.5000000000005	-1440.8956045044545
2276.0000000000005	-1440.8398100844317
2276.5000000000005	-1440.7899903759842
2277.0000000000005	-1440.7310493779864
2277.5000000000005	-1440.65874647883
2278.0000000000005	-1440.5451126536223
2278.5000000000005	-1440.3718098964869
2279.0000000000005	-1439.9742215551366
2279.5000000000005	-1439.1201450727904
2280.0000000000005	-1438.732187892666
2280.5000000000005	-1438.074447234726
2281.0000000000005	-1435.9559281290533
2281.5000000000005	-1435.567406269332
2282.0000000000005	-1435.3810256137463
2282.5000000000005	-1435.276545505673
2283.0000000000005	-1435.2142163572885
2283.5000000000005	-1435.1742613699014
2284.0000000000005	-1435.1523242247345
2284.5000000000005	-1435.1308202206335
2285.0000000000005	-1435.1132425578915
2285.5000000000005	-1435.0811245535253
2286.0000000000005	-1435.0360925798557
2286.5000000000005	-1434.952853480559
2287.0000000000005	-1434.8175408879738
2287.5000000000005	-1434.5476303892813
2288.0000000000005	-1433.774323353426
2288.5000000000005	-1431.7174772025087
2289.0000000000005	-1431.3642454161156
2289.5000000000005	-1431.193296927868
2290.0000000000005	-1431.0980932870202
2290.5000000000005	-1431.0417793895708
2291.0000000000005	-1431.0052055515437
2291.5000000000005	-1430.980733096889
2292.0000000000005	-1430.9576895996686
2292.5000000000005	-1430.9332726591235
2293.0000000000005	-1430.8928814024366
2293.5000000000005	-1430.837214856031
2294.0000000000005	-1430.738213319081
2294.5000000000005	-1430.5840321864557
2295.0000000000005	-1430.284297571676
2295.5000000000005	-1429.22631116129
2296.0000000000005	-1427.5375789751008
2296.5000000000005	-1427.1881035304305
2297.0000000000005	-1426.937360188908
2297.5000000000005	-1426.6517014341227
2298.0000000000005	-1425.8403532576851
2298.5000000000005	-1425.5725437180045
2299.0000000000005	-1425.4565612530077
2299.5000000000005	-1425.382541834407
2300.0000000000005	-1425.3308270914765
2300.5000000000005	-1425.2758656589606
2301.0000000000005	-1425.2158792898845
2301.5000000000005	-1425.1218293649645
2302.0000000000005	-1424.9758638744802
2302.5000000000005	-1424.6793672032197
2303.0000000000005	-1423.0284611746235
2303.5000000000005	-1422.054531049297
2304.0000000000005	-1421.8149192066887
2304.5000000000005	-1421.6929250913718
2305.0000000000005	-1421.6291057635074
2305.5000000000005	-1421.595009271903
2306.0000000000005	-1421.576648955641
2306.5000000000005	-1421.5687820424343
2307.0000000000005	-1421.5600291755384
2307.5000000000005	-1421.5486439838742
2308.0000000000005	-1421.523023699761
2308.5000000000005	-1421.4795578564774
2309.0000000000005	-1421.3919727318325
2309.5000000000005	-1421.2428668643934
2310.0000000000005	-1420.913429237113
2310.5000000000005	-1418.9941048633707
2311.0000000000005	-1418.3084980448932
2311.5000000000005	-1418.0801612062392
2312.0000000000005	-1417.9526646458057
2312.5000000000005	-1417.8724409493764
2313.0000000000005	-1417.8123061317008
2313.5000000000005	-1417.7624164958374
2314.0000000000005	-1417.7107818990867
2314.5000000000005	-1417.645583755037
2315.0000000000005	-1417.5605716283865
2315.5000000000005	-1417.4272262298127
2316.0000000000005	-1417.2142321111144
2316.5000000000005	-1416.5983592330783
2317.0000000000005	-1415.902103476116
2317.5000000000005	-1415.3975599322791
2318.0000000000005	-1413.3098362044052
2318.5000000000005	-1412.7247063800733
2319.0000000000005	-1412.489761151202
2319.5000000000005	-1412.3522537338804
2320.0000000000005	-1412.2683689329185
2320.5000000000005	-1412.2095272565525
2321.0000000000005	-1412.1638043915357
2321.5000000000005	-1412.125434730407
2322.0000000000005	-1412.0768646836907
2322.5000000000005	-1412.0130053468883
2323.0000000000005	-1411.8939809645915
2323.5000000000005	-1411.7116540582876
2324.0000000000005	-1411.538977748154
2324.5000000000005	-1411.323000575533
2325.0000000000005	-1410.8767587990706
2325.5000000000005	-1408.8248002947082
2326.0000000000005	-1408.3663144759057
2326.5000000000005	-1408.1755569981617
2327.0000000000005	-1408.0685047613174
2327.5000000000005	-1408.0041973530044
2328.0000000000005	-1407.964501351608
2328.5000000000005	-1407.9355285672646
2329.0000000000005	-1407.9124410917057
2329.5000000000005	-1407.8863571448194
2330.0000000000005	-1407.8539230689946
2330.5000000000005	-1407.799623735448
2331.0000000000005	-1407.7233460181126
2331.5000000000005	-1407.5891578194125
2332.0000000000005	-1407.3668062126555
2332.5000000000005	-1406.8403928101407
2333.0000000000005	-1404.7787825504147
2333.5000000000005	-1404.3385692320242
2334.0000000000005	-1404.0897183874265
2334.5000000000005	-1403.8676487270575
2335.0000000000005	-1403.5449936788252
2335.5000000000005	-1402.7742537087565
2336.0000000000005	-1402.575145150614
2336.5000000000005	-1402.4729621458987
2337.0000000000005	-1402.396460965985
2337.5000000000005	-1402.3350139061401
2338.0000000000005	-1402.261157448376
2338.5000000000005	-1402.1713860100037
2339.0000000000005	-1402.0302941654193
2339.5000000000005	-1401.7932039209395
2340.0000000000005	-1401.175896979225
2340.5000000000005	-1399.183650961524
2341.0000000000005	-1398.7353828470298
2341.5000000000005	-1398.5397421156733
2342.0000000000005	-1398.434562608767
2342.5000000000005	-1398.3738593033675
2343.0000000000005	-1398.339835255847
2343.5000000000005	-1398.31715682218
2344.0000000000005	-1398.3023125887973
2344.5000000000005	-1398.2850811983465
2345.0000000000005	-1398.264030237289
2345.5000000000005	-1398.2206418449096
2346.0000000000005	-1398.1564302060542
2346.5000000000005	-1398.0302879778187
2347.0000000000005	-1397.7997793841262
2347.5000000000005	-1397.0539124155873
2348.0000000000005	-1395.2660512866235
2348.5000000000005	-1394.972166526284
2349.0000000000005	-1394.8268529622546
2349.5000000000005	-1394.7380372131786
2350.0000000000005	-1394.6800933573468
2350.5000000000005	-1394.6348859024731
2351.0000000000005	-1394.5909102671285
2351.5000000000005	-1394.544576127933
2352.0000000000005	-1394.4776559277807
2352.5000000000005	-1394.3882612195603
2353.0000000000005	-1394.2402505255645
2353.5000000000005	-1393.984142775756
2354.0000000000005	-1393.1421611633436
2354.5000000000005	-1392.618356726449
2355.0000000000005	-1391.3889211493959
2355.5000000000005	-1389.9480792052543
2356.0000000000005	-1389.6573089372466
2356.5000000000005	-1389.5104956218293
2357.0000000000005	-1389.4266381046039
2357.5000000000005	-1389.3767677758137
2358.0000000000005	-1389.3518022450767
2358.5000000000005	-1389.3344152644092
2359.0000000000005	-1389.3252086323603
2359.5000000000005	-1389.311658302699
2360.0000000000005	-1389.2941026087806
2360.5000000000005	-1389.2522630674969
2361.0000000000005	-1389.1866276462717
2361.5000000000005	-1389.0514104455756
2362.0000000000005	-1388.7796648264498
2362.5000000000005	-1387.1141426549161
2363.0000000000005	-1386.3000745101024
2363.5000000000005	-1386.0792308133475
2364.0000000000005	-1385.9707809023996
2364.5000000000005	-1385.910493351783
2365.0000000000005	-1385.8802724194109
2365.5000000000005	-1385.863774180037
2366.0000000000005	-1385.850876907802
2366.5000000000005	-1385.842532805313
2367.0000000000005	-1385.8211821656384
2367.5000000000005	-1385.7943845161526
2368.0000000000005	-1385.7355925309785
2368.5000000000005	-1385.6447955459523
2369.0000000000005	-1385.4759670509757
2369.5000000000005	-1385.138749462924
2370.0000000000005	-1383.246008090791
2370.5000000000005	-1382.6053826266689
2371.0000000000005	-1382.339661006957
2371.5000000000005	-1382.1530831166585
2372.0000000000005	-1381.9485323967563
2372.5000000000005	-1381.502565569695
2373.0000000000005	-1380.9127339316526
2373.5000000000005	-1380.7768565276474
2374.0000000000005	-1380.6929833702588
2374.5000000000005	-1380.6392830514874
2375.0000000000005	-1380.5808920599306
2375.5000000000005	-1380.5147384843392
2376.0000000000005	-1380.4150732867413
2376.5000000000005	-1380.2457278206891
2377.0000000000005	-1379.8808621053952
2377.5000000000005	-1377.946925859819
2378.0000000000005	-1377.484810439328
2378.5000000000005	-1377.304675647211
2379.0000000000005	-1377.2172910780275
2379.5000000000005	-1377.1638303115176
2380.0000000000005	-1377.1439680318806
2380.5000000000005	-1377.127306967956
2381.0000000000005	-1377.1249586935403
2381.5000000000005	-1377.1155794537076
2382.0000000000005	-1377.1044205835585
2382.5000000000005	-1377.0767744359034
2383.0000000000005	-1377.0274543876405
2383.5000000000005	-1376.9317486026846
2384.0000000000005	-1376.7552293990675
2384.5000000000005	-1376.323706637402
2385.0000000000005	-1374.3827430296699
2385.5000000000005	-1374.000257188489
2386.0000000000005	-1373.8262570718566
2386.5000000000005	-1373.7336058081353
2387.0000000000005	-1373.6649759362283
2387.5000000000005	-1373.6207256985385
2388.0000000000005	-1373.5754441263111
2388.5000000000005	-1373.5331535997939
2389.0000000000005	-1373.4727928891277
2389.5000000000005	-1373.396345119698
2390.0000000000005	-1373.2771525793398
2390.5000000000005	-1373.0921696644496
2391.0000000000005	-1372.73381842854
2391.5000000000005	-1371.805622447954
2392.0000000000005	-1371.0811225439375
2392.5000000000005	-1369.09958572151
2393.0000000000005	-1368.6778034362603
2393.5000000000005	-1368.3850577239853
2394.0000000000005	-1368.2428351865167
2394.5000000000005	-1368.1549761594347
2395.0000000000005	-1368.108859496691
2395.5000000000005	-1368.0714953064312
2396.0000000000005	-1368.0521550444664
2396.5000000000005	-1368.0284296140803
2397.0000000000005	-1368.0035485660205
2397.5000000000005	-1367.96462820022
2398.0000000000005	-1367.9003153377967
2398.5000000000005	-1367.7874246158185
2399.0000000000005	-1367.5680198324837
2399.5000000000005	-1366.87304182722
2400.0000000000005	-1365.1591658587074
2400.5000000000005	-1364.8905676898537
2401.0000000000005	-1364.757344132135
2401.5000000000005	-1364.6928010056927
2402.0000000000005	-1364.6492036636907
2402.5000000000005	-1364.6285461431235
2403.0000000000005	-1364.6127000773677
2403.5000000000005	-1364.6020881092104
2404.0000000000005	-1364.582414753504
2404.5000000000005	-1364.5563619186407
2405.0000000000005	-1364.5064049883222
2405.5000000000005	-1364.426250427366
2406.0000000000005	-1364.2868735677853
2406.5000000000005	-1364.0149414007587
2407.0000000000005	-1362.8198744015722
2407.5000000000005	-1361.5430318242336
2408.0000000000005	-1361.259562787108
2408.5000000000005	-1361.0714487137925
2409.0000000000005	-1360.9113528358387
2409.5000000000005	-1360.6940561917688
2410.0000000000005	-1360.0054969372625
2410.5000000000005	-1359.721530483876
2411.0000000000005	-1359.6139711568856
2411.5000000000005	-1359.539847272323
2412.0000000000005	-1359.4775861648602
2412.5000000000005	-1359.4102717108894
2413.0000000000005	-1359.3169807767129
2413.5000000000005	-1359.170439093209
2414.0000000000005	-1358.8811393797248
2414.5000000000005	-1357.197745802779
2415.0000000000005	-1356.4926401201153
2415.5000000000005	-1356.2853041719254
2416.0000000000005	-1356.1724582350944
2416.5000000000005	-1356.1189827840105
2417.0000000000005	-1356.0814410768264
2417.5000000000005	-1356.0659975972528
2418.0000000000005	-1356.052081141346
2418.5000000000005	-1356.0428854365941
2419.0000000000005	-1356.0258373766876
2419.5000000000005	-1355.999200965585
2420.0000000000005	-1355.9495605844447
2420.5000000000005	-1355.8645264198178
2421.0000000000005	-1355.7117058861359
2421.5000000000005	-1355.3789577528255
2422.0000000000005	-1353.5459634300291
2422.5000000000005	-1353.0146056291032
2423.0000000000005	-1352.8145743726998
2423.5000000000005	-1352.690932467713
2424.0000000000005	-1352.6102474997826
2424.5000000000005	-1352.5385479317667
2425.0000000000005	-1352.4731859895194
2425.5000000000005	-1352.3857737999344
2426.0000000000005	-1352.2603990212906
2426.5000000000005	-1352.078381953225
2427.0000000000005	-1351.9250422762216
2427.5000000000005	-1351.750605518168
2428.0000000000005	-1351.492614283666
2428.5000000000005	-1350.9063817003505
2429.0000000000005	-1349.9674926384203
2429.5000000000005	-1347.9701265103024
2430.0000000000005	-1347.4834883715107
2430.5000000000005	-1347.2717058106166
2431.0000000000005	-1347.1428013589814
2431.5000000000005	-1347.0718198273566
2432.0000000000005	-1347.0201399473528
2432.5000000000005	-1346.9919656832665
2433.0000000000005	-1346.9681995109406
2433.5000000000005	-1346.9491535037878
2434.0000000000005	-1346.925782517211
2434.5000000000005	-1346.891413289705
2435.0000000000005	-1346.8338755667978
2435.5000000000005	-1346.7381517276951
2436.0000000000005	-1346.5596998524097
2436.5000000000005	-1346.1110750679425
2437.0000000000005	-1344.2730602821825
2437.5000000000005	-1343.927338041633
2438.0000000000005	-1343.782771934382
2438.5000000000005	-1343.6969472318146
2439.0000000000005	-1343.6521828170467
2439.5000000000005	-1343.6212778810495
2440.0000000000005	-1343.6040560216939
2440.5000000000005	-1343.5843336571652
2441.0000000000005	-1343.5659962510665
2441.5000000000005	-1343.5347035986986
2442.0000000000005	-1343.4872651915564
2442.5000000000005	-1343.4115475496453
2443.0000000000005	-1343.2820437055188
2443.5000000000005	-1343.056938482478
2444.0000000000005	-1342.4583253736132
2444.5000000000005	-1340.6545832944753
2445.0000000000005	-1340.2939095120037
2445.5000000000005	-1340.0539350770891
2446.0000000000005	-1339.7927583435871
2446.5000000000005	-1339.5963349798405
2447.0000000000005	-1339.2977717554477
2447.5000000000005	-1338.60350565012
2448.0000000000005	-1338.4228079673742
2448.5000000000005	-1338.3244782526415
2449.0000000000005	-1338.2520698174949
2449.5000000000005	-1338.1792401861765
2450.0000000000005	-1338.0918367288073
2450.5000000000005	-1337.9606121580891
2451.0000000000005	-1337.730100096333
2451.5000000000005	-1336.9525627152323
2452.0000000000005	-1335.4062318558313
2452.5000000000005	-1335.148338223542
2453.0000000000005	-1335.0324262907748
2453.5000000000005	-1334.9632486410594
2454.0000000000005	-1334.9305554467414
2454.5000000000005	-1334.9106315504464
2455.0000000000005	-1334.9033873337103
2455.5000000000005	-1334.8958408833898
2456.0000000000005	-1334.88884122261
2456.5000000000005	-1334.869908253719
2457.0000000000005	-1334.8363806805526
2457.5000000000005	-1334.7736145257156
2458.0000000000005	-1334.651866735925
2458.5000000000005	-1334.4117268627213
2459.0000000000005	-1333.05382213371
2459.5000000000005	-1332.1092556771357
2460.0000000000005	-1331.883257434275
2460.5000000000005	-1331.772540344803
2461.0000000000005	-1331.7021811016207
2461.5000000000005	-1331.6608657131085
2462.0000000000005	-1331.6239117860737
2462.5000000000005	-1331.5966113390941
2463.0000000000005	-1331.5601155242937
2463.5000000000005	-1331.5129376139107
2464.0000000000005	-1331.4448474469018
2464.5000000000005	-1331.3374873796922
2465.0000000000005	-1331.1686272917896
2465.5000000000005	-1330.8511029773047
2466.0000000000005	-1329.9086893923713
2466.5000000000005	-1328.0159435930811
2467.0000000000005	-1327.3382397211822
2467.5000000000005	-1327.0909953198138
2468.0000000000005	-1326.9661293852157
2468.5000000000005	-1326.8875733318298
2469.0000000000005	-1326.845999705745
2469.5000000000005	-1326.8199272819782
2470.0000000000005	-1326.8049673049718
2470.5000000000005	-1326.7945964366784
2471.0000000000005	-1326.7808969300174
2471.5000000000005	-1326.758696019685
2472.0000000000005	-1326.718096464334
2472.5000000000005	-1326.6473528538024
2473.0000000000005	-1326.5043159113807
2473.5000000000005	-1326.195461521528
2474.0000000000005	-1324.4274552326133
2474.5000000000005	-1323.9779791179033
2475.0000000000005	-1323.8077237580721
2475.5000000000005	-1323.72472033164
2476.0000000000005	-1323.6778378494346
2476.5000000000005	-1323.6551702142326
2477.0000000000005	-1323.6404725063726
2477.5000000000005	-1323.633605719821
2478.0000000000005	-1323.624735237873
2478.5000000000005	-1323.606374841277
2479.0000000000005	-1323.579502260723
2479.5000000000005	-1323.521389307624
2480.0000000000005	-1323.4316169332685
2480.5000000000005	-1323.2550660854868
2481.0000000000005	-1322.8651141848118
2481.5000000000005	-1321.0475457326966
2482.0000000000005	-1320.64480930748
2482.5000000000005	-1320.44483712802
2483.0000000000005	-1320.3067048025837
2483.5000000000005	-1320.1724019529197
2484.0000000000005	-1319.997513233189
2484.5000000000005	-1319.4157750120296
2485.0000000000005	-1319.079498124394
2485.5000000000005	-1318.9712548872167
2486.0000000000005	-1318.895715415226
2486.5000000000005	-1318.8330971795403
2487.0000000000005	-1318.7541731010886
2487.5000000000005	-1318.64907995218
2488.0000000000005	-1318.458327018059
2488.5000000000005	-1318.0062444816792
2489.0000000000005	-1316.244231537087
2489.5000000000005	-1315.9311735988313
2490.0000000000005	-1315.790492137099
2490.5000000000005	-1315.7152129876345
2491.0000000000005	-1315.6756495174554
2491.5000000000005	-1315.6528203978337
2492.0000000000005	-1315.6413808083669
2492.5000000000005	-1315.6321967320753
2493.0000000000005	-1315.623930175177
2493.5000000000005	-1315.6028705451502
2494.0000000000005	-1315.574097941557
2494.5000000000005	-1315.5096069463546
2495.0000000000005	-1315.4092127891076
2495.5000000000005	-1315.2038730401282
2496.0000000000005	-1314.628798097555
2496.5000000000005	-1312.9552504089697
2497.0000000000005	-1312.6657159659587
2497.5000000000005	-1312.5058371126531
2498.0000000000005	-1312.3712994820382
2498.5000000000005	-1312.2213262221042
2499.0000000000005	-1312.1481961499148
2499.5000000000005	-1312.0985647256848
2500.0000000000005	-1312.0465636624633
2500.5000000000005	-1311.9992204629684
2501.0000000000005	-1311.9267664454537
2501.5000000000005	-1311.833268227446
2502.0000000000005	-1311.6832484260178
2502.5000000000005	-1311.4417957550058
2503.0000000000005	-1310.8615661850033
2503.5000000000005	-1309.5176525469565
2504.0000000000005	-1307.9808751527376
2504.5000000000005	-1307.686311337188
2505.0000000000005	-1307.5316873329664
2505.5000000000005	-1307.4416683372638
2506.0000000000005	-1307.389622694537
2506.5000000000005	-1307.3553125774054
2507.0000000000005	-1307.3372743922368
2507.5000000000005	-1307.3205310284566
2508.0000000000005	-1307.3078030018635
2508.5000000000005	-1307.283219603755
2509.0000000000005	-1307.2504790049486
2509.5000000000005	-1307.1813516189866
2510.0000000000005	-1307.0700334119235
2510.5000000000005	-1306.8284903980857
2511.0000000000005	-1305.463433120318
2511.5000000000005	-1304.6273787561922
2512.0000000000005	-1304.4235383839434
2512.5000000000005	-1304.3227338353474
2513.0000000000005	-1304.2677775932023
2513.5000000000005	-1304.2357442057605
2514.0000000000005	-1304.2191641468994
2514.5000000000005	-1304.209708670376
2515.0000000000005	-1304.1952574014515
2515.5000000000005	-1304.1829463915492
2516.0000000000005	-1304.1502043123203
2516.5000000000005	-1304.1061024606256
2517.0000000000005	-1304.020519044325
2517.5000000000005	-1303.878598301727
2518.0000000000005	-1303.5851029371102
2518.5000000000005	-1301.9411641922418
2519.0000000000005	-1301.3459758312285
2519.5000000000005	-1301.1231937094374
2520.0000000000005	-1300.9737182239994
2520.5000000000005	-1300.8448950385637
2521.0000000000005	-1300.6978957991084
2521.5000000000005	-1300.4095095196428
2522.0000000000005	-1299.792340356977
2522.5000000000005	-1299.6409087822399
2523.0000000000005	-1299.5564855195983
2523.5000000000005	-1299.4816408419174
2524.0000000000005	-1299.407111690814
2524.5000000000005	-1299.2999919639153
2525.0000000000005	-1299.1414534063135
2525.5000000000005	-1298.808564041288
2526.0000000000005	-1297.093792316524
2526.5000000000005	-1296.6406878708326
2527.0000000000005	-1296.457429536872
2527.5000000000005	-1296.352362501786
2528.0000000000005	-1296.2761341533314
2528.5000000000005	-1296.2089324645947
2529.0000000000005	-1296.1151789268054
2529.5000000000005	-1296.0020542294876
2530.0000000000005	-1295.9346361286487
2530.5000000000005	-1295.8918510135427
2531.0000000000005	-1295.8382589022779
2531.5000000000005	-1295.7800376211605
2532.0000000000005	-1295.680237747824
2532.5000000000005	-1295.517228867796
2533.0000000000005	-1295.1443502691031
2533.5000000000005	-1293.4175582644357
2534.0000000000005	-1293.0479351586207
2534.5000000000005	-1292.8894070196693
2535.0000000000005	-1292.7967608784334
2535.5000000000005	-1292.7381102224247
2536.0000000000005	-1292.6973289024781
2536.5000000000005	-1292.6591093603924
2537.0000000000005	-1292.6278491378
2537.5000000000005	-1292.5821204094536
2538.0000000000005	-1292.5292328824396
2538.5000000000005	-1292.4445368958845
2539.0000000000005	-1292.324298749171
2539.5000000000005	-1292.122721535951
2540.0000000000005	-1291.73810771584
2540.5000000000005	-1290.6690611290758
2541.0000000000005	-1288.8313363590275
2541.5000000000005	-1288.4539882839863
2542.0000000000005	-1288.2751496961287
2542.5000000000005	-1288.17240535667
2543.0000000000005	-1288.108707123277
2543.5000000000005	-1288.0712607367975
2544.0000000000005	-1288.04452622315
2544.5000000000005	-1288.0266149545896
2545.0000000000005	-1288.0082637016133
2545.5000000000005	-1287.9885154248389
2546.0000000000005	-1287.9493298816797
2546.5000000000005	-1287.8959417131525
2547.0000000000005	-1287.7911432018702
2547.5000000000005	-1287.6057871282271
2548.0000000000005	-1287.0679768582918
2548.5000000000005	-1285.4603344098136
2549.0000000000005	-1285.1864304699152
2549.5000000000005	-1285.0503624099156
2550.0000000000005	-1284.955434190194
2550.5000000000005	-1284.8550227662831
2551.0000000000005	-1284.7451348799211
2551.5000000000005	-1284.6990962191326
2552.0000000000005	-1284.671823006235
2552.5000000000005	-1284.6423775555472
2553.0000000000005	-1284.6131308331442
2553.5000000000005	-1284.5637032540367
2554.0000000000005	-1284.4934471301776
2554.5000000000005	-1284.3702640696786
2555.0000000000005	-1284.1502604358063
2555.5000000000005	-1283.4024781050637
2556.0000000000005	-1281.9639201730506
2556.5000000000005	-1281.6941204113114
2557.0000000000005	-1281.538470043916
2557.5000000000005	-1281.4111234105465
2558.0000000000005	-1281.2778619788576
2558.5000000000005	-1281.0732717634546
2559.0000000000005	-1280.4361520098155
2559.5000000000005	-1280.2521351522694
2560.0000000000005	-1280.1637552998193
2560.5000000000005	-1280.100052956212
2561.0000000000005	-1280.0336696957972
2561.5000000000005	-1279.9561666223938
2562.0000000000005	-1279.8270861320318
2562.5000000000005	-1279.5985951720909
2563.0000000000005	-1278.3682998843863
2563.5000000000005	-1277.4730329351746
2564.0000000000005	-1277.2682002978383
2564.5000000000005	-1277.1714187067762
2565.0000000000005	-1277.1167623116276
2565.5000000000005	-1277.0912933704249
2566.0000000000005	-1277.0766463459215
2566.5000000000005	-1277.0721518507369
2567.0000000000005	-1277.0688848413138
2567.5000000000005	-1277.0601627113235
2568.0000000000005	-1277.0471166831405
2568.5000000000005	-1277.0124388749898
2569.0000000000005	-1276.9530181720033
2569.5000000000005	-1276.8334500762278
2570.0000000000005	-1276.5865769850063
2570.5000000000005	-1275.0629330403274
2571.0000000000005	-1274.490923856603
2571.5000000000005	-1274.3018084536195
2572.0000000000005	-1274.211129361275
2572.5000000000005	-1274.1515081196396
2573.0000000000005	-1274.114974512805
2573.5000000000005	-1274.0859864510167
2574.0000000000005	-1274.059053511903
2574.5000000000005	-1274.0273923834918
2575.0000000000005	-1273.9838343400222
2575.5000000000005	-1273.9183670313992
2576.0000000000005	-1273.8195500403347
2576.5000000000005	-1273.6612124321693
2577.0000000000005	-1273.3617385777543
2577.5000000000005	-1272.473881619423
2578.0000000000005	-1270.6506409583137
2578.5000000000005	-1270.135748069185
2579.0000000000005	-1269.9258877274715
2579.5000000000005	-1269.814664626017
2580.0000000000005	-1269.7493079476396
2580.5000000000005	-1269.7130386003923
2581.0000000000005	-1269.6894339380226
2581.5000000000005	-1269.6781051900477
2582.0000000000005	-1269.6668483396493
2582.5000000000005	-1269.6548039878166
2583.0000000000005	-1269.6338325557635
2583.5000000000005	-1269.591873184126
2584.0000000000005	-1269.5233348338336
2584.5000000000005	-1269.3832811064815
2585.0000000000005	-1269.0650927631166
2585.5000000000005	-1267.4207802925873
2586.0000000000005	-1267.0641261585888
2586.5000000000005	-1266.91844533696
2587.0000000000005	-1266.848179314295
2587.5000000000005	-1266.8047337581847
2588.0000000000005	-1266.786322797441
2588.5000000000005	-1266.7724415915413
2589.0000000000005	-1266.7649947032166
2589.5000000000005	-1266.7547289492006
2590.0000000000005	-1266.7368652359417
2590.5000000000005	-1266.7073020170135
2591.0000000000005	-1266.6528231768757
2591.5000000000005	-1266.561116659823
2592.0000000000005	-1266.3902628304058
2592.5000000000005	-1265.992063754822
2593.0000000000005	-1264.3290524787917
2593.5000000000005	-1263.9925388514137
2594.0000000000005	-1263.8113969602057
2594.5000000000005	-1263.6849767063138
2595.0000000000005	-1263.5545314010758
2595.5000000000005	-1263.3765303504522
2596.0000000000005	-1262.7764253544985
2596.5000000000005	-1262.5467106075585
2597.0000000000005	-1262.4507965508024
2597.5000000000005	-1262.385245936452
2598.0000000000005	-1262.3219726243287
2598.5000000000005	-1262.2478798911268
2599.0000000000005	-1262.142465396066
2599.5000000000005	-1261.9548127023427
2600.0000000000005	-1261.4866067241085
2600.5000000000005	-1259.8957518051277
2601.0000000000005	-1259.6222961208116
2601.5000000000005	-1259.4848818860473
2602.0000000000005	-1259.4041394500973
2602.5000000000005	-1259.3377385382964
2603.0000000000005	-1259.2471781543434
2603.5000000000005	-1259.1602221122666
2604.0000000000005	-1259.1281559928448
2604.5000000000005	-1259.1025270539583
2605.0000000000005	-1259.0770275192722
2605.5000000000005	-1259.0408560809992
2606.0000000000005	-1258.9802554965613
2606.5000000000005	-1258.8833121860798
2607.0000000000005	-1258.6902748639945
2607.5000000000005	-1258.0992389520538
2608.0000000000005	-1256.6358157189193
2608.5000000000005	-1256.3993650959724
2609.0000000000005	-1256.2771790079366
2609.5000000000005	-1256.210491765836
2610.0000000000005	-1256.159815723621
2610.5000000000005	-1256.1287670394752
2611.0000000000005	-1256.0958771638352
2611.5000000000005	-1256.062782833299
2612.0000000000005	-1256.0194124380798
2612.5000000000005	-1255.958523547952
2613.0000000000005	-1255.867866997618
2613.5000000000005	-1255.7246040119262
2614.0000000000005	-1255.4722005791548
2614.5000000000005	-1254.704228904024
2615.0000000000005	-1253.5671992309622
2615.5000000000005	-1252.3381052028922
2616.0000000000005	-1252.0887874158996
2616.5000000000005	-1251.9525415988835
2617.0000000000005	-1251.8794670845175
2617.5000000000005	-1251.831029521349
2618.0000000000005	-1251.8037036940095
2618.5000000000005	-1251.7864449317026
2619.0000000000005	-1251.775057454624
2619.5000000000005	-1251.7594934699991
2620.0000000000005	-1251.740494273926
2620.5000000000005	-1251.7047812095786
2621.0000000000005	-1251.6439088823277
2621.5000000000005	-1251.5354359853116
2622.0000000000005	-1251.30531789589
2622.5000000000005	-1249.964683580839
2623.0000000000005	-1249.284773924248
2623.5000000000005	-1249.1034499769748
2624.0000000000005	-1249.0070606293643
2624.5000000000005	-1248.9571296149563
2625.0000000000005	-1248.922788316932
2625.5000000000005	-1248.9055360344692
2626.0000000000005	-1248.8863563681537
2626.5000000000005	-1248.8731247822795
2627.0000000000005	-1248.8496471190244
2627.5000000000005	-1248.8165284982117
2628.0000000000005	-1248.7631077136728
2628.5000000000005	-1248.6759546117355
2629.0000000000005	-1248.5315548319354
2629.5000000000005	-1248.242271436848
2630.0000000000005	-1246.6959685351394
2630.5000000000005	-1246.151451740329
2631.0000000000005	-1245.9204761308656
2631.5000000000005	-1245.7333539091564
2632.0000000000005	-1245.5293224046404
2632.5000000000005	-1245.2576488971495
2633.0000000000005	-1244.6488548728526
2633.5000000000005	-1244.362699935034
2634.0000000000005	-1244.2480691415929
2634.5000000000005	-1244.1693055246992
2635.0000000000005	-1244.1029541251353
2635.5000000000005	-1244.02999867828
2636.0000000000005	-1243.9361082872354
2636.5000000000005	-1243.7885810537223
2637.0000000000005	-1243.4870477926893
2637.5000000000005	-1241.917186629993
2638.0000000000005	-1241.514165059529
2638.5000000000005	-1241.3641898399142
2639.0000000000005	-1241.2787662753235
2639.5000000000005	-1241.2365308879123
2640.0000000000005	-1241.207941061123
2640.5000000000005	-1241.1951047760422
2641.0000000000005	-1241.184255996744
2641.5000000000005	-1241.177503312825
2642.0000000000005	-1241.16142231884
2642.5000000000005	-1241.1394465226003
2643.0000000000005	-1241.095011899541
2643.5000000000005	-1241.0187603913766
2644.0000000000005	-1240.877196176366
2644.5000000000005	-1240.5411671671445
2645.0000000000005	-1238.964767601476
2645.5000000000005	-1238.6275079552968
2646.0000000000005	-1238.4863906903288
2646.5000000000005	-1238.4016565235675
2647.0000000000005	-1238.351643659658
2647.5000000000005	-1238.3094679026326
2648.0000000000005	-1238.2793385370376
2648.5000000000005	-1238.240135582769
2649.0000000000005	-1238.2009595896836
2649.5000000000005	-1238.1404113746178
2650.0000000000005	-1238.056458720937
2650.5000000000005	-1237.9244272447488
2651.0000000000005	-1237.6968932121217
2651.5000000000005	-1237.00374123982
2652.0000000000005	-1236.362846189377
2652.5000000000005	-1234.723390713547
2653.0000000000005	-1234.3865550276184
2653.5000000000005	-1234.2255332059453
2654.0000000000005	-1234.12221668126
2654.5000000000005	-1234.0564952503446
2655.0000000000005	-1233.9904992071965
2655.5000000000005	-1233.8936779924927
2656.0000000000005	-1233.8180850614922
2656.5000000000005	-1233.7834022259883
2657.0000000000005	-1233.7511962301985
2657.5000000000005	-1233.7157376140278
2658.0000000000005	-1233.658922046516
2658.5000000000005	-1233.5700041234113
2659.0000000000005	-1233.4008159891712
2659.5000000000005	-1232.9341097753684
2660.0000000000005	-1231.4497806293118
2660.5000000000005	-1231.201230896038
2661.0000000000005	-1231.091704046024
2661.5000000000005	-1231.0279409896045
2662.0000000000005	-1230.996689877807
2662.5000000000005	-1230.9740925355281
2663.0000000000005	-1230.9644494625077
2663.5000000000005	-1230.9511248640974
2664.0000000000005	-1230.9407245819457
2664.5000000000005	-1230.9155610656323
2665.0000000000005	-1230.882169619259
2665.5000000000005	-1230.8182994137642
2666.0000000000005	-1230.7133049030374
2666.5000000000005	-1230.513896699849
2667.0000000000005	-1229.8871296049851
2667.5000000000005	-1228.5058615789353
2668.0000000000005	-1228.2488366889359
2668.5000000000005	-1228.0929704068667
2669.0000000000005	-1227.9562616444302
2669.5000000000005	-1227.7884688628928
2670.0000000000005	-1227.235219344558
2670.5000000000005	-1226.9982060743814
2671.0000000000005	-1226.9058354397512
2671.5000000000005	-1226.8546160130718
2672.0000000000005	-1226.8063254807118
2672.5000000000005	-1226.7588461887904
2673.0000000000005	-1226.6904977038648
2673.5000000000005	-1226.585352067721
2674.0000000000005	-1226.3809819311618
2674.5000000000005	-1225.4278680813784
2675.0000000000005	-1224.4336594909237
2675.5000000000005	-1224.2426498790016
2676.0000000000005	-1224.1523383260912
2676.5000000000005	-1224.1018521726403
2677.0000000000005	-1224.080629019451
2677.5000000000005	-1224.0662044257742
2678.0000000000005	-1224.0651758067493
2678.5000000000005	-1224.0592714139177
2679.0000000000005	-1224.0546576072504
2679.5000000000005	-1224.0396040443554
2680.0000000000005	-1224.0135076671872
2680.5000000000005	-1223.95479322119
2681.0000000000005	-1223.8529559586937
2681.5000000000005	-1223.6314590290713
2682.0000000000005	-1222.3078167383032
2682.5000000000005	-1221.698076445419
2683.0000000000005	-1221.519256273843
2683.5000000000005	-1221.4283872719025
2684.0000000000005	-1221.37060063707
2684.5000000000005	-1221.3338440184057
2685.0000000000005	-1221.3016901970482
2685.5000000000005	-1221.2744620404671
2686.0000000000005	-1221.2353708837916
2686.5000000000005	-1221.1901054488492
2687.0000000000005	-1221.1128871637168
2687.5000000000005	-1221.00270122264
2688.0000000000005	-1220.7966442364998
2688.5000000000005	-1220.1497096847747
2689.0000000000005	-1219.6802633244893
2689.5000000000005	-1218.1520531429396
2690.0000000000005	-1217.6558272016375
2690.5000000000005	-1217.4730073260807
2691.0000000000005	-1217.374937198988
2691.5000000000005	-1217.31894848025
2692.0000000000005	-1217.288607614872
2692.5000000000005	-1217.2687100401556
2693.0000000000005	-1217.2615819964906
2693.5000000000005	-1217.2499456491857
2694.0000000000005	-1217.2432914917717
2694.5000000000005	-1217.2208459136675
2695.0000000000005	-1217.1884352824395
2695.5000000000005	-1217.1220783275664
2696.0000000000005	-1217.0031889426496
2696.5000000000005	-1216.725760301435
2697.0000000000005	-1215.2307955444514
2697.5000000000005	-1214.8626372877084
2698.0000000000005	-1214.7236389671393
2698.5000000000005	-1214.6513531210076
2699.0000000000005	-1214.6095858794206
2699.5000000000005	-1214.5881643321418
2700.0000000000005	-1214.5722627824443
2700.5000000000005	-1214.562956411163
2701.0000000000005	-1214.5475071575904
2701.5000000000005	-1214.5294435868516
2702.0000000000005	-1214.4945755473677
2702.5000000000005	-1214.4445597167196
2703.0000000000005	-1214.3509093619116
2703.5000000000005	-1214.197136981828
2704.0000000000005	-1213.8466904734964
2704.5000000000005	-1212.3029460836817
2705.0000000000005	-1211.9449058901719
2705.5000000000005	-1211.752786612852
2706.0000000000005	-1211.5941931647062
2706.5000000000005	-1211.3988768105378
2707.0000000000005	-1210.820674441487
2707.5000000000005	-1210.5725118159362
2708.0000000000005	-1210.4030283510833
2708.5000000000005	-1210.2991772283242
2709.0000000000005	-1210.2381698066317
2709.5000000000005	-1210.176122051928
2710.0000000000005	-1210.1139012303383
2710.5000000000005	-1210.0160777235026
2711.0000000000005	-1209.8604271581012
2711.5000000000005	-1209.4776624417768
2712.0000000000005	-1207.9924609594955
2712.5000000000005	-1207.7202151647048
2713.0000000000005	-1207.6019579417534
2713.5000000000005	-1207.5364597409896
2714.0000000000005	-1207.5024483635048
2714.5000000000005	-1207.4834764996576
2715.0000000000005	-1207.4727945193324
2715.5000000000005	-1207.4675697776759
2716.0000000000005	-1207.457699594501
2716.5000000000005	-1207.446822266307
2717.0000000000005	-1207.4186572918682
2717.5000000000005	-1207.375016407741
2718.0000000000005	-1207.287925490053
2718.5000000000005	-1207.1295971059524
2719.0000000000005	-1206.673034786728
2719.5000000000005	-1205.2509704543645
2720.0000000000005	-1205.0062391502327
2720.5000000000005	-1204.8923156812712
2721.0000000000005	-1204.8209536854793
2721.5000000000005	-1204.7740815370153
2722.0000000000005	-1204.7366848694398
2722.5000000000005	-1204.702386541677
2723.0000000000005	-1204.6630161836833
2723.5000000000005	-1204.612071522923
2724.0000000000005	-1204.5398388457218
2724.5000000000005	-1204.4273732549598
2725.0000000000005	-1204.230702743596
2725.5000000000005	-1203.595345806335
2726.0000000000005	-1203.2346030293547
2726.5000000000005	-1202.574579115238
2727.0000000000005	-1201.2424111546297
2727.5000000000005	-1201.0028521597271
2728.0000000000005	-1200.8844160796891
2728.5000000000005	-1200.8124254999505
2729.0000000000005	-1200.7719235631284
2729.5000000000005	-1200.7424373360122
2730.0000000000005	-1200.7261754242847
2730.5000000000005	-1200.7089186263322
2731.0000000000005	-1200.692475075109
2731.5000000000005	-1200.6678663950252
2732.0000000000005	-1200.628295074328
2732.5000000000005	-1200.566519167562
2733.0000000000005	-1200.456746901855
2733.5000000000005	-1200.2496103038545
2734.0000000000005	-1199.322993575234
2734.5000000000005	-1198.3208057317484
2735.0000000000005	-1198.0565834661704
2735.5000000000005	-1197.8853366121925
2736.0000000000005	-1197.788244572135
2736.5000000000005	-1197.7365382027383
2737.0000000000005	-1197.6968576802562
2737.5000000000005	-1197.6724990073924
2738.0000000000005	-1197.6461726602317
2738.5000000000005	-1197.6200826212962
2739.0000000000005	-1197.5852353729795
2739.5000000000005	-1197.536352978383
2740.0000000000005	-1197.457949921547
2740.5000000000005	-1197.3318871781314
2741.0000000000005	-1197.0916313423568
2741.5000000000005	-1195.7999476415073
2742.0000000000005	-1195.1615252118104
2742.5000000000005	-1194.9342740046964
2743.0000000000005	-1194.7676788537024
2743.5000000000005	-1194.5650038212282
2744.0000000000005	-1194.0006058954073
2744.5000000000005	-1193.812500131886
2745.0000000000005	-1193.7356656265436
2745.5000000000005	-1193.681575268499
2746.0000000000005	-1193.6458487569448
2746.5000000000005	-1193.6034275024517
2747.0000000000005	-1193.5586487125058
2747.5000000000005	-1193.4868648714328
2748.0000000000005	-1193.3712870757968
2748.5000000000005	-1193.1317109630647
2749.0000000000005	-1191.749102691102
2749.5000000000005	-1191.3032055377091
2750.0000000000005	-1191.1528054719029
2750.5000000000005	-1191.0751692396861
2751.0000000000005	-1191.0329468821983
2751.5000000000005	-1191.0112142457344
2752.0000000000005	-1190.996731173255
2752.5000000000005	-1190.9920390293332
2753.0000000000005	-1190.98120021176
2753.5000000000005	-1190.9730419096659
2754.0000000000005	-1190.9485016503158
2754.5000000000005	-1190.9128191579175
2755.0000000000005	-1190.8425841457183
2755.5000000000005	-1190.7217260098778
2756.0000000000005	-1190.4486536160416
2756.5000000000005	-1189.00974747501
2757.0000000000005	-1188.6347615587729
2757.5000000000005	-1188.485389764913
2758.0000000000005	-1188.3938871488333
2758.5000000000005	-1188.3304117516418
2759.0000000000005	-1188.2768954430776
2759.5000000000005	-1188.2216513605952
2760.0000000000005	-1188.1490396911531
2760.5000000000005	-1188.0140244486183
2761.0000000000005	-1187.903798794358
2761.5000000000005	-1187.7765953659296
2762.0000000000005	-1187.5701437156135
2762.5000000000005	-1186.9521021157755
2763.0000000000005	-1186.6642643124737
2763.5000000000005	-1186.28916931891
2764.0000000000005	-1184.8077336531137
2764.5000000000005	-1184.4739929427724
2765.0000000000005	-1184.3324279681165
2765.5000000000005	-1184.2509395703437
2766.0000000000005	-1184.207422686144
2766.5000000000005	-1184.178897841275
2767.0000000000005	-1184.1656946465735
2767.5000000000005	-1184.155606082742
2768.0000000000005	-1184.1478355968104
2768.5000000000005	-1184.1364401505184
2769.0000000000005	-1184.1145613211395
2769.5000000000005	-1184.0775052144886
2770.0000000000005	-1184.006719050902
2770.5000000000005	-1183.8733501588806
2771.0000000000005	-1183.5288915877775
2771.5000000000005	-1182.110328245084
2772.0000000000005	-1181.8484155626104
2772.5000000000005	-1181.7402412092022
2773.0000000000005	-1181.6768609366643
2773.5000000000005	-1181.6474496697447
2774.0000000000005	-1181.6258018604683
2774.5000000000005	-1181.6162636871882
2775.0000000000005	-1181.6048128518353
2775.5000000000005	-1181.5932142578927
2776.0000000000005	-1181.5723744434674
2776.5000000000005	-1181.5401710034175
2777.0000000000005	-1181.482967865783
2777.5000000000005	-1181.3892420616396
2778.0000000000005	-1181.2173431891392
2778.5000000000005	-1180.7735721831098
2779.0000000000005	-1179.3632170906205
2779.5000000000005	-1179.077441888164
2780.0000000000005	-1178.8931293023495
2780.5000000000005	-1178.6725860395861
2781.0000000000005	-1178.11694380679
2781.5000000000005	-1177.9574415508243
2782.0000000000005	-1177.8898117171796
2782.5000000000005	-1177.8440723009019
2783.0000000000005	-1177.815986661379
2783.5000000000005	-1177.7838523462076
2784.0000000000005	-1177.7513571222128
2784.5000000000005	-1177.6976490437019
2785.0000000000005	-1177.6129705815438
2785.5000000000005	-1177.4484449535632
2786.0000000000005	-1176.9290457660607
2786.5000000000005	-1175.6629926708995
2787.0000000000005	-1175.4630499481823
2787.5000000000005	-1175.370973667377
2788.0000000000005	-1175.3221997245794
2788.5000000000005	-1175.299344827038
2789.0000000000005	-1175.2856566835912
2789.5000000000005	-1175.2837259286412
2790.0000000000005	-1175.277239672949
2790.5000000000005	-1175.2761077584028
2791.0000000000005	-1175.2608786215412
2791.5000000000005	-1175.2383435538168
2792.0000000000005	-1175.1875298790276
2792.5000000000005	-1175.1013134764776
2793.0000000000005	-1174.91856179814
2793.5000000000005	-1174.1510631889182
2794.0000000000005	-1173.1243890261374
2794.5000000000005	-1172.9375569974159
2795.0000000000005	-1172.8393964511752
2795.5000000000005	-1172.7783015592413
2796.0000000000005	-1172.7351650359556
2796.5000000000005	-1172.6982077996802
2797.0000000000005	-1172.660889079557
2797.5000000000005	-1172.6136181658999
2798.0000000000005	-1172.5500513969134
2798.5000000000005	-1172.446191922442
2799.0000000000005	-1172.248771455297
2799.5000000000005	-1171.6705512284425
2800.0000000000005	-1171.447183341804
2800.5000000000005	-1171.1864188616016
2801.0000000000005	-1169.9988418096775
2801.5000000000005	-1169.3557168902253
2802.0000000000005	-1169.1793559888254
2802.5000000000005	-1169.0861199141941
2803.0000000000005	-1169.0362125085753
2803.5000000000005	-1169.00509495268
2804.0000000000005	-1168.9902597112953
2804.5000000000005	-1168.9795835263708
2805.0000000000005	-1168.9724319304883
2805.5000000000005	-1168.963240058108
2806.0000000000005	-1168.9447468810968
2806.5000000000005	-1168.9154013946506
2807.0000000000005	-1168.8574955344957
2807.5000000000005	-1168.756074775933
2808.0000000000005	-1168.5340273544846
2808.5000000000005	-1167.2295082678088
2809.0000000000005	-1166.7756360421813
2809.5000000000005	-1166.627250349392
2810.0000000000005	-1166.5426239926962
2810.5000000000005	-1166.4957772414857
2811.0000000000005	-1166.4586218239513
2811.5000000000005	-1166.4316075526497
2812.0000000000005	-1166.397873598415
2812.5000000000005	-1166.3485045389793
2813.0000000000005	-1166.2443725590351
2813.5000000000005	-1166.1776621491867
2814.0000000000005	-1166.1096752798157
2814.5000000000005	-1166.0177984798554
2815.0000000000005	-1165.8734268528494
2815.5000000000005	-1165.587435294998
2816.0000000000005	-1164.1763721366199
2816.5000000000005	-1163.7530589021155
2817.0000000000005	-1163.5303370412846
2817.5000000000005	-1163.2737197705458
2818.0000000000005	-1162.727878179011
2818.5000000000005	-1162.5810793354249
2819.0000000000005	-1162.5133338205828
2819.5000000000005	-1162.46596961602
2820.0000000000005	-1162.4369416125044
2820.5000000000005	-1162.4057359902386
2821.0000000000005	-1162.3754664403855
2821.5000000000005	-1162.329432519932
2822.0000000000005	-1162.2597922883353
2822.5000000000005	-1162.135271688588
2823.0000000000005	-1161.8546593490498
2823.5000000000005	-1160.4732443073717
2824.0000000000005	-1160.1725947663099
2824.5000000000005	-1160.0515190453634
2825.0000000000005	-1159.9873409528714
2825.5000000000005	-1159.9548285131089
2826.0000000000005	-1159.9332774428074
2826.5000000000005	-1159.9259475504084
2827.0000000000005	-1159.9157821687506
2827.5000000000005	-1159.9111942511781
2828.0000000000005	-1159.895341946152
2828.5000000000005	-1159.8739844940228
2829.0000000000005	-1159.8295152975522
2829.5000000000005	-1159.7585580415252
2830.0000000000005	-1159.6194355878254
2830.5000000000005	-1159.292684354886
2831.0000000000005	-1157.9095340414806
2831.5000000000005	-1157.6403821878969
2832.0000000000005	-1157.5117637426713
2832.5000000000005	-1157.4342309926446
2833.0000000000005	-1157.3754666261468
2833.5000000000005	-1157.328610617843
2834.0000000000005	-1157.277067462078
2834.5000000000005	-1157.2220363138867
2835.0000000000005	-1157.1425089315828
2835.5000000000005	-1157.029263447789
2836.0000000000005	-1156.795102154767
2836.5000000000005	-1156.2397544423854
2837.0000000000005	-1156.0209282526625
2837.5000000000005	-1155.77739436184
2838.0000000000005	-1155.2787838151762
2838.5000000000005	-1153.8713432442146
2839.0000000000005	-1153.5946169165336
2839.5000000000005	-1153.4642036288176
2840.0000000000005	-1153.3838235107316
2840.5000000000005	-1153.339225192791
2841.0000000000005	-1153.3068073486027
2841.5000000000005	-1153.2906877252017
2842.0000000000005	-1153.273617294713
2842.5000000000005	-1153.2633914729292
2843.0000000000005	-1153.2424860645197
2843.5000000000005	-1153.218252027628
2844.0000000000005	-1153.1698490656252
2844.5000000000005	-1153.0928873462694
2845.0000000000005	-1152.9376922032816
2845.5000000000005	-1152.4898565184544
2846.0000000000005	-1151.2232277976252
2846.5000000000005	-1151.0206454797742
2847.0000000000005	-1150.9205945288813
2847.5000000000005	-1150.868785559255
2848.0000000000005	-1150.834492147093
2848.5000000000005	-1150.8156893295097
2849.0000000000005	-1150.7986905735418
2849.5000000000005	-1150.78613747689
2850.0000000000005	-1150.7657944683208
2850.5000000000005	-1150.7411479029158
2851.0000000000005	-1150.697248937626
2851.5000000000005	-1150.6329212369142
2852.0000000000005	-1150.5234783332653
2852.5000000000005	-1150.3272940644408
2853.0000000000005	-1149.6985352151607
2853.5000000000005	-1148.5114753846665
2854.0000000000005	-1148.234959945153
2854.5000000000005	-1147.9422874820866
2855.0000000000005	-1147.418090917232
2855.5000000000005	-1147.287369618391
2856.0000000000005	-1147.2185733539723
2856.5000000000005	-1147.1775130200162
2857.0000000000005	-1147.148479466532
2857.5000000000005	-1147.1233363632448
2858.0000000000005	-1147.0967100330809
2858.5000000000005	-1147.0611513352558
2859.0000000000005	-1147.005674817164
2859.5000000000005	-1146.913156725524
2860.0000000000005	-1146.7316304262058
2860.5000000000005	-1145.8192833552116
2861.0000000000005	-1145.024137694448
2861.5000000000005	-1144.8544084600207
2862.0000000000005	-1144.7705278980757
2862.5000000000005	-1144.7209460621661
2863.0000000000005	-1144.690765073556
2863.5000000000005	-1144.668534016975
2864.0000000000005	-1144.6495030054705
2864.5000000000005	-1144.6232141416099
2865.0000000000005	-1144.5764464516965
2865.5000000000005	-1144.4785490506206
2866.0000000000005	-1144.418417575263
2866.5000000000005	-1144.3467477777178
2867.0000000000005	-1144.2396951208336
2867.5000000000005	-1144.0308160699424
2868.0000000000005	-1142.8562124347723
2868.5000000000005	-1142.315460275534
2869.0000000000005	-1142.151805497859
2869.5000000000005	-1142.056396268315
2870.0000000000005	-1141.9959281559657
2870.5000000000005	-1141.9441756390434
2871.0000000000005	-1141.9016597095936
2871.5000000000005	-1141.8490292313727
2872.0000000000005	-1141.78462269099
2872.5000000000005	-1141.6790074800126
2873.0000000000005	-1141.4461010230316
2873.5000000000005	-1140.9561026174324
2874.0000000000005	-1140.8053365508306
2874.5000000000005	-1140.6526538147705
2875.0000000000005	-1140.4106127597825
2875.5000000000005	-1139.1271954400834
2876.0000000000005	-1138.712140961703
2876.5000000000005	-1138.56369912922
2877.0000000000005	-1138.4918128990425
2877.5000000000005	-1138.4469010822033
2878.0000000000005	-1138.427844221299
2878.5000000000005	-1138.413689551568
2879.0000000000005	-1138.410938487093
2879.5000000000005	-1138.4043249294127
2880.0000000000005	-1138.3998352976457
2880.5000000000005	-1138.382542176467
2881.0000000000005	-1138.3572719547144
2881.5000000000005	-1138.2995580919817
2882.0000000000005	-1138.1996589262274
2882.5000000000005	-1137.9629318268564
2883.0000000000005	-1136.663659084045
2883.5000000000005	-1136.3285979285486
2884.0000000000005	-1136.2059069746292
2884.5000000000005	-1136.1390136441566
2885.0000000000005	-1136.1056841230711
2885.5000000000005	-1136.0811195694298
2886.0000000000005	-1136.0701932108432
2886.5000000000005	-1136.0559426908865
2887.0000000000005	-1136.0447621476742
2887.5000000000005	-1136.0231652921134
2888.0000000000005	-1135.9926280852035
2888.5000000000005	-1135.939999629521
2889.0000000000005	-1135.8573342026348
2889.5000000000005	-1135.7108547697205
2890.0000000000005	-1135.4052199369655
2890.5000000000005	-1134.0259858245802
2891.0000000000005	-1133.649126387181
2891.5000000000005	-1133.299049314266
2892.0000000000005	-1132.8109949661
2892.5000000000005	-1132.686267028473
2893.0000000000005	-1132.622512521973
2893.5000000000005	-1132.5837752462696
2894.0000000000005	-1132.560049460875
2894.5000000000005	-1132.5405077343808
2895.0000000000005	-1132.5226481906136
2895.5000000000005	-1132.4977906403774
2896.0000000000005	-1132.4596213827908
2896.5000000000005	-1132.3940228991949
2897.0000000000005	-1132.2720472228768
2897.5000000000005	-1131.9714572288588
2898.0000000000005	-1130.6673976672353
2898.5000000000005	-1130.421728600257
2899.0000000000005	-1130.3182563216742
2899.5000000000005	-1130.2657045295434
2900.0000000000005	-1130.236761261078
2900.5000000000005	-1130.2234240071896
2901.0000000000005	-1130.2161193497452
2901.5000000000005	-1130.2125796179969
2902.0000000000005	-1130.2071424138755
2902.5000000000005	-1130.196563511
2903.0000000000005	-1130.1743620506509
2903.5000000000005	-1130.1357335473251
2904.0000000000005	-1130.0624479933304
2904.5000000000005	-1129.9270666596701
2905.0000000000005	-1129.5663986769082
2905.5000000000005	-1128.2851073763202
2906.0000000000005	-1128.0543142372187
2906.5000000000005	-1127.9422915910422
2907.0000000000005	-1127.8698941988941
2907.5000000000005	-1127.8180386414388
2908.0000000000005	-1127.7685628781996
2908.5000000000005	-1127.7192809597088
2909.0000000000005	-1127.6501384810176
2909.5000000000005	-1127.547938458018
2910.0000000000005	-1127.2838807619828
2910.5000000000005	-1126.8496232043503
2911.0000000000005	-1126.7162198124545
2911.5000000000005	-1126.5952955301993
2912.0000000000005	-1126.4180218675729
2912.5000000000005	-1125.971820825321
2913.0000000000005	-1124.7473740425457
2913.5000000000005	-1124.5433244515884
2914.0000000000005	-1124.44169300353
2914.5000000000005	-1124.3850161303565
2915.0000000000005	-1124.3477576574019
2915.5000000000005	-1124.3264302906236
2916.0000000000005	-1124.305839160492
2916.5000000000005	-1124.2901037642796
2917.0000000000005	-1124.2594590317206
2917.5000000000005	-1124.2070411661452
2918.0000000000005	-1124.1066813555967
2918.5000000000005	-1124.0389567448076
2919.0000000000005	-1123.943367281541
2919.5000000000005	-1123.7804749110965
2920.0000000000005	-1123.214303232432
2920.5000000000005	-1122.1346267990234
2921.0000000000005	-1121.9507494263146
2921.5000000000005	-1121.8642927868066
2922.0000000000005	-1121.8098024177677
2922.5000000000005	-1121.7806045419059
2923.0000000000005	-1121.7563065092918
2923.5000000000005	-1121.7415248134394
2924.0000000000005	-1121.7214318958195
2924.5000000000005	-1121.7026357740629
2925.0000000000005	-1121.6683977444736
2925.5000000000005	-1121.623772109723
2926.0000000000005	-1121.5484902755823
2926.5000000000005	-1121.4322457656237
2927.0000000000005	-1121.2152529893149
2927.5000000000005	-1120.283332251005
2928.0000000000005	-1119.4261675243442
2928.5000000000005	-1119.0025681592685
2929.0000000000005	-1118.5382797542393
2929.5000000000005	-1118.4116759535689
2930.0000000000005	-1118.3404253002689
2930.5000000000005	-1118.2984577052578
2931.0000000000005	-1118.2697108319037
2931.5000000000005	-1118.2487802317432
2932.0000000000005	-1118.2283647995223
2932.5000000000005	-1118.2060204055872
2933.0000000000005	-1118.1704301233444
2933.5000000000005	-1118.1169421257468
2934.0000000000005	-1118.0223559772787
2934.5000000000005	-1117.833007982941
2935.0000000000005	-1116.7184386893473
2935.5000000000005	-1116.2146073007495
2936.0000000000005	-1116.0680931038335
2936.5000000000005	-1115.9917381633393
2937.0000000000005	-1115.9471043720307
2937.5000000000005	-1115.9190597378447
2938.0000000000005	-1115.89911609109
2938.5000000000005	-1115.8811628638582
2939.0000000000005	-1115.862928220306
2939.5000000000005	-1115.8342927791502
2940.0000000000005	-1115.7942117642594
2940.5000000000005	-1115.7234277540003
2941.0000000000005	-1115.5965030891061
2941.5000000000005	-1115.423881333731
2942.0000000000005	-1115.176074850355
2942.5000000000005	-1113.9345938606994
2943.0000000000005	-1113.5245065341594
2943.5000000000005	-1113.3639702023536
2944.0000000000005	-1113.2702174055992
2944.5000000000005	-1113.198643362791
2945.0000000000005	-1113.1415106490497
2945.5000000000005	-1113.0800649027676
2946.0000000000005	-1113.0094981793486
2946.5000000000005	-1112.8993178852165
2947.0000000000005	-1112.617251270357
2947.5000000000005	-1112.2205824916318
2948.0000000000005	-1112.105505774623
2948.5000000000005	-1112.0000279413257
2949.0000000000005	-1111.869327382945
2949.5000000000005	-1111.617819850214
2950.0000000000005	-1110.3588265548337
2950.5000000000005	-1110.0305688190092
2951.0000000000005	-1109.9081354599593
2951.5000000000005	-1109.8376465519414
2952.0000000000005	-1109.8033805848354
2952.5000000000005	-1109.7798247880992
2953.0000000000005	-1109.771314660939
2953.5000000000005	-1109.7626130048013
2954.0000000000005	-1109.758918730071
2954.5000000000005	-1109.7469379550503
2955.0000000000005	-1109.7325858505264
2955.5000000000005	-1109.697459653933
2956.0000000000005	-1109.6420877055318
2956.5000000000005	-1109.5302229106023
2957.0000000000005	-1109.2754399344399
2957.5000000000005	-1108.0148755256914
2958.0000000000005	-1107.7455510772515
2958.5000000000005	-1107.632290044098
2959.0000000000005	-1107.5737284541776
2959.5000000000005	-1107.535418744246
2960.0000000000005	-1107.5140018683944
2960.5000000000005	-1107.495128458485
2961.0000000000005	-1107.4801422541084
2961.5000000000005	-1107.4608074931416
2962.0000000000005	-1107.4340648390742
2962.5000000000005	-1107.3937562879555
2963.0000000000005	-1107.33346741957
2963.5000000000005	-1107.235998537492
2964.0000000000005	-1107.0734175590737
2964.5000000000005	-1106.715005260996
2965.0000000000005	-1105.3678138678642
2965.5000000000005	-1104.8566644325379
2966.0000000000005	-1104.3937460651998
2966.5000000000005	-1104.2565542538812
2967.0000000000005	-1104.1788382194468
2967.5000000000005	-1104.12970318364
2968.0000000000005	-1104.0953545769487
2968.5000000000005	-1104.067104785591
2969.0000000000005	-1104.0380328736526
2969.5000000000005	-1104.0010415072832
2970.0000000000005	-1103.9283094297464
2970.5000000000005	-1103.8230667840346
2971.0000000000005	-1103.7296453973613
2971.5000000000005	-1103.5890431426312
2972.0000000000005	-1103.2356336193402
2972.5000000000005	-1102.0215409822686
2973.0000000000005	-1101.811260656552
2973.5000000000005	-1101.7183564573152
2974.0000000000005	-1101.6646239989268
2974.5000000000005	-1101.638084859059
2975.0000000000005	-1101.6203562000783
2975.5000000000005	-1101.6131915499554
2976.0000000000005	-1101.6049301173498
2976.5000000000005	-1101.5981272158808
2977.0000000000005	-1101.582312353538
2977.5000000000005	-1101.5601734187676
2978.0000000000005	-1101.5144284021403
2978.5000000000005	-1101.4407534632899
2979.0000000000005	-1101.2928867679718
2979.5000000000005	-1100.8645463879318
2980.0000000000005	-1099.712835085214
2980.5000000000005	-1099.5181732729652
2981.0000000000005	-1099.4125132897584
2981.5000000000005	-1099.3465175462138
2982.0000000000005	-1099.2881009923738
2982.5000000000005	-1099.2369624642033
2983.0000000000005	-1099.1687975608597
2983.5000000000005	-1099.0724082077743
2984.0000000000005	-1098.8040476759725
2984.5000000000005	-1098.4265873442873
2985.0000000000005	-1098.3202102345685
2985.5000000000005	-1098.2393070558305
2986.0000000000005	-1098.134356782245
2986.5000000000005	-1097.969828209309
2987.0000000000005	-1097.385775171105
2987.5000000000005	-1096.39393620573
2988.0000000000005	-1096.22504781329
2988.5000000000005	-1096.1460656435277
2989.0000000000005	-1096.101094806903
2989.5000000000005	-1096.081074128668
2990.0000000000005	-1096.0672555754627
2990.5000000000005	-1096.0653330724863
2991.0000000000005	-1096.06027683409
2991.5000000000005	-1096.0577283436137
2992.0000000000005	-1096.0460328357776
2992.5000000000005	-1096.0259786428744
2993.0000000000005	-1095.9834852357205
2993.5000000000005	-1095.906875690039
2994.0000000000005	-1095.7426742523462
2994.5000000000005	-1094.8479032378896
2995.0000000000005	-1094.194225552813
2995.5000000000005	-1094.0479515218653
2996.0000000000005	-1093.9745780599515
2996.5000000000005	-1093.9325854116476
2997.0000000000005	-1093.9073000838077
2997.5000000000005	-1093.890828345037
2998.0000000000005	-1093.876419283976
2998.5000000000005	-1093.8623164951907
2999.0000000000005	-1093.8406379107416
2999.5000000000005	-1093.8098041103995
3000.0000000000005	-1093.7617918536523
3000.5000000000005	-1093.6841711839572
3001.0000000000005	-1093.558074321992
3001.5000000000005	-1093.3182214592425
3002.0000000000005	-1092.129007985744
3002.5000000000005	-1091.4429875165424
3003.0000000000005	-1090.939067491279
3003.5000000000005	-1090.7920547953445
3004.0000000000005	-1090.7148696932663
3004.5000000000005	-1090.6678381583415
3005.0000000000005	-1090.6414779838276
3005.5000000000005	-1090.6228127762301
3006.0000000000005	-1090.6111255548215
3006.5000000000005	-1090.5974548611598
3007.0000000000005	-1090.5801268877115
3007.5000000000005	-1090.5497590241791
3008.0000000000005	-1090.500996923619
3008.5000000000005	-1090.4070086404752
3009.0000000000005	-1090.2083295055183
3009.5000000000005	-1089.0373885915606
3010.0000000000005	-1088.6967461705774
3010.5000000000005	-1088.5761265479223
3011.0000000000005	-1088.5168804293694
3011.5000000000005	-1088.4823086846188
3012.0000000000005	-1088.4669501506385
3012.5000000000005	-1088.454975070711
3013.0000000000005	-1088.4513877462923
3013.5000000000005	-1088.4422867376861
3014.0000000000005	-1088.4334163004507
3014.5000000000005	-1088.4119764625684
3015.0000000000005	-1088.379136984791
3015.5000000000005	-1088.3163909431528
3016.0000000000005	-1088.210205109426
3016.5000000000005	-1087.9688039049797
3017.0000000000005	-1086.756181212039
3017.5000000000005	-1086.451950253081
3018.0000000000005	-1086.3226523074616
3018.5000000000005	-1086.2367760741906
3019.0000000000005	-1086.1726035949275
3019.5000000000005	-1086.107865439723
3020.0000000000005	-1086.0390882238958
3020.5000000000005	-1085.9337407930964
3021.0000000000005	-1085.7041866189918
3021.5000000000005	-1085.2798580786236
3022.0000000000005	-1085.1571582847089
3022.5000000000005	-1085.0275024541797
3023.0000000000005	-1084.8820290712383
3023.5000000000005	-1084.7298457932304
3024.0000000000005	-1084.4462058293893
3024.5000000000005	-1083.2231002456579
3025.0000000000005	-1082.9713859191236
3025.5000000000005	-1082.858119991453
3026.0000000000005	-1082.8001177240246
3026.5000000000005	-1082.7642846340236
3027.0000000000005	-1082.7456743780042
3027.5000000000005	-1082.7332547081771
3028.0000000000005	-1082.7268366613216
3028.5000000000005	-1082.7177630524498
3029.0000000000005	-1082.7086605659988
3029.5000000000005	-1082.686463776093
3030.0000000000005	-1082.6526579102717
3030.5000000000005	-1082.5888808792542
3031.0000000000005	-1082.470443019087
3031.5000000000005	-1082.1669686240537
3032.0000000000005	-1080.9824991857665
3032.5000000000005	-1080.7678245033098
3033.0000000000005	-1080.6718476452713
3033.5000000000005	-1080.6157643127437
3034.0000000000005	-1080.5825631211026
3034.5000000000005	-1080.5581000782145
3035.0000000000005	-1080.5392553752672
3035.5000000000005	-1080.5206860227388
3036.0000000000005	-1080.4967680182267
3036.5000000000005	-1080.465662027131
3037.0000000000005	-1080.4185420469078
3037.5000000000005	-1080.349102759768
3038.0000000000005	-1080.2401231713663
3038.5000000000005	-1080.0529325014923
3039.0000000000005	-1079.6022581185925
3039.5000000000005	-1078.2693920171928
3040.0000000000005	-1077.6666861921017
3040.5000000000005	-1077.4881046163043
3041.0000000000005	-1077.3882104686452
3041.5000000000005	-1077.3276512290383
3042.0000000000005	-1077.2829565697728
3042.5000000000005	-1077.2497856755267
3043.0000000000005	-1077.2170560262296
3043.5000000000005	-1077.178667348063
3044.0000000000005	-1077.1178971201584
3044.5000000000005	-1077.0179121416536
3045.0000000000005	-1076.9262409004982
3045.5000000000005	-1076.8302874564897
3046.0000000000005	-1076.6711446760992
3046.5000000000005	-1076.2034332119529
3047.0000000000005	-1075.1540183831578
3047.5000000000005	-1074.9824358143353
3048.0000000000005	-1074.8967320686143
3048.5000000000005	-1074.8501531234779
3049.0000000000005	-1074.820651954303
3049.5000000000005	-1074.8055995287223
3050.0000000000005	-1074.7920088274957
3050.5000000000005	-1074.7853040654034
3051.0000000000005	-1074.7705036941447
3051.5000000000005	-1074.7554920417026
3052.0000000000005	-1074.7237507748512
3052.5000000000005	-1074.6772609025436
3053.0000000000005	-1074.591643956611
3053.5000000000005	-1074.43176421045
3054.0000000000005	-1073.7242513459198
3054.5000000000005	-1072.912953987721
3055.0000000000005	-1072.7430397093196
3055.5000000000005	-1072.6510492017915
3056.0000000000005	-1072.5794483908696
3056.5000000000005	-1072.523020614558
3057.0000000000005	-1072.4565012528087
3057.5000000000005	-1072.373409765043
3058.0000000000005	-1072.2033150514944
3058.5000000000005	-1071.7669264087515
3059.0000000000005	-1071.6509861738743
3059.5000000000005	-1071.5801746812133
3060.0000000000005	-1071.503564091641
3060.5000000000005	-1071.4061613509416
3061.0000000000005	-1071.2233091430576
3061.5000000000005	-1070.2331443585067
3062.0000000000005	-1069.72868081171
3062.5000000000005	-1069.5926623331236
3063.0000000000005	-1069.5216997671005
3063.5000000000005	-1069.4852947732204
3064.0000000000005	-1069.4629842485485
3064.5000000000005	-1069.4535152624605
3065.0000000000005	-1069.4458118767286
3065.5000000000005	-1069.4430166577674
3066.0000000000005	-1069.4337156385218
3066.5000000000005	-1069.4215192083107
3067.0000000000005	-1069.3937516487092
3067.5000000000005	-1069.3475994994142
3068.0000000000005	-1069.2596049416359
3068.5000000000005	-1069.074464637548
3069.0000000000005	-1067.97442977951
3069.5000000000005	-1067.60494776292
3070.0000000000005	-1067.4779433659735
3070.5000000000005	-1067.4109877332864
3071.0000000000005	-1067.3681931124963
3071.5000000000005	-1067.340406835934
3072.0000000000005	-1067.316839062909
3072.5000000000005	-1067.295272826855
3073.0000000000005	-1067.2696788702974
3073.5000000000005	-1067.234860845217
3074.0000000000005	-1067.1857218282462
3074.5000000000005	-1067.1090675472246
3075.0000000000005	-1066.9728237928114
3075.5000000000005	-1066.7731023966548
3076.0000000000005	-1066.471687109001
3076.5000000000005	-1065.1756856530426
3077.0000000000005	-1064.4386165712594
3077.5000000000005	-1064.2100826868416
3078.0000000000005	-1064.0993929761553
3078.5000000000005	-1064.0331270429485
3079.0000000000005	-1063.9948960407062
3079.5000000000005	-1063.9685558850742
3080.0000000000005	-1063.9531834186466
3080.5000000000005	-1063.9392659451419
3081.0000000000005	-1063.9259604258527
3081.5000000000005	-1063.9056454062534
3082.0000000000005	-1063.8752175468328
3082.5000000000005	-1063.8197980323514
3083.0000000000005	-1063.7220771087293
3083.5000000000005	-1063.4875273789758
3084.0000000000005	-1062.3365635234409
3084.5000000000005	-1062.087182346915
3085.0000000000005	-1061.9901716935701
3085.5000000000005	-1061.9376906288492
3086.0000000000005	-1061.9117125184762
3086.5000000000005	-1061.8958494012359
3087.0000000000005	-1061.8901056028185
3087.5000000000005	-1061.8830329606114
3088.0000000000005	-1061.8801703687818
3088.5000000000005	-1061.8667202207487
3089.0000000000005	-1061.85038700157
3089.5000000000005	-1061.8124567436455
3090.0000000000005	-1061.7530799013186
3090.5000000000005	-1061.6360796332897
3091.0000000000005	-1061.358816976344
3091.5000000000005	-1060.200717717109
3092.0000000000005	-1059.9747700860057
3092.5000000000005	-1059.8616606755188
3093.0000000000005	-1059.792182344834
3093.5000000000005	-1059.7303946074546
3094.0000000000005	-1059.6754247514314
3094.5000000000005	-1059.6004999370996
3095.0000000000005	-1059.4822336009454
3095.5000000000005	-1059.0566758235082
3096.0000000000005	-1058.9028395524736
3096.5000000000005	-1058.8273006845166
3097.0000000000005	-1058.7634858420115
3097.5000000000005	-1058.6804743511645
3098.0000000000005	-1058.5520154889887
3098.5000000000005	-1058.2194326147398
3099.0000000000005	-1057.109994879335
3099.5000000000005	-1056.9192471430088
3100.0000000000005	-1056.8352403950992
3100.5000000000005	-1056.790050847185
3101.0000000000005	-1056.7666254344742
3101.5000000000005	-1056.7546225446058
3102.0000000000005	-1056.7502745207466
3102.5000000000005	-1056.7469475061325
3103.0000000000005	-1056.745043725269
3103.5000000000005	-1056.7357637097089
3104.0000000000005	-1056.719313648862
3104.5000000000005	-1056.6849544165843
3105.0000000000005	-1056.6217723157467
3105.5000000000005	-1056.4950088888804
3106.0000000000005	-1056.0917601461972
3106.5000000000005	-1055.0605351067213
3107.0000000000005	-1054.894487936241
3107.5000000000005	-1054.8155008911126
3108.0000000000005	-1054.771342902193
3108.5000000000005	-1054.7437956775912
3109.0000000000005	-1054.7253273171002
3109.5000000000005	-1054.7109536998296
3110.0000000000005	-1054.6943280632777
3110.5000000000005	-1054.6754601739674
3111.0000000000005	-1054.6443476948657
3111.5000000000005	-1054.6008884577898
3112.0000000000005	-1054.5303441915712
3112.5000000000005	-1054.4188225921841
3113.0000000000005	-1054.2165931945074
3113.5000000000005	-1053.5364837700483
3114.0000000000005	-1052.3234618437343
3114.5000000000005	-1051.9648430384154
3115.0000000000005	-1051.8292289568822
3115.5000000000005	-1051.758158266759
3116.0000000000005	-1051.712500775053
3116.5000000000005	-1051.6881153896663
3117.0000000000005	-1051.6695734644084
3117.5000000000005	-1051.6589498846497
3118.0000000000005	-1051.6457656473776
3118.5000000000005	-1051.6312739417772
3119.0000000000005	-1051.6040575144527
3119.5000000000005	-1051.5632148623629
3120.0000000000005	-1051.4837515333056
3120.5000000000005	-1051.3297706464377
3121.0000000000005	-1050.4214340009512
3121.5000000000005	-1049.9036555741768
3122.0000000000005	-1049.768987824165
3122.5000000000005	-1049.7045553813696
3123.0000000000005	-1049.6651207031673
3123.5000000000005	-1049.6448099476877
3124.0000000000005	-1049.6278559147643
3124.5000000000005	-1049.6190880572588
3125.0000000000005	-1049.6041757048724
3125.5000000000005	-1049.5905151559155
3126.0000000000005	-1049.561337928615
3126.5000000000005	-1049.5213747861
3127.0000000000005	-1049.4474683055603
3127.5000000000005	-1049.308922954471
3128.0000000000005	-1049.068380016154
3128.5000000000005	-1047.9906615658442
3129.0000000000005	-1047.5994351335398
3129.5000000000005	-1047.456720018115
3130.0000000000005	-1047.3651254685728
3130.5000000000005	-1047.300129448058
3131.0000000000005	-1047.2365946792477
3131.5000000000005	-1047.1707502754273
3132.0000000000005	-1047.0751520505046
3132.5000000000005	-1046.8579374287378
3133.0000000000005	-1046.48272519157
3133.5000000000005	-1046.3880169977326
3134.0000000000005	-1046.3169494600988
3134.5000000000005	-1046.2423143143221
3135.0000000000005	-1046.132841535075
3135.5000000000005	-1045.923269818927
3136.0000000000005	-1044.8152108385566
3136.5000000000005	-1044.5222201365673
3137.0000000000005	-1044.4097271612054
3137.5000000000005	-1044.3511704571108
3138.0000000000005	-1044.3177269934552
3138.5000000000005	-1044.298520057231
3139.0000000000005	-1044.2872552534868
3139.5000000000005	-1044.2802498940346
3140.0000000000005	-1044.2727238752009
3140.5000000000005	-1044.262661726567
3141.0000000000005	-1044.2438622621091
3141.5000000000005	-1044.2122491899215
3142.0000000000005	-1044.157213003083
3142.5000000000005	-1044.0557277677312
3143.0000000000005	-1043.8253097163783
3143.5000000000005	-1042.7053419752556
3144.0000000000005	-1042.4588153638208
3144.5000000000005	-1042.3512648155486
3145.0000000000005	-1042.2880512477952
3145.5000000000005	-1042.243520287748
3146.0000000000005	-1042.208273226422
3146.5000000000005	-1042.1723651074728
3147.0000000000005	-1042.129638756929
3147.5000000000005	-1042.0590404778175
3148.0000000000005	-1041.9632717287625
3148.5000000000005	-1041.8854631388565
3149.0000000000005	-1041.805732005858
3149.5000000000005	-1041.6973066560472
3150.0000000000005	-1041.5315107298
3150.5000000000005	-1041.1840035649036
3151.0000000000005	-1039.930492751824
3151.5000000000005	-1039.3100957571132
3152.0000000000005	-1039.1202077402943
3152.5000000000005	-1039.0214682754454
3153.0000000000005	-1038.9667225089051
3153.5000000000005	-1038.9284544557026
3154.0000000000005	-1038.9071583865416
3154.5000000000005	-1038.8891558957591
3155.0000000000005	-1038.876652473439
3155.5000000000005	-1038.8594981590045
3156.0000000000005	-1038.8384971590413
3156.5000000000005	-1038.800629758802
3157.0000000000005	-1038.7416764913553
3157.5000000000005	-1038.6234135130303
3158.0000000000005	-1038.3080994467844
3158.5000000000005	-1037.2470340191269
3159.0000000000005	-1037.073106774366
3159.5000000000005	-1036.9912679974323
3160.0000000000005	-1036.9505671057889
3160.5000000000005	-1036.9251121432776
3161.0000000000005	-1036.9143306786473
3161.5000000000005	-1036.9043396698917
3162.0000000000005	-1036.9011755908962
3162.5000000000005	-1036.8905750843226
3163.0000000000005	-1036.880286570605
3163.5000000000005	-1036.8543394948438
3164.0000000000005	-1036.8164839279389
3164.5000000000005	-1036.7440563293164
3165.0000000000005	-1036.6115201971295
3165.5000000000005	-1036.1882895394015
3166.0000000000005	-1035.2063330413775
3166.5000000000005	-1035.0336260764852
3167.0000000000005	-1034.9434005674714
3167.5000000000005	-1034.8767245766044
3168.0000000000005	-1034.8250348812658
3168.5000000000005	-1034.7680827942695
3169.0000000000005	-1034.70041227764
3169.5000000000005	-1034.585859727855
3170.0000000000005	-1034.1873490962314
3170.5000000000005	-1034.0213748733847
3171.0000000000005	-1033.9447087360702
3171.5000000000005	-1033.8725111529752
3172.0000000000005	-1033.7831298850942
3172.5000000000005	-1033.6270196649075
3173.0000000000005	-1032.9680112089395
3173.5000000000005	-1032.2307109338649
3174.0000000000005	-1032.088315241192
3174.5000000000005	-1032.0172643860126
3175.0000000000005	-1031.9771134278722
3175.5000000000005	-1031.9542046478214
3176.0000000000005	-1031.9407600372263
3176.5000000000005	-1031.9314254387825
3177.0000000000005	-1031.9238263397374
3177.5000000000005	-1031.9122374205801
3178.0000000000005	-1031.8941900804687
3178.5000000000005	-1031.8640088623051
3179.0000000000005	-1031.8109443302296
3179.5000000000005	-1031.71795061132
3180.0000000000005	-1031.5131648935057
3180.5000000000005	-1030.5311364402598
3181.0000000000005	-1030.0710460946882
3181.5000000000005	-1029.935763054669
3182.0000000000005	-1029.863642343779
3182.5000000000005	-1029.8208242373435
3183.0000000000005	-1029.79179991284
3183.5000000000005	-1029.772961904537
3184.0000000000005	-1029.7542126223375
3184.5000000000005	-1029.7380272383004
3185.0000000000005	-1029.7130668409745
3185.5000000000005	-1029.68219759714
3186.0000000000005	-1029.6328179036423
3186.5000000000005	-1029.5602310048512
3187.0000000000005	-1029.4386032517468
3187.5000000000005	-1029.209989672582
3188.0000000000005	-1028.0910490773645
3188.5000000000005	-1027.5312253909367
3189.0000000000005	-1027.108747919429
3189.5000000000005	-1026.9869043257177
3190.0000000000005	-1026.91759231796
3190.5000000000005	-1026.8805926619536
3191.0000000000005	-1026.8551879906736
3191.5000000000005	-1026.8420369346206
3192.0000000000005	-1026.8290790438018
3192.5000000000005	-1026.8194740819033
3193.0000000000005	-1026.8007363116876
3193.5000000000005	-1026.7767120614153
3194.0000000000005	-1026.7271070553777
3194.5000000000005	-1026.6432940794416
3195.0000000000005	-1026.4438908172308
3195.5000000000005	-1025.3829170754013
3196.0000000000005	-1025.12585117232
3196.5000000000005	-1025.0308500798276
3197.0000000000005	-1024.9798176183083
3197.5000000000005	-1024.955779562957
3198.0000000000005	-1024.9400593392074
3198.5000000000005	-1024.935955112352
3199.0000000000005	-1024.9296730507585
3199.5000000000005	-1024.927372106362
3200.0000000000005	-1024.9169522492882
3200.5000000000005	-1024.901983202582
3201.0000000000005	-1024.870436779977
3201.5000000000005	-1024.8172106004647
3202.0000000000005	-1024.7146592459833
3202.5000000000005	-1024.4788127903932
3203.0000000000005	-1023.3975397899754
3203.5000000000005	-1023.17260262596
3204.0000000000005	-1023.0667515897843
3204.5000000000005	-1023.0012434320455
3205.0000000000005	-1022.95037353495
3205.5000000000005	-1022.9040415042059
3206.0000000000005	-1022.8509103930036
3206.5000000000005	-1022.7773848346229
3207.0000000000005	-1022.6341270593996
3207.5000000000005	-1022.2288966625653
3208.0000000000005	-1022.1153775162923
3208.5000000000005	-1022.0418735203862
3209.0000000000005	-1021.9608438427326
3209.5000000000005	-1021.8389702942494
3210.0000000000005	-1021.5539979070879
3210.5000000000005	-1020.5002805675365
3211.0000000000005	-1020.3133433629548
3211.5000000000005	-1020.2293347456621
3212.0000000000005	-1020.1858244979994
3212.5000000000005	-1020.1618723564341
3213.0000000000005	-1020.1501831979771
3213.5000000000005	-1020.1444800585872
3214.0000000000005	-1020.1422041114814
3214.5000000000005	-1020.1378488526426
3215.0000000000005	-1020.1314127269782
3215.5000000000005	-1020.1141474384009
3216.0000000000005	-1020.0846168019626
3216.5000000000005	-1020.0255647001698
3217.0000000000005	-1019.9118641192154
3217.5000000000005	-1019.5675585958675
3218.0000000000005	-1018.5796802912399
3218.5000000000005	-1018.4181260401307
3219.0000000000005	-1018.3437861054725
3219.5000000000005	-1018.2994476282528
3220.0000000000005	-1018.2755119743674
3220.5000000000005	-1018.2563582869722
3221.0000000000005	-1018.2446892018893
3221.5000000000005	-1018.229026172733
3222.0000000000005	-1018.212693847045
3222.5000000000005	-1018.1855100531494
3223.0000000000005	-1018.1484118830631
3223.5000000000005	-1018.0867639542515
3224.0000000000005	-1017.9926403480719
3224.5000000000005	-1017.8189149523979
3225.0000000000005	-1017.2755945368156
3225.5000000000005	-1016.3210312212135
3226.0000000000005	-1015.8168833487799
3226.5000000000005	-1015.581375075459
3227.0000000000005	-1015.4894194055603
3227.5000000000005	-1015.4337556836294
3228.0000000000005	-1015.4022445121387
3228.5000000000005	-1015.3769030509542
3229.0000000000005	-1015.3617379619188
3229.5000000000005	-1015.3416333329352
3230.0000000000005	-1015.3229353763959
3230.5000000000005	-1015.2895934937468
3231.0000000000005	-1015.2429857167363
3231.5000000000005	-1015.158536317012
3232.0000000000005	-1014.9990918833561
3232.5000000000005	-1014.1542274612544
3233.0000000000005	-1013.5758345793206
3233.5000000000005	-1013.427800424174
3234.0000000000005	-1013.3574248532562
3234.5000000000005	-1013.313020410257
3235.0000000000005	-1013.2909196868156
3235.5000000000005	-1013.2735538344175
3236.0000000000005	-1013.264649300412
3236.5000000000005	-1013.253729348539
3237.0000000000005	-1013.2433313177138
3237.5000000000005	-1013.2240628449077
3238.0000000000005	-1013.1963391000616
3238.5000000000005	-1013.1464316102633
3239.0000000000005	-1013.0629084947916
3239.5000000000005	-1012.8898932106545
3240.0000000000005	-1011.9021853907489
3240.5000000000005	-1011.5538456132356
3241.0000000000005	-1011.4272549574315
3241.5000000000005	-1011.353118359977
3242.0000000000005	-1011.297681399494
3242.5000000000005	-1011.2518078922412
3243.0000000000005	-1011.2030300555105
3243.5000000000005	-1011.1459782887821
3244.0000000000005	-1011.0583189985173
3244.5000000000005	-1010.8678522467491
3245.0000000000005	-1010.4931750764881
3245.5000000000005	-1010.390857703875
3246.0000000000005	-1010.2996440078757
3246.5000000000005	-1010.1891530891163
3247.0000000000005	-1009.9776174555451
3247.5000000000005	-1008.9355063765958
3248.0000000000005	-1008.6611315242716
3248.5000000000005	-1008.5511615868808
3249.0000000000005	-1008.4849898894226
3249.5000000000005	-1008.4429433330276
3250.0000000000005	-1008.40622031226
3250.5000000000005	-1008.3697051604762
3251.0000000000005	-1008.3082269492231
3251.5000000000005	-1008.2437482650483
3252.0000000000005	-1008.2062705443011
3252.5000000000005	-1008.1722800855222
3253.0000000000005	-1008.1327677023842
3253.5000000000005	-1008.0729255051563
3254.0000000000005	-1007.973150207311
3254.5000000000005	-1007.7456041832329
3255.0000000000005	-1006.7043750910996
3255.5000000000005	-1006.4858621436473
3256.0000000000005	-1006.3943631311164
3256.5000000000005	-1006.3394866902061
3257.0000000000005	-1006.3102838013582
3257.5000000000005	-1006.2861925144791
3258.0000000000005	-1006.2726538787122
3258.5000000000005	-1006.2556305773637
3259.0000000000005	-1006.2404438468747
3259.5000000000005	-1006.2159291830596
3260.0000000000005	-1006.1842760384375
3260.5000000000005	-1006.1319862055395
3261.0000000000005	-1006.0545543609562
3261.5000000000005	-1005.9173759959316
3262.0000000000005	-1005.6075732430377
3262.5000000000005	-1004.528419557141
3263.0000000000005	-1004.2353655137726
3263.5000000000005	-1003.77122025561
3264.0000000000005	-1003.6142495795077
3264.5000000000005	-1003.5440823358854
3265.0000000000005	-1003.5030703448064
3265.5000000000005	-1003.4784410002569
3266.0000000000005	-1003.4611174980832
3266.5000000000005	-1003.4481068896929
3267.0000000000005	-1003.4315093228747
3267.5000000000005	-1003.4120114345981
3268.0000000000005	-1003.3754130738823
3268.5000000000005	-1003.3191905449588
3269.0000000000005	-1003.2031319682058
3269.5000000000005	-1002.864757637067
3270.0000000000005	-1001.9148168871993
3270.5000000000005	-1001.7651223553003
3271.0000000000005	-1001.6933944163302
3271.5000000000005	-1001.6580162335285
3272.0000000000005	-1001.6354706431547
3272.5000000000005	-1001.6271426851729
3273.0000000000005	-1001.6192946454106
3273.5000000000005	-1001.6161893549871
3274.0000000000005	-1001.6083588227981
3274.5000000000005	-1001.5970194166808
3275.0000000000005	-1001.5753144882152
3275.5000000000005	-1001.5371534739444
3276.0000000000005	-1001.4693974362488
3276.5000000000005	-1001.3364871463903
3277.0000000000005	-1000.8135487851448
3277.5000000000005	-1000.0272443147408
3278.0000000000005	-999.8828251915854
3278.5000000000005	-999.8026443497606
3279.0000000000005	-999.7507264321
3279.5000000000005	-999.7061247444884
3280.0000000000005	-999.668155878092
3280.5000000000005	-999.6202393612339
3281.0000000000005	-999.5621113141885
3281.5000000000005	-999.4656666809494
3282.0000000000005	-999.1968416097235
3282.5000000000005	-998.900859416335
3283.0000000000005	-998.795532027785
3283.5000000000005	-998.6814492613366
3284.0000000000005	-998.5081586624166
3284.5000000000005	-997.6294616123831
3285.0000000000005	-997.1396077120776
3285.5000000000005	-996.9658185233656
3286.0000000000005	-996.8864239412638
3286.5000000000005	-996.8412278963266
3287.0000000000005	-996.8157037350493
3287.5000000000005	-996.8001288792991
3288.0000000000005	-996.7912920815561
3288.5000000000005	-996.7837579545052
3289.0000000000005	-996.7759247263225
3289.5000000000005	-996.7627906956928
3290.0000000000005	-996.7389792446432
3290.5000000000005	-996.6992031559184
3291.0000000000005	-996.6221791416526
3291.5000000000005	-996.4615770910829
3292.0000000000005	-995.4968165064071
3292.5000000000005	-995.1937269904504
3293.0000000000005	-995.0889818750201
3293.5000000000005	-995.0367056789711
3294.0000000000005	-995.003630900949
3294.5000000000005	-994.9869577341364
3295.0000000000005	-994.9715116464474
3295.5000000000005	-994.9638166183892
3296.0000000000005	-994.9496477940932
3296.5000000000005	-994.9353481648508
3297.0000000000005	-994.9084471460984
3297.5000000000005	-994.8700533300502
3298.0000000000005	-994.8059711686886
3298.5000000000005	-994.6992483126049
3299.0000000000005	-994.4777572462608
3299.5000000000005	-993.4329711258033
3300.0000000000005	-993.1289943220075
3300.5000000000005	-992.9063538139184
3301.0000000000005	-992.4848695661981
3301.5000000000005	-992.3687833285306
3302.0000000000005	-992.3152627666794
3302.5000000000005	-992.2827119293041
3303.0000000000005	-992.2646569111837
3303.5000000000005	-992.2484636237015
3304.0000000000005	-992.2356904617701
3304.5000000000005	-992.2160872002813
3305.0000000000005	-992.1893168583669
3305.5000000000005	-992.1385827724248
3306.0000000000005	-992.0499358303587
3306.5000000000005	-991.8255380357677
3307.0000000000005	-990.8286653671955
3307.5000000000005	-990.6332224548202
3308.0000000000005	-990.5550412635143
3308.5000000000005	-990.512173718728
3309.0000000000005	-990.4920293845321
3309.5000000000005	-990.480199802957
3310.0000000000005	-990.476426687947
3310.5000000000005	-990.470934382817
3311.0000000000005	-990.4698792342555
3311.5000000000005	-990.4611122236568
3312.0000000000005	-990.4458776104523
3312.5000000000005	-990.4157735674183
3313.0000000000005	-990.3607879931483
3313.5000000000005	-990.2572469586423
3314.0000000000005	-989.9775978696871
3314.5000000000005	-989.0019037258337
3315.0000000000005	-988.8280801063071
3315.5000000000005	-988.7450230629953
3316.0000000000005	-988.6914011068191
3316.5000000000005	-988.6550258089787
3317.0000000000005	-988.620072957789
3317.5000000000005	-988.5884846144075
3318.0000000000005	-988.5440429939212
3318.5000000000005	-988.4872828035542
3319.0000000000005	-988.3841150631406
3319.5000000000005	-988.0386964790629
3320.0000000000005	-987.8307384440217
3320.5000000000005	-987.7208018139287
3321.0000000000005	-987.5759996839636
3321.5000000000005	-987.1950898894697
3322.0000000000005	-986.2925382764088
3322.5000000000005	-986.1444285399527
3323.0000000000005	-986.0713419888115
3323.5000000000005	-986.0327577096542
3324.0000000000005	-986.0107030394241
3324.5000000000005	-985.9990291615223
3325.0000000000005	-985.9934239997309
3325.5000000000005	-985.9891078751116
3326.0000000000005	-985.9844717714107
3326.5000000000005	-985.9744982703467
3327.0000000000005	-985.9570526780404
3327.5000000000005	-985.9222846498149
3328.0000000000005	-985.861442104839
3328.5000000000005	-985.7320276949343
3329.0000000000005	-985.1220080980274
3329.5000000000005	-984.4793206406574
3330.0000000000005	-984.3561704991763
3330.5000000000005	-984.2910756947512
3331.0000000000005	-984.256684362639
3331.5000000000005	-984.2323550357049
3332.0000000000005	-984.2188675753097
3332.5000000000005	-984.2038150969477
3333.0000000000005	-984.192194889741
3333.5000000000005	-984.172171265956
3334.0000000000005	-984.1484247146213
3334.5000000000005	-984.1081189824797
3335.0000000000005	-984.0494085335706
3335.5000000000005	-983.9516892803978
3336.0000000000005	-983.7720551492149
3336.5000000000005	-982.8533924103667
3337.0000000000005	-982.4133800659259
3337.5000000000005	-982.1766497632605
3338.0000000000005	-981.9320294092526
3338.5000000000005	-981.5372620578886
3339.0000000000005	-981.4345059300805
3339.5000000000005	-981.3812602647537
3340.0000000000005	-981.3458161534031
3340.5000000000005	-981.3226472753889
3341.0000000000005	-981.2998040939019
3341.5000000000005	-981.2778052033726
3342.0000000000005	-981.2453278926063
3342.5000000000005	-981.1996000117888
3343.0000000000005	-981.1174135586637
3343.5000000000005	-980.9507838497765
3344.0000000000005	-979.9952082799447
3344.5000000000005	-979.7247417849612
3345.0000000000005	-979.6233423036603
3345.5000000000005	-979.5742865238459
3346.0000000000005	-979.543001361755
3346.5000000000005	-979.5275865989485
3347.0000000000005	-979.5158291643622
3347.5000000000005	-979.5097288703721
3348.0000000000005	-979.5001782895282
3348.5000000000005	-979.4901700847354
3349.0000000000005	-979.4694873036256
3349.5000000000005	-979.4403158642765
3350.0000000000005	-979.3872987254858
3350.5000000000005	-979.2952170143842
3351.0000000000005	-979.0912975444777
3351.5000000000005	-978.1019464188553
3352.0000000000005	-977.8699314122582
3352.5000000000005	-977.7632448168375
3353.0000000000005	-977.6922063725253
3353.5000000000005	-977.633495414822
3354.0000000000005	-977.57010189498
3354.5000000000005	-977.4799323259375
3355.0000000000005	-977.3978425106214
3355.5000000000005	-977.3267816378965
3356.0000000000005	-977.2455832068758
3356.5000000000005	-977.1173625471565
3357.0000000000005	-976.7258279769137
3357.5000000000005	-976.5390127070458
3358.0000000000005	-976.3907664722244
3358.5000000000005	-976.1299346884825
3359.0000000000005	-975.1424633254547
3359.5000000000005	-974.9458040837159
3360.0000000000005	-974.858579265341
3360.5000000000005	-974.807588527625
3361.0000000000005	-974.7804601088498
3361.5000000000005	-974.7626037769035
3362.0000000000005	-974.7534785180868
3362.5000000000005	-974.7462194822067
3363.0000000000005	-974.7415555567864
3363.5000000000005	-974.7298937776889
3364.0000000000005	-974.7159222443489
3364.5000000000005	-974.6845261865743
3365.0000000000005	-974.6340865002431
3365.5000000000005	-974.5310512218224
3366.0000000000005	-974.2477418842241
3366.5000000000005	-973.3195008822647
3367.0000000000005	-973.1677616007282
3367.5000000000005	-973.0937266437986
3368.0000000000005	-973.0583038036582
3368.5000000000005	-973.0330954318574
3369.0000000000005	-973.0211540912665
3369.5000000000005	-973.0093774826108
3370.0000000000005	-973.001848179288
3370.5000000000005	-972.9882006973585
3371.0000000000005	-972.9727734330655
3371.5000000000005	-972.9421217652671
3372.0000000000005	-972.9005917875464
3372.5000000000005	-972.8246526791082
3373.0000000000005	-972.692300885253
3373.5000000000005	-972.2739836628195
3374.0000000000005	-971.4148533608869
3374.5000000000005	-971.2330498611957
3375.0000000000005	-971.0974949928429
3375.5000000000005	-970.8748080286568
3376.0000000000005	-970.5501830094222
3376.5000000000005	-970.4728664309588
3377.0000000000005	-970.4336780617252
3377.5000000000005	-970.4082016245541
3378.0000000000005	-970.3898466159101
3378.5000000000005	-970.3683175101281
3379.0000000000005	-970.3443174875541
3379.5000000000005	-970.3039449056695
3380.0000000000005	-970.2396050297547
3380.5000000000005	-970.1092434046038
3381.0000000000005	-969.4233780911483
3381.5000000000005	-968.8957515016402
3382.0000000000005	-968.7805815840364
3382.5000000000005	-968.7221507595299
3383.0000000000005	-968.6923693904401
3383.5000000000005	-968.6745189355903
3384.0000000000005	-968.6651132689433
3384.5000000000005	-968.6589737157532
3385.0000000000005	-968.6530283705113
3385.5000000000005	-968.6446833286701
3386.0000000000005	-968.6304198082818
3386.5000000000005	-968.6040900199523
3387.0000000000005	-968.5619397209183
3387.5000000000005	-968.4855049785872
3388.0000000000005	-968.3292479997269
3388.5000000000005	-967.4402555136888
3389.0000000000005	-967.0950246573308
3389.5000000000005	-966.9580943970622
3390.0000000000005	-966.8400513824921
3390.5000000000005	-966.7778693734413
3391.0000000000005	-966.736243790061
3391.5000000000005	-966.7032096288024
3392.0000000000005	-966.6681409225733
3392.5000000000005	-966.6319976196913
3393.0000000000005	-966.5800385874987
3393.5000000000005	-966.5067809724942
3394.0000000000005	-966.3719640111777
3394.5000000000005	-965.9721800980299
3395.0000000000005	-965.7908105450946
3395.5000000000005	-965.5809686416819
3396.0000000000005	-964.6199170564588
3396.5000000000005	-964.3621334806538
3397.0000000000005	-964.2586646562968
3397.5000000000005	-964.2062176868119
3398.0000000000005	-964.1743347187914
3398.5000000000005	-964.159396044441
3399.0000000000005	-964.1483721176553
3399.5000000000005	-964.1458256289727
3400.0000000000005	-964.1392847374332
3400.5000000000005	-964.1355441111027
3401.0000000000005	-964.1215553301614
3401.5000000000005	-964.0999139976897
3402.0000000000005	-964.056592987862
3402.5000000000005	-963.9776825527716
3403.0000000000005	-963.7811135053669
3403.5000000000005	-962.838188016942
3404.0000000000005	-962.6394842849708
3404.5000000000005	-962.5610882341209
3405.0000000000005	-962.5174344495134
3405.5000000000005	-962.4953128339323
3406.0000000000005	-962.480540628481
3406.5000000000005	-962.4740779120891
3407.0000000000005	-962.4646342542054
3407.5000000000005	-962.458681696763
3408.0000000000005	-962.4440036183289
3408.5000000000005	-962.4235044105812
3409.0000000000005	-962.3869537857153
3409.5000000000005	-962.3278902293341
3410.0000000000005	-962.2197493569356
3410.5000000000005	-961.96443574254
3411.0000000000005	-961.0063428028504
3411.5000000000005	-960.8089529964689
3412.0000000000005	-960.6875620127906
3412.5000000000005	-960.5714119614742
3413.0000000000005	-960.3107502294089
3413.5000000000005	-960.0591022622747
3414.0000000000005	-959.9961677600031
3414.5000000000005	-959.963245170532
3415.0000000000005	-959.9393300008962
3415.5000000000005	-959.9199366843034
3416.0000000000005	-959.896250671858
3416.5000000000005	-959.861153992093
3417.0000000000005	-959.807823747807
3417.5000000000005	-959.7042125978836
3418.0000000000005	-959.4016474025656
3418.5000000000005	-958.5263965975972
3419.0000000000005	-958.3862130315468
3419.5000000000005	-958.3222317636618
3420.0000000000005	-958.2896203059988
3420.5000000000005	-958.2711281363502
3421.0000000000005	-958.2642253774562
3421.5000000000005	-958.2596495993389
3422.0000000000005	-958.258008804342
3422.5000000000005	-958.2536913778248
3423.0000000000005	-958.2464678214542
3423.5000000000005	-958.2283496889601
3424.0000000000005	-958.1984881000698
3424.5000000000005	-958.1386171763984
3425.0000000000005	-958.0243016229887
3425.5000000000005	-957.5743847571106
3426.0000000000005	-956.8353362112844
3426.5000000000005	-956.7059521356723
3427.0000000000005	-956.6418065318577
3427.5000000000005	-956.5986992594384
3428.0000000000005	-956.5723598722515
3428.5000000000005	-956.5465049403027
3429.0000000000005	-956.5253369693836
3429.5000000000005	-956.4962280749461
3430.0000000000005	-956.4614352192642
3430.5000000000005	-956.4079374331825
3431.0000000000005	-956.3285437754079
3431.5000000000005	-956.168850023767
3432.0000000000005	-955.759120017982
3432.5000000000005	-955.5416776038306
3433.0000000000005	-954.7538414454508
3433.5000000000005	-954.3044408253221
3434.0000000000005	-954.1824351068664
3434.5000000000005	-954.116402707042
3435.0000000000005	-954.0813070695758
3435.5000000000005	-954.0566239980743
3436.0000000000005	-954.045966717879
3436.5000000000005	-954.0354636132754
3437.0000000000005	-954.0295327719397
3437.5000000000005	-954.0194714604755
3438.0000000000005	-954.006171949486
3438.5000000000005	-953.9810564122914
3439.0000000000005	-953.9415569266031
3439.5000000000005	-953.8651340811676
3440.0000000000005	-953.7146527384651
3440.5000000000005	-952.8295037673504
3441.0000000000005	-952.5343946494086
3441.5000000000005	-952.4202783298194
3442.0000000000005	-952.3276537523714
3442.5000000000005	-952.2561760341202
3443.0000000000005	-952.2240705020392
3443.5000000000005	-952.2022202943028
3444.0000000000005	-952.1880203707839
3444.5000000000005	-952.1727380718895
3445.0000000000005	-952.1553602039241
3445.5000000000005	-952.1319372370908
3446.0000000000005	-952.0966819645545
3446.5000000000005	-952.0413045995253
3447.0000000000005	-951.9488519271052
3447.5000000000005	-951.7575168682221
3448.0000000000005	-950.8179234480406
3448.5000000000005	-950.566898257869
3449.0000000000005	-950.4418737960472
3449.5000000000005	-950.3445799382147
3450.0000000000005	-950.2313931066003
3450.5000000000005	-949.9106018121938
3451.0000000000005	-949.7375612447923
3451.5000000000005	-949.6797668420363
3452.0000000000005	-949.6429321889576
3452.5000000000005	-949.6144314317597
3453.0000000000005	-949.5831388427403
3453.5000000000005	-949.5464032383571
3454.0000000000005	-949.4901318031066
3454.5000000000005	-949.3968150842466
3455.0000000000005	-949.1852425832265
3455.5000000000005	-948.2578512098497
3456.0000000000005	-948.0635169067892
3456.5000000000005	-947.9744566045415
3457.0000000000005	-947.9126361389077
3457.5000000000005	-947.8570455477796
3458.0000000000005	-947.7848999848185
3458.5000000000005	-947.7424598553431
3459.0000000000005	-947.7173153061813
3459.5000000000005	-947.7004584794972
3460.0000000000005	-947.6800889870947
3460.5000000000005	-947.6587556782409
3461.0000000000005	-947.6226711798417
3461.5000000000005	-947.5693018177309
3462.0000000000005	-947.4689397808808
3462.5000000000005	-947.2165664930244
3463.0000000000005	-946.3159362703824
3463.5000000000005	-946.1564693097044
3464.0000000000005	-946.0767878397645
3464.5000000000005	-946.0326990477743
3465.0000000000005	-945.9987891007358
3465.5000000000005	-945.9761275096978
3466.0000000000005	-945.9521908399239
3466.5000000000005	-945.9292326928221
3467.0000000000005	-945.8975861933234
3467.5000000000005	-945.8585544103483
3468.0000000000005	-945.7954767914617
3468.5000000000005	-945.7019534204028
3469.0000000000005	-945.5016616342075
3469.5000000000005	-945.0766245427086
3470.0000000000005	-944.6851567140137
3470.5000000000005	-943.8254245816306
3471.0000000000005	-943.6708380755316
3471.5000000000005	-943.5975056773746
3472.0000000000005	-943.5522001400423
3472.5000000000005	-943.5305694675664
3473.0000000000005	-943.5143592371402
3473.5000000000005	-943.5081349098766
3474.0000000000005	-943.501184225473
3474.5000000000005	-943.4971080043451
3475.0000000000005	-943.4861351253413
3475.5000000000005	-943.4713563091866
3476.0000000000005	-943.4384363159862
3476.5000000000005	-943.3851185373674
3477.0000000000005	-943.2699362529559
3477.5000000000005	-942.7709244092515
3478.0000000000005	-942.1255701296336
3478.5000000000005	-942.0121803543948
3479.0000000000005	-941.9547887369032
3479.5000000000005	-941.9260132658899
3480.0000000000005	-941.9068686032784
3480.5000000000005	-941.8984628964367
3481.0000000000005	-941.8900123256054
3481.5000000000005	-941.8841695400397
3482.0000000000005	-941.8734934577457
3482.5000000000005	-941.8593460356362
3483.0000000000005	-941.8319953096923
3483.5000000000005	-941.7908057882709
3484.0000000000005	-941.7161079299145
3484.5000000000005	-941.5741912544444
3485.0000000000005	-940.7854248810453
3485.5000000000005	-940.3944321396901
3486.0000000000005	-940.2641247673401
3486.5000000000005	-940.1765959264512
3487.0000000000005	-940.0924885444431
3487.5000000000005	-939.9818491901243
3488.0000000000005	-939.6380000988415
3488.5000000000005	-939.5216746825722
3489.0000000000005	-939.4723422047804
3489.5000000000005	-939.4398907783599
3490.0000000000005	-939.4099066964453
3490.5000000000005	-939.3769304590105
3491.0000000000005	-939.3281802345975
3491.5000000000005	-939.2523288719545
3492.0000000000005	-939.0966439851097
3492.5000000000005	-938.2275272801801
3493.0000000000005	-937.957002991749
3493.5000000000005	-937.8540722937089
3494.0000000000005	-937.7847349144839
3494.5000000000005	-937.7069060815649
3495.0000000000005	-937.6686370522549
3495.5000000000005	-937.6513666842135
3496.0000000000005	-937.6402428800081
3496.5000000000005	-937.6313746278523
3497.0000000000005	-937.6218759612034
3497.5000000000005	-937.6068266524663
3498.0000000000005	-937.582126217639
3498.5000000000005	-937.5401128174926
3499.0000000000005	-937.4621365509252
3499.5000000000005	-937.2896779696647
3500.0000000000005	-936.3953364971627
3500.5000000000005	-936.1835250514962
3501.0000000000005	-936.0982656033949
3501.5000000000005	-936.0492862646581
3502.0000000000005	-936.0187398845716
3502.5000000000005	-935.9964867343724
3503.0000000000005	-935.9779684021238
3503.5000000000005	-935.9588428352075
3504.0000000000005	-935.9363847925254
3504.5000000000005	-935.9040232703364
3505.0000000000005	-935.8598899409174
3505.5000000000005	-935.7897733540384
3506.0000000000005	-935.6746249272459
3506.5000000000005	-935.3913815467834
3507.0000000000005	-934.932994072828
3507.5000000000005	-933.9871573838814
3508.0000000000005	-933.7885770821508
3508.5000000000005	-933.6971792339478
3509.0000000000005	-933.6493715372055
3509.5000000000005	-933.6200927293199
3510.0000000000005	-933.6054239071783
3510.5000000000005	-933.5957499900769
3511.0000000000005	-933.5920191699495
3511.5000000000005	-933.5861670566326
3512.0000000000005	-933.5808643068094
3512.5000000000005	-933.566162190571
3513.0000000000005	-933.543676018384
3513.5000000000005	-933.4973736229866
3514.0000000000005	-933.4102874147552
3514.5000000000005	-933.1658716911622
3515.0000000000005	-932.307751787003
3515.5000000000005	-932.1614433120525
3516.0000000000005	-932.0993935652699
3516.5000000000005	-932.0638037228159
3517.0000000000005	-932.0472473914881
3517.5000000000005	-932.0356683417348
3518.0000000000005	-932.0312122030534
3518.5000000000005	-932.0247833638441
3519.0000000000005	-932.020331185761
3519.5000000000005	-932.0064717614778
3520.0000000000005	-931.9888811081385
3520.5000000000005	-931.9526360375489
3521.0000000000005	-931.8955368150353
3521.5000000000005	-931.7830484154213
3522.0000000000005	-931.4502668821443
3522.5000000000005	-930.638140305293
3523.0000000000005	-930.4924905384876
3523.5000000000005	-930.4026424557449
3524.0000000000005	-930.3344679569713
3524.5000000000005	-930.2563628908342
3525.0000000000005	-930.132172369948
3525.5000000000005	-929.7976691791456
3526.0000000000005	-929.7176096049132
3526.5000000000005	-929.6758928454185
3527.0000000000005	-929.6480633219559
3527.5000000000005	-929.6155684598501
3528.0000000000005	-929.5786947419945
3528.5000000000005	-929.51525464001
3529.0000000000005	-929.4011549877134
3529.5000000000005	-928.8772654210348
3530.0000000000005	-928.2852353860449
3530.5000000000005	-928.1726663559807
3531.0000000000005	-928.1210922362247
3531.5000000000005	-928.0906471871605
3532.0000000000005	-928.077892796677
3532.5000000000005	-928.0688725859446
3533.0000000000005	-928.0668741872296
3533.5000000000005	-928.0626886699948
3534.0000000000005	-928.059737891715
3534.5000000000005	-928.0489015110771
3535.0000000000005	-928.0322067213658
3535.5000000000005	-927.9968696345568
3536.0000000000005	-927.9368589618596
3536.5000000000005	-927.8071837943756
3537.0000000000005	-927.0469274531479
3537.5000000000005	-926.6950504778222
3538.0000000000005	-926.5935319579509
3538.5000000000005	-926.5369883151401
3539.0000000000005	-926.5040556680198
3539.5000000000005	-926.4774412825982
3540.0000000000005	-926.4603156167273
3540.5000000000005	-926.4403190892968
3541.0000000000005	-926.4192536831812
3541.5000000000005	-926.3896471573859
3542.0000000000005	-926.3508585205343
3542.5000000000005	-926.2910026628402
3543.0000000000005	-926.2015560022325
3543.5000000000005	-926.0429685942466
3544.0000000000005	-925.5844722657394
3544.5000000000005	-924.6075598147938
3545.0000000000005	-924.3061328908366
3545.5000000000005	-924.182781389467
3546.0000000000005	-924.1069049177048
3546.5000000000005	-924.0329117905452
3547.0000000000005	-923.9683255045467
3547.5000000000005	-923.9386230508932
3548.0000000000005	-923.9210010997689
3548.5000000000005	-923.90713692418
3549.0000000000005	-923.8935658316649
3549.5000000000005	-923.8760230510024
3550.0000000000005	-923.8505837053765
3550.5000000000005	-923.807323827775
3551.0000000000005	-923.7321703007957
3551.5000000000005	-923.5637078991302
3552.0000000000005	-922.6956551127813
3552.5000000000005	-922.4924513674763
3553.0000000000005	-922.4098578592115
3553.5000000000005	-922.3669940161865
3554.0000000000005	-922.3412540967742
3554.5000000000005	-922.3246255962483
3555.0000000000005	-922.3135184511618
3555.5000000000005	-922.3036859732811
3556.0000000000005	-922.2922158157137
3556.5000000000005	-922.277352838117
3557.0000000000005	-922.2540992579482
3557.5000000000005	-922.2188700612585
3558.0000000000005	-922.1619645630503
3558.5000000000005	-922.0645470768854
3559.0000000000005	-921.8486144236354
3559.5000000000005	-920.9566075702462
3560.0000000000005	-920.7539516579538
3560.5000000000005	-920.6363350546563
3561.0000000000005	-920.5235118224365
3561.5000000000005	-920.4058085096947
3562.0000000000005	-920.2954078521484
3562.5000000000005	-920.0756058465842
3563.0000000000005	-919.8122460036471
3563.5000000000005	-919.7446442096084
3564.0000000000005	-919.6999637735785
3564.5000000000005	-919.6626391288017
3565.0000000000005	-919.6195954044332
3565.5000000000005	-919.5622065786988
3566.0000000000005	-919.4645254473495
3566.5000000000005	-919.2231370432191
3567.0000000000005	-918.3791450860929
3567.5000000000005	-918.2333095409373
3568.0000000000005	-918.1657683953966
3568.5000000000005	-918.1308438975326
3569.0000000000005	-918.1100659892907
3569.5000000000005	-918.100189101291
3570.0000000000005	-918.093255829456
3570.5000000000005	-918.0906616846287
3571.0000000000005	-918.0844525271193
3571.5000000000005	-918.0776277636469
3572.0000000000005	-918.0608702735451
3572.5000000000005	-918.0343967745106
3573.0000000000005	-917.9831020917173
3573.5000000000005	-917.8862965065654
3574.0000000000005	-917.5828790656697
3574.5000000000005	-916.800784941839
3575.0000000000005	-916.6705196688034
3575.5000000000005	-916.6095405663489
3576.0000000000005	-916.5708668635011
3576.5000000000005	-916.548197497416
3577.0000000000005	-916.5288815814956
3577.5000000000005	-916.5141759995136
3578.0000000000005	-916.4952505105166
3578.5000000000005	-916.4751545132203
3579.0000000000005	-916.4421389262279
3579.5000000000005	-916.3990702991939
3580.0000000000005	-916.3279066370933
3580.5000000000005	-916.215893685393
3581.0000000000005	-915.9823157258957
3581.5000000000005	-915.215904808575
3582.0000000000005	-914.5198577950624
3582.5000000000005	-914.3797780785193
3583.0000000000005	-914.3052408571315
3583.5000000000005	-914.2659778096937
3584.0000000000005	-914.2401567202181
3584.5000000000005	-914.2276627629159
3585.0000000000005	-914.2179346800368
3585.5000000000005	-914.2135445419742
3586.0000000000005	-914.2057508379546
3586.5000000000005	-914.1975948825917
3587.0000000000005	-914.1785376474367
3587.5000000000005	-914.1492958260646
3588.0000000000005	-914.0910020266447
3588.5000000000005	-913.9742551520445
3589.0000000000005	-913.2841813401944
3589.5000000000005	-912.9005168682216
3590.0000000000005	-912.8013975910251
3590.5000000000005	-912.7537961692777
3591.0000000000005	-912.72543743768
3591.5000000000005	-912.7111331190746
3592.0000000000005	-912.700790941186
3592.5000000000005	-912.6948220381337
3593.0000000000005	-912.686773948582
3593.5000000000005	-912.6778626871037
3594.0000000000005	-912.6607988090176
3594.5000000000005	-912.6354360630451
3595.0000000000005	-912.5914719924192
3595.5000000000005	-912.5180934530438
3596.0000000000005	-912.3700950308279
3596.5000000000005	-911.558130686749
3597.0000000000005	-911.2657677643822
3597.5000000000005	-911.1492916574443
3598.0000000000005	-911.0651148058469
3598.5000000000005	-910.9834075933254
3599.0000000000005	-910.8649873503423
3599.5000000000005	-910.7303767376809
3600.0000000000005	-910.3962065014578
3600.5000000000005	-910.3009671179377
3601.0000000000005	-910.253367064589
3601.5000000000005	-910.2173050002446
3602.0000000000005	-910.1802211537276
3602.5000000000005	-910.1321451349406
3603.0000000000005	-910.0572986653281
3603.5000000000005	-909.9011798626697
3604.0000000000005	-909.0681106394762
3604.5000000000005	-908.8513290996284
3605.0000000000005	-908.7708053707325
3605.5000000000005	-908.728947514109
3606.0000000000005	-908.7071033800063
3606.5000000000005	-908.694809255584
3607.0000000000005	-908.6906377496238
3607.5000000000005	-908.6864251451634
3608.0000000000005	-908.6850372237476
3608.5000000000005	-908.6788745787082
3609.0000000000005	-908.6690516288029
3609.5000000000005	-908.6474355377594
3610.0000000000005	-908.6099226484635
3610.5000000000005	-908.5355115536798
3611.0000000000005	-908.3652060480314
3611.5000000000005	-907.5208371777976
3612.0000000000005	-907.3415594349113
3612.5000000000005	-907.2642798740944
3613.0000000000005	-907.223620493687
3613.5000000000005	-907.1961300378964
3614.0000000000005	-907.1792609502102
3614.5000000000005	-907.1625381245068
3615.0000000000005	-907.1494229842863
3615.5000000000005	-907.1286406562768
3616.0000000000005	-907.104986467409
3616.5000000000005	-907.0658954216253
3617.0000000000005	-907.0104746278212
3617.5000000000005	-906.9176918145472
3618.0000000000005	-906.7525371537866
3618.5000000000005	-906.2424903099941
3619.0000000000005	-905.3071478570064
3619.5000000000005	-905.1136695531573
3620.0000000000005	-905.0280646895055
3620.5000000000005	-904.9781159305414
3621.0000000000005	-904.9519800968228
3621.5000000000005	-904.9347560453473
3622.0000000000005	-904.9280603721323
3622.5000000000005	-904.9208900859537
3623.0000000000005	-904.9182564542194
3623.5000000000005	-904.9096242127995
3624.0000000000005	-904.8989321570267
3624.5000000000005	-904.8742148790002
3625.0000000000005	-904.8326230702911
3625.5000000000005	-904.7467825999984
3626.0000000000005	-904.510970776796
3626.5000000000005	-903.7082021668364
3627.0000000000005	-903.5768155559546
3627.5000000000005	-903.5159666934145
3628.0000000000005	-903.4860325407358
3628.5000000000005	-903.4678144288604
3629.0000000000005	-903.4595237305749
3629.5000000000005	-903.4529682999295
3630.0000000000005	-903.4498390978422
3630.5000000000005	-903.4422225047648
3631.0000000000005	-903.4325694117977
3631.5000000000005	-903.4130296553391
3632.0000000000005	-903.3817912672339
3632.5000000000005	-903.3257947979154
3633.0000000000005	-903.222758863245
3633.5000000000005	-902.9098510850102
3634.0000000000005	-902.1483234180508
3634.5000000000005	-902.0091751510283
3635.0000000000005	-901.9290856839062
3635.5000000000005	-901.8656646594669
3636.0000000000005	-901.8010938986048
3636.5000000000005	-901.7088758153548
3637.0000000000005	-901.4071880614238
3637.5000000000005	-901.2863556817263
3638.0000000000005	-901.2411264480628
3638.5000000000005	-901.2089580472789
3639.0000000000005	-901.1784217987027
3639.5000000000005	-901.1396660557986
3640.0000000000005	-901.0816081044512
3640.5000000000005	-900.9734132482379
3641.0000000000005	-900.5355693806648
3641.5000000000005	-899.9220011782991
3642.0000000000005	-899.8144114184845
3642.5000000000005	-899.7619976449555
3643.0000000000005	-899.7332975336174
3643.5000000000005	-899.7182439716414
3644.0000000000005	-899.7089291674629
3644.5000000000005	-899.7041300159391
3645.0000000000005	-899.6997895367274
3645.5000000000005	-899.6933586055667
3646.0000000000005	-899.6823952379955
3646.5000000000005	-899.6633370815681
3647.0000000000005	-899.6290401366209
3647.5000000000005	-899.5701676462248
3648.0000000000005	-899.4493705077898
3648.5000000000005	-898.7913162219743
3649.0000000000005	-898.3928937874131
3649.5000000000005	-898.2850175931908
3650.0000000000005	-898.2219091300595
3650.5000000000005	-898.1746647202109
3651.0000000000005	-898.1159012032225
3651.5000000000005	-898.0570716198073
3652.0000000000005	-898.0229725356418
3652.5000000000005	-897.9946976580119
3653.0000000000005	-897.961866228725
3653.5000000000005	-897.921671127564
3654.0000000000005	-897.8644122260015
3654.5000000000005	-897.7807366463938
3655.0000000000005	-897.6352199077963
3655.5000000000005	-897.2209485636661
3656.0000000000005	-896.3262033802595
3656.5000000000005	-896.0118135299024
3657.0000000000005	-895.8977600789613
3657.5000000000005	-895.8363230328614
3658.0000000000005	-895.7979529995966
3658.5000000000005	-895.775995062686
3659.0000000000005	-895.7588878079875
3659.5000000000005	-895.7493147746061
3660.0000000000005	-895.7376625529528
3660.5000000000005	-895.7271773025437
3661.0000000000005	-895.7094386317914
3661.5000000000005	-895.6845264483477
3662.0000000000005	-895.6408395373626
3662.5000000000005	-895.569147428849
3663.0000000000005	-895.4142479936356
3663.5000000000005	-894.601061344748
3664.0000000000005	-894.3543022836201
3664.5000000000005	-894.2247958015311
3665.0000000000005	-894.1454523934747
3665.5000000000005	-894.1040916225918
3666.0000000000005	-894.0761954524071
3666.5000000000005	-894.06032533707
3667.0000000000005	-894.0444990653027
3667.5000000000005	-894.0333162781512
3668.0000000000005	-894.0169592554892
3668.5000000000005	-893.9974125613156
3669.0000000000005	-893.9650824638722
3669.5000000000005	-893.9186307408595
3670.0000000000005	-893.8348984391596
3670.5000000000005	-893.6629447808685
3671.0000000000005	-892.8310803741415
3671.5000000000005	-892.6296609535445
3672.0000000000005	-892.5297841026287
3672.5000000000005	-892.4594793360277
3673.0000000000005	-892.3889524626344
3673.5000000000005	-892.2993732768352
3674.0000000000005	-892.0065277416962
3674.5000000000005	-891.8796012087558
3675.0000000000005	-891.83163846482
3675.5000000000005	-891.8030622958393
3676.0000000000005	-891.7744689007474
3676.5000000000005	-891.7439930775262
3677.0000000000005	-891.6958064272187
3677.5000000000005	-891.6193492027176
3678.0000000000005	-891.4322844017489
3678.5000000000005	-890.6235347000907
3679.0000000000005	-890.4644173458939
3679.5000000000005	-890.3995177504952
3680.0000000000005	-890.3636536447009
3680.5000000000005	-890.3468786514763
3681.0000000000005	-890.3355703583967
3681.5000000000005	-890.3327369829516
3682.0000000000005	-890.3287213659521
3682.5000000000005	-890.3274079891746
3683.0000000000005	-890.3200443584357
3683.5000000000005	-890.3089219945131
3684.0000000000005	-890.2845484278622
3684.5000000000005	-890.243667921618
3685.0000000000005	-890.1604606155679
3685.5000000000005	-889.9486236226189
3686.0000000000005	-889.1526504438168
3686.5000000000005	-889.013102167353
3687.0000000000005	-888.9467294667322
3687.5000000000005	-888.9092261959405
3688.0000000000005	-888.8830967937365
3688.5000000000005	-888.8655912754433
3689.0000000000005	-888.8473354369695
3689.5000000000005	-888.8309149824726
3690.0000000000005	-888.8065382149774
3690.5000000000005	-888.7761244402986
3691.0000000000005	-888.7283616139624
3691.5000000000005	-888.6582088458823
3692.0000000000005	-888.532784998184
3692.5000000000005	-888.1625016034016
3693.0000000000005	-887.7822869185761
3693.5000000000005	-886.9910142444265
3694.0000000000005	-886.8457928898773
3694.5000000000005	-886.7758681656215
3695.0000000000005	-886.7359652397547
3695.5000000000005	-886.7128090395422
3696.0000000000005	-886.6986156144526
3696.5000000000005	-886.6917955325334
3697.0000000000005	-886.6846257560596
3697.5000000000005	-886.6793869789816
3698.0000000000005	-886.6696449358217
3698.5000000000005	-886.6538514160042
3699.0000000000005	-886.6262842798393
3699.5000000000005	-886.5768439614803
3700.0000000000005	-886.4792436960045
3700.5000000000005	-886.1424735410958
3701.0000000000005	-885.4610779997505
3701.5000000000005	-885.3472053850412
3702.0000000000005	-885.2879170017782
3702.5000000000005	-885.2482642631835
3703.0000000000005	-885.2114498127232
3703.5000000000005	-885.1540335290282
3704.0000000000005	-885.1261839905562
3704.5000000000005	-885.1102222750422
3705.0000000000005	-885.0950006371886
3705.5000000000005	-885.0772794568256
3706.0000000000005	-885.0522892957114
3706.5000000000005	-885.0133574553212
3707.0000000000005	-884.9503675787242
3707.5000000000005	-884.8327642849474
3708.0000000000005	-884.2846195311046
3708.5000000000005	-883.7870582967486
3709.0000000000005	-883.6637291860359
3709.5000000000005	-883.5823278481373
3710.0000000000005	-883.5095229431862
3710.5000000000005	-883.4132273700086
3711.0000000000005	-883.1176214547061
3711.5000000000005	-883.0058912614846
3712.0000000000005	-882.9638518239105
3712.5000000000005	-882.9370131269483
3713.0000000000005	-882.9152038184153
3713.5000000000005	-882.8891998335549
3714.0000000000005	-882.8543238306427
3714.5000000000005	-882.7954447902384
3715.0000000000005	-882.6798292986905
3715.5000000000005	-881.9970451635949
3716.0000000000005	-881.6783361232042
3716.5000000000005	-881.589184705742
3717.0000000000005	-881.5471907777961
3717.5000000000005	-881.5233212314037
3718.0000000000005	-881.5126759498671
3718.5000000000005	-881.5070120443181
3719.0000000000005	-881.5052983824628
3719.5000000000005	-881.5032074873599
3720.0000000000005	-881.5004240011433
3720.5000000000005	-881.4909656122638
3721.0000000000005	-881.4757243102702
3721.5000000000005	-881.4428139123315
3722.0000000000005	-881.3846786293487
3722.5000000000005	-881.257066745822
3723.0000000000005	-880.5063069942609
3723.5000000000005	-880.2613724422449
3724.0000000000005	-880.1775704628468
3724.5000000000005	-880.1297917044487
3725.0000000000005	-880.1022479400199
3725.5000000000005	-880.0801740927285
3726.0000000000005	-880.0638807491115
3726.5000000000005	-880.0453564676747
3727.0000000000005	-880.0250606796532
3727.5000000000005	-879.9950422235735
3728.0000000000005	-879.9544351572152
3728.5000000000005	-879.8869948105975
3729.0000000000005	-879.7715699825046
3729.5000000000005	-879.4163445260025
3730.0000000000005	-879.1783661955641
3730.5000000000005	-878.3648087720918
3731.0000000000005	-878.1482702880189
3731.5000000000005	-878.0605250017059
3732.0000000000005	-878.0164654977125
3732.5000000000005	-877.9885716961687
3733.0000000000005	-877.97598772113
3733.5000000000005	-877.9672167946079
3734.0000000000005	-877.9643074836388
3734.5000000000005	-877.960130694215
3735.0000000000005	-877.9563285740221
3735.5000000000005	-877.9449931153902
3736.0000000000005	-877.92852323988
3736.5000000000005	-877.8917313463631
3737.0000000000005	-877.826915553929
3737.5000000000005	-877.668104189862
3738.0000000000005	-876.8850817726849
3738.5000000000005	-876.7162409267106
3739.0000000000005	-876.6502291393836
3739.5000000000005	-876.6129505083546
3740.0000000000005	-876.5950872672146
3740.5000000000005	-876.5817512638209
3741.0000000000005	-876.5761700918125
3741.5000000000005	-876.5689536820526
3742.0000000000005	-876.5629252971307
3742.5000000000005	-876.5503300551668
3743.0000000000005	-876.5343995507001
3743.5000000000005	-876.5029930540186
3744.0000000000005	-876.4561619922498
3744.5000000000005	-876.3684440544475
3745.0000000000005	-876.1717145473447
3745.5000000000005	-875.3707169875222
3746.0000000000005	-875.2005968735397
3746.5000000000005	-875.1020255276912
3747.0000000000005	-875.0214459355911
3747.5000000000005	-874.9124799714883
3748.0000000000005	-874.6107232238656
3748.5000000000005	-874.5156769666307
3749.0000000000005	-874.4772025000887
3749.5000000000005	-874.449599066089
3750.0000000000005	-874.4296600802348
3750.5000000000005	-874.4041503918355
3751.0000000000005	-874.3749691298547
3751.5000000000005	-874.324672631315
3752.0000000000005	-874.2407886824775
3752.5000000000005	-874.0199201767881
3753.0000000000005	-873.2582795267788
3753.5000000000005	-873.1216740643807
3754.0000000000005	-873.0586528312293
3754.5000000000005	-873.0161512679788
3755.0000000000005	-872.9858231355404
3755.5000000000005	-872.9370072091435
3756.0000000000005	-872.8983067567241
3756.5000000000005	-872.8798561355339
3757.0000000000005	-872.8676853386199
3757.5000000000005	-872.8514451142427
3758.0000000000005	-872.8337450124259
3758.5000000000005	-872.8010932065929
3759.0000000000005	-872.752490332024
3759.5000000000005	-872.6582847807714
3760.0000000000005	-872.3908326699675
3760.5000000000005	-871.6662727979258
3761.0000000000005	-871.5438616482629
3761.5000000000005	-871.4784741728713
3762.0000000000005	-871.4387440255357
3762.5000000000005	-871.4078897919982
3763.0000000000005	-871.3839896127491
3763.5000000000005	-871.3579316786785
3764.0000000000005	-871.3302355971058
3764.5000000000005	-871.2929719036504
3765.0000000000005	-871.2447463742633
3765.5000000000005	-871.1692361424148
3766.0000000000005	-871.0406093315148
3766.5000000000005	-870.6837417289695
3767.0000000000005	-870.4871590086941
3767.5000000000005	-870.0570233528097
3768.0000000000005	-869.3715371581417
3768.5000000000005	-869.2348387980295
3769.0000000000005	-869.1653019235926
3769.5000000000005	-869.1219687590566
3770.0000000000005	-869.0975261809359
3770.5000000000005	-869.0800442966702
3771.0000000000005	-869.0700603595055
3771.5000000000005	-869.0618398193023
3772.0000000000005	-869.0535179530235
3772.5000000000005	-869.041664078166
3773.0000000000005	-869.0252121348494
3773.5000000000005	-868.9947321560688
3774.0000000000005	-868.9439813308414
3774.5000000000005	-868.8398109487172
3775.0000000000005	-868.2921466000569
3775.5000000000005	-867.8646583217206
3776.0000000000005	-867.7704179465796
3776.5000000000005	-867.7228327447133
3777.0000000000005	-867.6969002834012
3777.5000000000005	-867.6805253826508
3778.0000000000005	-867.6710098848131
3778.5000000000005	-867.6634385114345
3779.0000000000005	-867.6556861841144
3779.5000000000005	-867.6457066254419
3780.0000000000005	-867.63041195582
3780.5000000000005	-867.6058915839909
3781.0000000000005	-867.5668017011578
3781.5000000000005	-867.5001494824928
3782.0000000000005	-867.3720179999528
3782.5000000000005	-866.6775073520286
3783.0000000000005	-866.3606458905651
3783.5000000000005	-866.2419425916712
3784.0000000000005	-866.1487422649783
3784.5000000000005	-866.0283346768254
3785.0000000000005	-865.7289594470775
3785.5000000000005	-865.6520498796872
3786.0000000000005	-865.616697915442
3786.5000000000005	-865.5961297195543
3787.0000000000005	-865.5787213659462
3787.5000000000005	-865.5621949889638
3788.0000000000005	-865.5398015391299
3788.5000000000005	-865.5059398700671
3789.0000000000005	-865.4460186064872
3789.5000000000005	-865.3219616057947
3790.0000000000005	-864.5922195270351
3790.5000000000005	-864.36866222935
3791.0000000000005	-864.2914150270763
3791.5000000000005	-864.2537444706152
3792.0000000000005	-864.2331004423029
3792.5000000000005	-864.2232246606337
3793.0000000000005	-864.2171387159345
3793.5000000000005	-864.2157716775989
3794.0000000000005	-864.2117971752133
3794.5000000000005	-864.2079590881868
3795.0000000000005	-864.1969481430007
3795.5000000000005	-864.1786823313736
3796.0000000000005	-864.1440944367562
3796.5000000000005	-864.0806142730974
3797.0000000000005	-863.9376419927632
3797.5000000000005	-863.1829480022309
3798.0000000000005	-862.9897695133039
3798.5000000000005	-862.9138290234781
3799.0000000000005	-862.8681350039384
3799.5000000000005	-862.8388490947032
3800.0000000000005	-862.814244699182
3800.5000000000005	-862.7938491147312
3801.0000000000005	-862.768421724029
3801.5000000000005	-862.7402134126893
3802.0000000000005	-862.6967887713756
3802.5000000000005	-862.6338204974069
3803.0000000000005	-862.5076545966984
3803.5000000000005	-862.1895647568455
3804.0000000000005	-862.0538361797956
3804.5000000000005	-861.8659066770388
3805.0000000000005	-861.085277927229
3805.5000000000005	-860.9132342379755
3806.0000000000005	-860.833488290421
3806.5000000000005	-860.7887663417278
3807.0000000000005	-860.7546696289891
3807.5000000000005	-860.7213033152146
3808.0000000000005	-860.6685139995354
3808.5000000000005	-860.6493632982173
3809.0000000000005	-860.6349104440744
3809.5000000000005	-860.6254510020061
3810.0000000000005	-860.6086587063243
3810.5000000000005	-860.5870029368335
3811.0000000000005	-860.5464541610247
3811.5000000000005	-860.4751271567968
3812.0000000000005	-860.2930254661312
3812.5000000000005	-859.5441767540257
3813.0000000000005	-859.4025409294504
3813.5000000000005	-859.3436110783515
3814.0000000000005	-859.3090851998974
3814.5000000000005	-859.2915362948434
3815.0000000000005	-859.278786053914
3815.5000000000005	-859.2723175394875
3816.0000000000005	-859.2638133813871
3816.5000000000005	-859.2572552181334
3817.0000000000005	-859.2428885904382
3817.5000000000005	-859.2246994788001
3818.0000000000005	-859.191668702354
3818.5000000000005	-859.1407059576185
3819.0000000000005	-859.0468774707355
3819.5000000000005	-858.817418506851
3820.0000000000005	-858.0626816707966
3820.5000000000005	-857.9080580453241
3821.0000000000005	-857.7975459706422
3821.5000000000005	-857.6586152956938
3822.0000000000005	-857.3707629854484
3822.5000000000005	-857.3043917870293
3823.0000000000005	-857.2713731940042
3823.5000000000005	-857.2534472485244
3824.0000000000005	-857.2384722995741
3824.5000000000005	-857.226222275628
3825.0000000000005	-857.2084396215394
3825.5000000000005	-857.1835198219324
3826.0000000000005	-857.1392313228979
3826.5000000000005	-857.0561814290595
3827.0000000000005	-856.7968533954145
3827.5000000000005	-856.1156143473917
3828.0000000000005	-856.0069478304158
3828.5000000000005	-855.958235594758
3829.0000000000005	-855.9322617714765
3829.5000000000005	-855.9195660940894
3830.0000000000005	-855.91301858401
3830.5000000000005	-855.9107823516105
3831.0000000000005	-855.9082893906743
3831.5000000000005	-855.9061794499397
3832.0000000000005	-855.8988726460312
3832.5000000000005	-855.885264402442
3833.0000000000005	-855.8596506357643
3833.5000000000005	-855.8127633117748
3834.0000000000005	-855.7191484072049
3834.5000000000005	-855.3629984000377
3835.0000000000005	-854.7682250158244
3835.5000000000005	-854.6651528575699
3836.0000000000005	-854.6102715018005
3836.5000000000005	-854.5754777181668
3837.0000000000005	-854.5503693024298
3837.5000000000005	-854.5278721994216
3838.0000000000005	-854.5046677818167
3838.5000000000005	-854.4764847190818
3839.0000000000005	-854.4366448456918
3839.5000000000005	-854.3742539123234
3840.0000000000005	-854.2400337609213
3840.5000000000005	-853.9511724382793
3841.0000000000005	-853.8469877211174
3841.5000000000005	-853.7207898083989
3842.0000000000005	-853.1648312323794
3842.5000000000005	-852.7564279702408
3843.0000000000005	-852.6612589389053
3843.5000000000005	-852.6131708389717
3844.0000000000005	-852.5876583198378
3844.5000000000005	-852.5726296935939
3845.0000000000005	-852.5659621365935
3845.5000000000005	-852.5615666470275
3846.0000000000005	-852.5592929343601
3846.5000000000005	-852.555169477469
3847.0000000000005	-852.5476397901548
3847.5000000000005	-852.5319034750618
3848.0000000000005	-852.5049880855016
3848.5000000000005	-852.4520235315666
3849.0000000000005	-852.3430645685828
3849.5000000000005	-851.679872869799
3850.0000000000005	-851.4099186666994
3850.5000000000005	-851.3274265809251
3851.0000000000005	-851.2858378615048
3851.5000000000005	-851.2604042381239
3852.0000000000005	-851.246348136585
3852.5000000000005	-851.2345646180889
3853.0000000000005	-851.226572842279
3853.5000000000005	-851.2157945168791
3854.0000000000005	-851.203336880995
3854.5000000000005	-851.1829462877896
3855.0000000000005	-851.1544830489562
3855.5000000000005	-851.1072390157287
3856.0000000000005	-851.0328255475704
3856.5000000000005	-850.8850485011834
3857.0000000000005	-850.1451170245219
3857.5000000000005	-849.8911437112029
3858.0000000000005	-849.755731937787
3858.5000000000005	-849.5768455896858
3859.0000000000005	-849.3009414287907
3859.5000000000005	-849.2204663166343
3860.0000000000005	-849.1485413065344
3860.5000000000005	-849.099445302916
3861.0000000000005	-849.0742817000105
3861.5000000000005	-849.0519814346954
3862.0000000000005	-849.0320580634946
3862.5000000000005	-849.003682865616
3863.0000000000005	-848.9658625371391
3863.5000000000005	-848.8981013169608
3864.0000000000005	-848.7580195749949
3864.5000000000005	-848.0241352058536
3865.0000000000005	-847.846479459892
3865.5000000000005	-847.7736811388203
3866.0000000000005	-847.7367247125204
3866.5000000000005	-847.7117694458657
3867.0000000000005	-847.6983927019953
3867.5000000000005	-847.6860405344587
3868.0000000000005	-847.6775971049575
3868.5000000000005	-847.6649737221927
3869.0000000000005	-847.650929210873
3869.5000000000005	-847.6254993224551
3870.0000000000005	-847.5897827793787
3870.5000000000005	-847.5230434640849
3871.0000000000005	-847.4080015371713
3871.5000000000005	-847.2158146844379
3872.0000000000005	-846.4620542562734
3872.5000000000005	-846.2920028977109
3873.0000000000005	-846.2147969830139
3873.5000000000005	-846.163267680853
3874.0000000000005	-846.1290059823049
3874.5000000000005	-846.0967335439666
3875.0000000000005	-846.0686233063943
3875.5000000000005	-846.0337210124394
3876.0000000000005	-845.9910624781318
3876.5000000000005	-845.9222642033751
3877.0000000000005	-845.7629656063065
3877.5000000000005	-845.5099827275599
3878.0000000000005	-845.4251423554425
3878.5000000000005	-845.3271364855392
3879.0000000000005	-845.1339435136807
3879.5000000000005	-844.4005070271927
3880.0000000000005	-844.2634765499236
3880.5000000000005	-844.2002277315429
3881.0000000000005	-844.1682756568688
3881.5000000000005	-844.1481454854304
3882.0000000000005	-844.1395378177114
3882.5000000000005	-844.1328784262381
3883.0000000000005	-844.1307807979454
3883.5000000000005	-844.1266422550073
3884.0000000000005	-844.1215666144097
3884.5000000000005	-844.1092467594716
3885.0000000000005	-844.0893387899191
3885.5000000000005	-844.0496356949257
3886.0000000000005	-843.97530992675
3886.5000000000005	-843.7641816987698
3887.0000000000005	-843.0672334751314
3887.5000000000005	-842.9503001476538
3888.0000000000005	-842.8973188328384
3888.5000000000005	-842.8673139158877
3889.0000000000005	-842.8506338258454
3889.5000000000005	-842.8389812577035
3890.0000000000005	-842.8313666352961
3890.5000000000005	-842.8230963723984
3891.0000000000005	-842.8133148052584
3891.5000000000005	-842.7977656580385
3892.0000000000005	-842.7759704312418
3892.5000000000005	-842.7402180256274
3893.0000000000005	-842.6826935343108
3893.5000000000005	-842.5797297864688
3894.0000000000005	-842.2909540581958
3894.5000000000005	-841.6032351654417
3895.0000000000005	-841.4401257384142
3895.5000000000005	-841.2285943150439
3896.0000000000005	-840.9955871059186
3896.5000000000005	-840.9372643165818
3897.0000000000005	-840.9065518200347
3897.5000000000005	-840.8887048315773
3898.0000000000005	-840.876290229478
3898.5000000000005	-840.8668932375559
3899.0000000000005	-840.855213933549
3899.5000000000005	-840.8397003827713
3900.0000000000005	-840.8133698864123
3900.5000000000005	-840.7687217686594
3901.0000000000005	-840.678487568604
3901.5000000000005	-840.3119356804712
3902.0000000000005	-839.7685706450874
3902.5000000000005	-839.6768044997591
3903.0000000000005	-839.6315906066741
3903.5000000000005	-839.6086360175971
3904.0000000000005	-839.5949507050443
3904.5000000000005	-839.5888719795179
3905.0000000000005	-839.5836371737561
3905.5000000000005	-839.5809791637448
3906.0000000000005	-839.5742945386156
3906.5000000000005	-839.5656685560739
3907.0000000000005	-839.5470015199884
3907.5000000000005	-839.5181372766207
3908.0000000000005	-839.4640572030381
3908.5000000000005	-839.3604824877569
3909.0000000000005	-838.8094657951685
3909.5000000000005	-838.4354862622533
3910.0000000000005	-838.3372667993291
3910.5000000000005	-838.2817292473882
3911.0000000000005	-838.2373594470072
3911.5000000000005	-838.1991766628596
3912.0000000000005	-838.1471027080722
3912.5000000000005	-838.0763144914297
3913.0000000000005	-838.0184622880096
3913.5000000000005	-837.9466808325592
3914.0000000000005	-837.753407712267
3914.5000000000005	-837.5455882083377
3915.0000000000005	-837.4699922343401
3915.5000000000005	-837.395050321161
3916.0000000000005	-837.2695903868761
3916.5000000000005	-836.6086350135843
3917.0000000000005	-836.354056469638
3917.5000000000005	-836.2750573991364
3918.0000000000005	-836.2317554634673
3918.5000000000005	-836.2105500638966
3919.0000000000005	-836.1971798533574
3919.5000000000005	-836.1923450325623
3920.0000000000005	-836.1879414017689
3920.5000000000005	-836.1872381723465
3921.0000000000005	-836.1816874875346
3921.5000000000005	-836.1756926897258
3922.0000000000005	-836.1588135330489
3922.5000000000005	-836.1314077810147
3923.0000000000005	-836.0762780026993
3923.5000000000005	-835.9577529714811
3924.0000000000005	-835.2659068557571
3924.5000000000005	-835.0719433807611
3925.0000000000005	-835.0001247816643
3925.5000000000005	-834.9648476887278
3926.0000000000005	-834.9426824334796
3926.5000000000005	-834.9306139956683
3927.0000000000005	-834.9209533999024
3927.5000000000005	-834.9143876977513
3928.0000000000005	-834.9041718551243
3928.5000000000005	-834.893035244801
3929.0000000000005	-834.8730599671559
3929.5000000000005	-834.8443430978373
3930.0000000000005	-834.7965280666888
3930.5000000000005	-834.7177762767533
3931.0000000000005	-834.5548506547216
3931.5000000000005	-833.8111071982044
3932.0000000000005	-833.5859666448289
3932.5000000000005	-833.3299765814112
3933.0000000000005	-833.1289168447659
3933.5000000000005	-833.0711575834533
3934.0000000000005	-833.0404154580187
3934.5000000000005	-833.0231529075396
3935.0000000000005	-833.0117985067556
3935.5000000000005	-833.0039486240704
3936.0000000000005	-832.9953335846701
3936.5000000000005	-832.9838853862572
3937.0000000000005	-832.9644694789447
3937.5000000000005	-832.930877231485
3938.0000000000005	-832.867923872456
3938.5000000000005	-832.7147748219179
3939.0000000000005	-832.0098980446882
3939.5000000000005	-831.8711867531799
3940.0000000000005	-831.8142286533936
3940.5000000000005	-831.7850489375187
3941.0000000000005	-831.769717985298
3941.5000000000005	-831.7616243079401
3942.0000000000005	-831.758265494057
3942.5000000000005	-831.7554107266997
3943.0000000000005	-831.7524817625028
3943.5000000000005	-831.7460950826442
3944.0000000000005	-831.7343743163466
3944.5000000000005	-831.7124463324832
3945.0000000000005	-831.6738912710177
3945.5000000000005	-831.6002234802986
3946.0000000000005	-831.4161701843128
3946.5000000000005	-830.7153798017961
3947.0000000000005	-830.5855668199638
3947.5000000000005	-830.521598327458
3948.0000000000005	-830.4810697007769
3948.5000000000005	-830.449045736399
3949.0000000000005	-830.4211804992876
3949.5000000000005	-830.3885256267669
3950.0000000000005	-830.3483793097337
3950.5000000000005	-830.2815378095214
3951.0000000000005	-830.0748953756101
3951.5000000000005	-829.9036250621689
3952.0000000000005	-829.8426526426254
3952.5000000000005	-829.7803891662861
3953.0000000000005	-829.6933876012683
3953.5000000000005	-829.4655233136842
3954.0000000000005	-828.7980071070403
3954.5000000000005	-828.6848978954861
3955.0000000000005	-828.6332306953601
3955.5000000000005	-828.6038215682956
3956.0000000000005	-828.58908520452
3956.5000000000005	-828.5786973416633
3957.0000000000005	-828.5752147275219
3957.5000000000005	-828.5701909798801
3958.0000000000005	-828.5661986798522
3958.5000000000005	-828.5577754190792
3959.0000000000005	-828.5447046001793
3959.5000000000005	-828.518778260052
3960.0000000000005	-828.4761889681475
3960.5000000000005	-828.3892934611754
3961.0000000000005	-828.1050383144467
3961.5000000000005	-827.4979730802067
3962.0000000000005	-827.3963263264529
3962.5000000000005	-827.3420258818161
3963.0000000000005	-827.3086838366484
3963.5000000000005	-827.2796947491137
3964.0000000000005	-827.2529231004166
3964.5000000000005	-827.2006887454114
3965.0000000000005	-827.1670438770979
3965.5000000000005	-827.14133180127
3966.0000000000005	-827.1161905393976
3966.5000000000005	-827.0816218729265
3967.0000000000005	-827.0361781601342
3967.5000000000005	-826.9634955831991
3968.0000000000005	-826.8418702510799
3968.5000000000005	-826.3488598927694
3969.0000000000005	-825.848543096049
3969.5000000000005	-825.546372292498
3970.0000000000005	-825.3566558418463
3970.5000000000005	-825.2889696409542
3971.0000000000005	-825.2516197102303
3971.5000000000005	-825.224287809727
3972.0000000000005	-825.2062469956547
3972.5000000000005	-825.1874600176529
3973.0000000000005	-825.1695528860705
3973.5000000000005	-825.1430182682892
3974.0000000000005	-825.1040366383492
3974.5000000000005	-825.0312021938902
3975.0000000000005	-824.9516444870195
3975.5000000000005	-824.8329300315703
3976.0000000000005	-824.2335298122613
3976.5000000000005	-823.9396678642495
3977.0000000000005	-823.856847259277
3977.5000000000005	-823.8118609668994
3978.0000000000005	-823.7879499615799
3978.5000000000005	-823.7710857376635
3979.0000000000005	-823.7634649854976
3979.5000000000005	-823.7551652484577
3980.0000000000005	-823.7503720000133
3980.5000000000005	-823.7410902679953
3981.0000000000005	-823.7301922669072
3981.5000000000005	-823.7092165231702
3982.0000000000005	-823.6778019264375
3982.5000000000005	-823.6188140338999
3983.0000000000005	-823.5034237086013
3983.5000000000005	-822.8395581481883
3984.0000000000005	-822.6213803847174
3984.5000000000005	-822.5388829202304
3985.0000000000005	-822.4908965739207
3985.5000000000005	-822.45323603007
3986.0000000000005	-822.4234583479473
3986.5000000000005	-822.3884576128422
3987.0000000000005	-822.3483612768541
3987.5000000000005	-822.2810002126334
3988.0000000000005	-822.0691974912127
3988.5000000000005	-821.9146871824123
3989.0000000000005	-821.8610622941777
3989.5000000000005	-821.8084281280381
3990.0000000000005	-821.7422639908555
3990.5000000000005	-821.607825446735
3991.0000000000005	-820.9253209718846
3991.5000000000005	-820.7504051736065
3992.0000000000005	-820.6853867253808
3992.5000000000005	-820.6500165394621
3993.0000000000005	-820.633450912967
3993.5000000000005	-820.6218852491966
3994.0000000000005	-820.6194695779861
3994.5000000000005	-820.6157659389663
3995.0000000000005	-820.6150088251294
3995.5000000000005	-820.6098587891553
3996.0000000000005	-820.6027070548112
3996.5000000000005	-820.584463596876
3997.0000000000005	-820.5550761341175
3997.5000000000005	-820.4936890843485
3998.0000000000005	-820.3543162839317
3998.5000000000005	-819.6668167877473
3999.0000000000005	-819.5227255019788
3999.5000000000005	-819.4618125261112
4000.0000000000005	-819.4306869739659
4000.5000000000005	-819.4094069103478
4001.0000000000005	-819.3984115166537
4001.5000000000005	-819.3871304952331
4002.0000000000005	-819.3795402273776
4002.5000000000005	-819.3669824070162
4003.0000000000005	-819.3528462544244
4003.5000000000005	-819.3287613747709
4004.0000000000005	-819.2954849696272
4004.5000000000005	-819.2391782616182
4005.0000000000005	-819.1485192157601
4005.5000000000005	-818.9443447709305
4006.0000000000005	-818.2053029239357
4006.5000000000005	-817.8732856532451
4007.0000000000005	-817.6788492484843
4007.5000000000005	-817.6115486514617
4008.0000000000005	-817.5770332281764
4008.5000000000005	-817.5539751410531
4009.0000000000005	-817.5429152225765
4009.5000000000005	-817.5323367263808
4010.0000000000005	-817.5264320790567
4010.5000000000005	-817.5159572758157
4011.0000000000005	-817.5038127237375
4011.5000000000005	-817.4807108271189
4012.0000000000005	-817.4439022120864
4012.5000000000005	-817.3695507863089
4013.0000000000005	-817.1745124414889
4013.5000000000005	-816.5162980917889
4014.0000000000005	-816.4061931225983
4014.5000000000005	-816.3523220979703
4015.0000000000005	-816.3224915378453
4015.5000000000005	-816.2999917503905
4016.0000000000005	-816.2826048249625
4016.5000000000005	-816.2503963607277
4017.0000000000005	-816.2124967617864
4017.5000000000005	-816.1931322946664
4018.0000000000005	-816.1789769167211
4018.5000000000005	-816.1586836156866
4019.0000000000005	-816.1314010068986
4019.5000000000005	-816.0838444560835
4020.0000000000005	-816.0008256082909
4020.5000000000005	-815.7421709546813
4021.0000000000005	-815.1285180736478
4021.5000000000005	-815.019576445377
4022.0000000000005	-814.9618665001891
4022.5000000000005	-814.9205495439138
4023.0000000000005	-814.888334192989
4023.5000000000005	-814.852941249148
4024.0000000000005	-814.8135349602879
4024.5000000000005	-814.7489497939922
4025.0000000000005	-814.5559670901914
4025.5000000000005	-814.391791380313
4026.0000000000005	-814.3414216551068
4026.5000000000005	-814.2969619980837
4027.0000000000005	-814.2437522943252
4027.5000000000005	-814.1492415083779
4028.0000000000005	-813.7762841672053
4028.5000000000005	-813.2882905628463
4029.0000000000005	-813.2020111399435
4029.5000000000005	-813.1585846206937
4030.0000000000005	-813.137389892928
4030.5000000000005	-813.1247674889419
4031.0000000000005	-813.1206999501062
4031.5000000000005	-813.1165762348517
4032.0000000000005	-813.1172923281473
4032.5000000000005	-813.1134988237707
4033.0000000000005	-813.1089845165365
4033.5000000000005	-813.0955622540152
4034.0000000000005	-813.0729860988222
4034.5000000000005	-813.0276379054116
4035.0000000000005	-812.9356909794707
4035.5000000000005	-812.3978000455891
4036.0000000000005	-812.0863247094167
4036.5000000000005	-812.0066439619122
4037.0000000000005	-811.9676262046937
4037.5000000000005	-811.9438649709582
4038.0000000000005	-811.9302021760925
4038.5000000000005	-811.9191425023366
4039.0000000000005	-811.9113593008781
4039.5000000000005	-811.9001634391796
4040.0000000000005	-811.8882770434554
4040.5000000000005	-811.8678210423143
4041.0000000000005	-811.8379184904139
4041.5000000000005	-811.7929707163592
4042.0000000000005	-811.7190126246672
4042.5000000000005	-811.5777153472499
4043.0000000000005	-810.8964035423578
4043.5000000000005	-810.5046729912482
4044.0000000000005	-810.2671003849123
4044.5000000000005	-810.1926521730436
4045.0000000000005	-810.1535225333607
4045.5000000000005	-810.1311852958455
4046.0000000000005	-810.1185851569112
4046.5000000000005	-810.10981080162
4047.0000000000005	-810.105121676916
4047.5000000000005	-810.0979478153655
4048.0000000000005	-810.0895591817668
4048.5000000000005	-810.0734633865952
4049.0000000000005	-810.0453622626271
4049.5000000000005	-809.9934502436182
4050.0000000000005	-809.8779164185305
4050.5000000000005	-809.2235514653233
4051.0000000000005	-809.0528334155193
4051.5000000000005	-808.9894658638905
4052.0000000000005	-808.9583148907578
4052.5000000000005	-808.9407955250484
4053.0000000000005	-808.9314172712195
4053.5000000000005	-808.9262645002018
4054.0000000000005	-808.9235257456738
4054.5000000000005	-808.9185428999277
4055.0000000000005	-808.913071056109
4055.5000000000005	-808.900670790176
4056.0000000000005	-808.8811891239902
4056.5000000000005	-808.8457883266045
4057.0000000000005	-808.7832049044346
4057.5000000000005	-808.6422212387105
4058.0000000000005	-807.9693270257723
4058.5000000000005	-807.8141089006374
4059.0000000000005	-807.7445996281037
4059.5000000000005	-807.6975683852046
4060.0000000000005	-807.6618353278599
4060.5000000000005	-807.6258892633575
4061.0000000000005	-807.5853738987059
4061.5000000000005	-807.5254774633398
4062.0000000000005	-807.3770863293963
4062.5000000000005	-807.1700589816955
4063.0000000000005	-807.1171631069813
4063.5000000000005	-807.0739229654121
4064.0000000000005	-807.0264138442252
4064.5000000000005	-806.9515192133678
4065.0000000000005	-806.7874139501345
4065.5000000000005	-806.1203329145701
4066.0000000000005	-805.9918964102405
4066.5000000000005	-805.9317062648329
4067.0000000000005	-805.8986468013262
4067.5000000000005	-805.874332158545
4068.0000000000005	-805.8570236100113
4068.5000000000005	-805.8338970962432
4069.0000000000005	-805.790817932525
4069.5000000000005	-805.7668066434783
4070.0000000000005	-805.7515021693663
4070.5000000000005	-805.73173188734
4071.0000000000005	-805.7075808167524
4071.5000000000005	-805.6649621066997
4072.0000000000005	-805.592461274719
4072.5000000000005	-805.3991538876893
4073.0000000000005	-804.7553767231618
4073.5000000000005	-804.6408121633473
4074.0000000000005	-804.5862869316536
4074.5000000000005	-804.550127076571
4075.0000000000005	-804.5280423837877
4075.5000000000005	-804.5071738438636
4076.0000000000005	-804.4899593633793
4076.5000000000005	-804.4687122520903
4077.0000000000005	-804.4435313877815
4077.5000000000005	-804.4046522199039
4078.0000000000005	-804.3435699498721
4078.5000000000005	-804.2625900934223
4079.0000000000005	-804.1811165710898
4079.5000000000005	-804.0578571953017
4080.0000000000005	-803.759145317389
4080.5000000000005	-803.0363078654639
4081.0000000000005	-802.7208655895382
4081.5000000000005	-802.6260313688472
4082.0000000000005	-802.5779856004887
4082.5000000000005	-802.5464644866089
4083.0000000000005	-802.5293558706775
4083.5000000000005	-802.5161524286199
4084.0000000000005	-802.5082319664417
4084.5000000000005	-802.499074626987
4085.0000000000005	-802.4909112959327
4085.5000000000005	-802.4737852651241
4086.0000000000005	-802.452140341093
4086.5000000000005	-802.4087570754535
4087.0000000000005	-802.3269091728921
4087.5000000000005	-801.9663387616813
4088.0000000000005	-801.4989065053255
4088.5000000000005	-801.4137632148658
4089.0000000000005	-801.3751410646032
4089.5000000000005	-801.3513640707166
4090.0000000000005	-801.3409017923303
4090.5000000000005	-801.3328918352998
4091.0000000000005	-801.3292614784173
4091.5000000000005	-801.324619758072
4092.0000000000005	-801.3207317013735
4092.5000000000005	-801.3092771400406
4093.0000000000005	-801.2948836577789
4093.5000000000005	-801.2653694465339
4094.0000000000005	-801.2174938413488
4094.5000000000005	-801.1185686544908
4095.0000000000005	-800.5802874072112
4095.5000000000005	-800.2780635444261
4096.0	-800.193910216265
4096.5	-800.1408604967104
4097.0	-800.104959524392
4097.5	-800.0696032773225
4098.0	-800.0331252589104
4098.5	-799.9810368675278
4099.0	-799.8799508664597
4099.5	-799.6383135469031
4100.0	-799.581687313312
4100.5	-799.5419342972446
4101.0	-799.5033419411684
4101.5	-799.4451620705881
4102.0	-799.337601480635
4102.5	-798.7207135689697
4103.0	-798.5185676022928
4103.5	-798.4487159917854
4104.0	-798.4163427610879
4104.5	-798.3965554816915
4105.0	-798.3886284553374
4105.5	-798.3828452799494
4106.0	-798.3815985850996
4106.5	-798.3790571836779
4107.0	-798.3769875728588
4107.5	-798.3679681498418
4108.0	-798.354740423157
4108.5	-798.3254078772773
4109.0	-798.2751623695398
4109.5	-798.1568771337703
4110.0	-797.5179702637439
4110.5	-797.353873251594
4111.0	-797.2922147354057
4111.5	-797.2566828287974
4112.0	-797.2373855817456
4112.5	-797.221244227216
4113.0	-797.2124402449806
4113.5	-797.2003423568555
4114.0	-797.1892466161498
4114.5	-797.1717493920542
4115.0	-797.1490538875439
4115.5	-797.1127248008646
4116.0	-797.060419538311
4116.5	-796.9696786158403
4117.0	-796.7910530486982
4117.5	-796.0556620079798
4118.0	-795.6767726573318
4118.5	-795.5588274565328
4119.0	-795.5012357651093
4119.5	-795.4643578040634
4120.0	-795.4405506071752
4120.5	-795.4162597246712
4121.0	-795.382061119202
4121.5	-795.3444501236885
4122.0	-795.3278943368354
4122.5	-795.3095656456373
4123.0	-795.2879557792243
4123.5	-795.2516678880258
4124.0	-795.1893494914892
4124.5	-795.0299642396824
4125.0	-794.3938114722389
4125.5	-794.2759937453868
4126.0	-794.227229307767
4126.5	-794.1990844308051
4127.0	-794.1854825490126
4127.5	-794.1762722041179
4128.0	-794.1726560281184
4128.5	-794.1679736998354
4129.0	-794.1648099776969
4129.5	-794.1554808891934
4130.0	-794.1445209206136
4130.5	-794.1205329905997
4131.0	-794.0827928603045
4131.5	-794.0089311562779
4132.0	-793.8116401211989
4132.5	-793.1914942967059
4133.0	-793.0821832053423
4133.5	-793.0221087612622
4134.0	-792.9836903857682
4134.5	-792.9482812075
4135.0	-792.9150510783062
4135.5	-792.8702587121304
4136.0	-792.7979254846496
4136.5	-792.5556393360143
4137.0	-792.4740641544795
4137.5	-792.4324262530913
4138.0	-792.3975627602953
4138.5	-792.3486254966756
4139.0	-792.2698199116086
4139.5	-792.012988327391
4140.0	-791.458775430329
4140.5	-791.3683061072988
4141.0	-791.3277316216281
4141.5	-791.3043672432839
4142.0	-791.2944478025458
4142.5	-791.2872730705435
4143.0	-791.2872494305899
4143.5	-791.2846759414068
4144.0	-791.2840800153502
4144.5	-791.2776133253954
4145.0	-791.2677898268448
4145.5	-791.2455475799575
4146.0	-791.2071016253254
4146.5	-791.1235185897339
4147.0	-790.7086397514521
4147.5	-790.318576552346
4148.0	-790.2400361257099
4148.5	-790.1985286974094
4149.0	-790.1750762879237
4149.5	-790.16035085458
4150.0	-790.1510462073635
4150.5	-790.1402243136058
4151.0	-790.1319035551173
4151.5	-790.1168837073785
4152.0	-790.0993342757201
4152.5	-790.0699106895953
4153.0	-790.027141717681
4153.5	-789.9562320860471
4154.0	-789.8286361137219
4154.5	-789.2180972385397
4155.0	-788.7609904018954
4155.5	-788.5736300279915
4156.0	-788.507404678159
4156.5	-788.4694185997791
4157.0	-788.4491621050807
4157.5	-788.4355642914702
4158.0	-788.4290243690049
4158.5	-788.4221294520634
4159.0	-788.4175434870617
4159.5	-788.4073002388761
4160.0	-788.3940892777864
4160.5	-788.3667266939298
4161.0	-788.3206713748126
4161.5	-788.2163366299063
4162.0	-787.6122744883646
4162.5	-787.428545291326
4163.0	-787.3663809926047
4163.5	-787.3323971571465
4164.0	-787.3158435823565
4164.5	-787.3037061153738
4165.0	-787.2990067821564
4165.5	-787.292801706094
4166.0	-787.2885602387043
4166.5	-787.2799351093673
4167.0	-787.2685488588671
4167.5	-787.2466028886114
4168.0	-787.2141479643382
4168.5	-787.1523663024551
4169.0	-787.0266663154482
4169.5	-786.3886641390562
4170.0	-786.2291039973104
4170.5	-786.1547230252088
4171.0	-786.1064283901128
4171.5	-786.0642609092955
4172.0	-786.0248830831215
4172.5	-785.9739706724228
4173.0	-785.9011762922634
4173.5	-785.7282213057922
4174.0	-785.5083918003061
4174.5	-785.4466909236712
4175.0	-785.40270496648
4175.5	-785.3523633552702
4176.0	-785.282912504123
4176.5	-785.1328765141503
4177.0	-784.4995229591493
4177.5	-784.3671108796881
4178.0	-784.3107573305565
4178.5	-784.2758621846444
4179.0	-784.2558431376092
4179.5	-784.2396584330253
4180.0	-784.2284704869328
4180.5	-784.2141996500301
4181.0	-784.1981246153128
4181.5	-784.1663556735016
4182.0	-784.1171041085333
4182.5	-784.0716026738052
4183.0	-784.0255653920781
4183.5	-783.9514828686291
4184.0	-783.7779237853322
4184.5	-783.1591248487758
4185.0	-783.0480592769895
4185.5	-782.9928913908276
4186.0	-782.9630468917122
4186.5	-782.9408967796325
4187.0	-782.9275566944108
4187.5	-782.9141523896661
4188.0	-782.903132609025
4188.5	-782.8879794127798
4189.0	-782.870984491166
4189.5	-782.8434772065522
4190.0	-782.8068925067422
4190.5	-782.7462828319827
4191.0	-782.6476243749247
4191.5	-782.3919982014357
4192.0	-781.7286475791428
4192.5	-781.4036470859213
4193.0	-781.309529336812
4193.5	-781.261435738967
4194.0	-781.2361038644223
4194.5	-781.2188113329787
4195.0	-781.2108032571692
4195.5	-781.2028729811475
4196.0	-781.1984655205888
4196.5	-781.1896115860496
4197.0	-781.1784232383723
4197.5	-781.1566784058922
4198.0	-781.120258200102
4198.5	-781.0435324959718
4199.0	-780.7456704957112
4199.5	-780.261981350829
4200.0	-780.1832409210065
4200.5	-780.143798376727
4201.0	-780.1243607150027
4201.5	-780.1123343447651
4202.0	-780.1076275907462
4202.5	-780.1028035786244
4203.0	-780.1012026224555
4203.5	-780.0948859202404
4204.0	-780.0881430136852
4204.5	-780.0722508258829
4205.0	-780.0476692337754
4205.5	-780.0012885578956
4206.0	-779.9114879840818
4206.5	-779.4346586521492
4207.0	-779.1177589740495
4207.5	-779.034329169595
4208.0	-778.987641070249
4208.5	-778.9513773265766
4209.0	-778.9220275028208
4209.5	-778.8883825861399
4210.0	-778.847659097603
4210.5	-778.7772950719816
4211.0	-778.5467544706856
4211.5	-778.4582606576582
4212.0	-778.4172793844895
4212.5	-778.3754352869557
4213.0	-778.3222086100193
4213.5	-778.2188136623215
4214.0	-777.6425363527018
4214.5	-777.4409038888268
4215.0	-777.3757584819266
4215.5	-777.3415333990091
4216.0	-777.3247306884324
4216.5	-777.3136164989115
4217.0	-777.3101978367855
4217.5	-777.3064101681038
4218.0	-777.3049923623993
4218.5	-777.3000831464483
4219.0	-777.2928335405759
4219.5	-777.2770719807523
4220.0	-777.2512018781385
4220.5	-777.1997541994489
4221.0	-777.0899325107043
4221.5	-776.4823433847821
4222.0	-776.3252123688136
4222.5	-776.2621416691921
4223.0	-776.2275862521137
4223.5	-776.2032067847686
4224.0	-776.1858640964671
4224.5	-776.167677807927
4225.0	-776.1465474053632
4225.5	-776.1012609629588
4226.0	-776.0657438040798
4226.5	-776.0350934655934
4227.0	-775.9996679981522
4227.5	-775.9475011056171
4228.0	-775.8667342674306
4228.5	-775.7027183371034
4229.0	-775.0357825529815
4229.5	-774.7505015685135
4230.0	-774.5377451076621
4230.5	-774.4725855936607
4231.0	-774.4395152612917
4231.5	-774.4191480710357
4232.0	-774.4077372725629
4232.5	-774.3997667985078
4233.0	-774.3942834636691
4233.5	-774.386958123168
4234.0	-774.3775423559078
4234.5	-774.3596298640072
4235.0	-774.3298751271994
4235.5	-774.2715934764997
4236.0	-774.1220954090628
4236.5	-773.5212045155582
4237.0	-773.4144268250662
4237.5	-773.3680934464976
4238.0	-773.3445053657505
4238.5	-773.3314086785701
4239.0	-773.3250029406489
4239.5	-773.3208300324662
4240.0	-773.3189695797095
4240.5	-773.3155146556359
4241.0	-773.3092218254335
4241.5	-773.2977234468999
4242.0	-773.2770820754986
4242.5	-773.2407303904182
4243.0	-773.1718393686103
4243.5	-772.9784139870866
4244.0	-772.398946697076
4244.5	-772.2974627435148
4245.0	-772.244087115322
4245.5	-772.2088085945863
4246.0	-772.1792795879542
4246.5	-772.1516291487756
4247.0	-772.1184823386849
4247.5	-772.0718827974006
4248.0	-771.9785985321521
4248.5	-771.7491804296468
4249.0	-771.6903153514684
4249.5	-771.6491659996357
4250.0	-771.599518182298
4250.5	-771.5203958892647
4251.0	-771.2544952490904
4251.5	-770.7495751567147
4252.0	-770.6659394694722
4252.5	-770.627252359127
4253.0	-770.6055969479696
4253.5	-770.5957341382151
4254.0	-770.5896336284666
4254.5	-770.5883569267472
4255.0	-770.5860898328654
4255.5	-770.5849487435933
4256.0	-770.5788429200198
4256.5	-770.5689531472532
4257.0	-770.547339687559
4257.5	-770.5093889586027
4258.0	-770.4282854179871
4258.5	-769.993531189257
4259.0	-769.6658912281297
4259.5	-769.593905119963
4260.0	-769.5555268510664
4260.5	-769.5348949844299
4261.0	-769.5202995142051
4261.5	-769.5114516070468
4262.0	-769.5019963748412
4262.5	-769.494156223067
4263.0	-769.4806953214319
4263.5	-769.4648305652793
4264.0	-769.4378955153949
4264.5	-769.3995790814686
4265.0	-769.3349833383255
4265.5	-769.2175633722081
4266.0	-768.6299768215301
4266.5	-768.3569538873028
4267.0	-768.0679556933986
4267.5	-767.9601716886409
4268.0	-767.9129994422844
4268.5	-767.8882925150045
4269.0	-767.8715701011077
4269.5	-767.8624597141061
4270.0	-767.853328408038
4270.5	-767.8464391932938
4271.0	-767.834580594302
4271.5	-767.8193156632152
4272.0	-767.790469558495
4272.5	-767.7427909570678
4273.0	-767.6357792062885
4273.5	-767.0501808992566
4274.0	-766.8887552599764
4274.5	-766.8291743005121
4275.0	-766.7947410946084
4275.5	-766.7750573002859
4276.0	-766.758696623842
4276.5	-766.7471742832078
4277.0	-766.7303223329092
4277.5	-766.7026336922534
4278.0	-766.6619023265841
4278.5	-766.6390243189891
4279.0	-766.6111945632031
4279.5	-766.5746736625358
4280.0	-766.5114826227656
4280.5	-766.3819329354344
4281.0	-765.772555948844
4281.5	-765.6324657929894
4282.0	-765.5644027387082
4282.5	-765.5209576968234
4283.0	-765.4838596823216
4283.5	-765.4512440715898
4284.0	-765.4123983833551
4284.5	-765.3661389594926
4285.0	-765.292349326481
4285.5	-765.1172676340004
4286.0	-764.8995299874781
4286.5	-764.8289843000375
4287.0	-764.7672683674358
4287.5	-764.6918291477826
4288.0	-764.5338099121251
4288.5	-763.9359719236044
4289.0	-763.819346914255
4289.5	-763.7685421671966
4290.0	-763.7380614706616
4290.5	-763.722924625183
4291.0	-763.711767470643
4291.5	-763.7073264977803
4292.0	-763.7023587982727
4292.5	-763.6993899591362
4293.0	-763.692036652891
4293.5	-763.6831307184092
4294.0	-763.6630038539136
4294.5	-763.6316589951828
4295.0	-763.5670757549303
4295.5	-763.3909668070653
4296.0	-762.8240018981173
4296.5	-762.7304068173206
4297.0	-762.6847092290038
4297.5	-762.6610214861353
4298.0	-762.6439545667855
4298.5	-762.6349461295571
4299.0	-762.625269731512
4299.5	-762.618192501951
4300.0	-762.6066464100209
4300.5	-762.5936350396737
4301.0	-762.5710756959445
4301.5	-762.5398565030489
4302.0	-762.4870180840347
4302.5	-762.3977045942181
4303.0	-762.1287015323695
4303.5	-761.5816913230591
4304.0	-761.4176979624226
4304.5	-761.1593786073637
4305.0	-761.0861310517756
4305.5	-761.0533260042092
4306.0	-761.0332826142524
4306.5	-761.0231666378824
4307.0	-761.0141604047815
4307.5	-761.0092458950992
4308.0	-760.9996259358628
4308.5	-760.9886652699298
4309.0	-760.9664618591887
4309.5	-760.9300006752752
4310.0	-760.8524658252635
4310.5	-760.4392162441314
4311.0	-760.1117364592997
4311.5	-760.0427937369853
4312.0	-760.0071576202978
4312.5	-759.9904843555552
4313.0	-759.9796695850885
4313.5	-759.975843109417
4314.0	-759.9719453717012
4314.5	-759.9705829955551
4315.0	-759.9650447603314
4315.5	-759.9587392447775
4316.0	-759.9432294403
4316.5	-759.919772831587
4317.0	-759.8738513773735
4317.5	-759.7840981882607
4318.0	-759.2525288539257
4318.5	-759.0355722356693
4319.0	-758.962848109406
4319.5	-758.9223663124951
4320.0	-758.891631837365
4320.5	-758.8685581470502
4321.0	-758.8426108716983
4321.5	-758.8157650668908
4322.0	-758.775769728593
4322.5	-758.7134283064395
4323.0	-758.5028053068817
4323.5	-758.3924320509051
4324.0	-758.3361922351979
4324.5	-758.2752989443076
4325.0	-758.1630517567636
4325.5	-757.5894377037737
4326.0	-757.4242957999013
4326.5	-757.3640963448034
4327.0	-757.3294149082694
4327.5	-757.3109821419237
4328.0	-757.2967842509019
4328.5	-757.2881009500014
4329.0	-757.2759103027275
4329.5	-757.2591273905097
4330.0	-757.2189178703044
4330.5	-757.1984455262173
4331.0	-757.1758820895542
4331.5	-757.1464791606063
4332.0	-757.0926234612773
4332.5	-756.9763477334022
4333.0	-756.3921505234923
4333.5	-756.2637454408879
4334.0	-756.2085979098343
4334.5	-756.1809249938989
4335.0	-756.1619590170577
4335.5	-756.1520696612868
4336.0	-756.1425267637819
4336.5	-756.1361794475771
4337.0	-756.1264388742118
4337.5	-756.1157250036108
4338.0	-756.0968078440001
4338.5	-756.0717962388038
4339.0	-756.0278085914501
4339.5	-755.9576277035446
4340.0	-755.797757313828
4340.5	-755.1916933654883
4341.0	-755.0373028137461
4341.5	-754.8884802288469
4342.0	-754.6651876022538
4342.5	-754.6138449105696
4343.0	-754.5856309251354
4343.5	-754.5721607981928
4344.0	-754.5614894970895
4344.5	-754.5555717822941
4345.0	-754.5469090122867
4345.5	-754.5375324280898
4346.0	-754.5186774608746
4346.5	-754.489230589105
4347.0	-754.4285315008601
4347.5	-754.2631243127828
4348.0	-753.7087688515678
4348.5	-753.6195062978599
4349.0	-753.5778570858528
4349.5	-753.558122557467
4350.0	-753.5461071912988
4350.5	-753.5416593486049
4351.0	-753.5378763278875
4351.5	-753.5377836317411
4352.0	-753.5330245750092
4352.5	-753.5289698424004
4353.0	-753.5164825989672
4353.5	-753.4978184084026
4354.0	-753.4609658356527
4354.5	-753.392364735086
4355.0	-753.1618369921371
4355.5	-752.6576544957389
4356.0	-752.5700076440871
4356.5	-752.5262529760181
4357.0	-752.4949541164181
4357.5	-752.4732983365636
4358.0	-752.4515682072465
4358.5	-752.4299012972439
4359.0	-752.4004594619065
4359.5	-752.3608049774384
4360.0	-752.2866105368688
4360.5	-752.0596933935436
4361.0	-751.9726810399096
4361.5	-751.9119609609362
4362.0	-751.821967525928
4362.5	-751.4175096870391
4363.0	-751.0832608274587
4363.5	-751.0107005422728
4364.0	-750.9732098151737
4364.5	-750.9554759389575
4365.0	-750.9429131455842
4365.5	-750.9390528461282
4366.0	-750.9351147378676
4366.5	-750.9344565779086
4367.0	-750.930628661051
4367.5	-750.9256201009644
4368.0	-750.9129636178251
4368.5	-750.8927952775113
4369.0	-750.8511808059424
4369.5	-750.7680864817698
4370.0	-750.2568558994616
4370.5	-750.046867882988
4371.0	-749.982102062055
4371.5	-749.9500366734844
4372.0	-749.9295025693582
4372.5	-749.9183900166324
4373.0	-749.9080350454286
4373.5	-749.9020084498721
4374.0	-749.8918191530678
4374.5	-749.8819038199997
4375.0	-749.8648174033514
4375.5	-749.8415952932771
4376.0	-749.803420572353
4376.5	-749.7441681296926
4377.0	-749.6253358638353
4377.5	-749.0466330010588
4378.0	-748.8550404626588
4378.5	-748.7468169909838
4379.0	-748.5716632356427
4379.5	-748.3978752985488
4380.0	-748.3491296640688
4380.5	-748.3214602349054
4381.0	-748.2977127345591
4381.5	-748.2756567652087
4382.0	-748.2316415909098
4382.5	-748.199736042508
4383.0	-748.1711018749304
4383.5	-748.1376620386264
4384.0	-748.0810404858621
4384.5	-747.9635326024026
4385.0	-747.3903093856268
4385.5	-747.2618760255102
4386.0	-747.2055022902875
4386.5	-747.175666176917
4387.0	-747.1534349770062
4387.5	-747.1395335405595
4388.0	-747.1246520912822
4388.5	-747.1095644804116
4389.0	-747.0837203396505
4389.5	-747.0417812925086
4390.0	-747.0054040754231
4390.5	-746.9757706406281
4391.0	-746.9339040203396
4391.5	-746.8715851772993
4392.0	-746.7269538600391
4392.5	-746.1561615662936
4393.0	-746.0415684797475
4393.5	-745.9873735844258
4394.0	-745.9511756323446
4394.5	-745.9268198565696
4395.0	-745.903344272583
4395.5	-745.8831145190236
4396.0	-745.8570770399974
4396.5	-745.8261071566195
4397.0	-745.7783871298656
4397.5	-745.6917602657134
4398.0	-745.4586478868152
4398.5	-745.3770320011354
4399.0	-745.2934973005521
4399.5	-745.1151169827699
4400.0	-744.5661105531542
4400.5	-744.4727813279526
4401.0	-744.4276393317401
4401.5	-744.4045464508096
4402.0	-744.3905296166791
4402.5	-744.3844637677112
4403.0	-744.3797699328711
4403.5	-744.3791126451962
4404.0	-744.374969544927
4404.5	-744.3715986328694
4405.0	-744.3609579587315
4405.5	-744.3443874082976
4406.0	-744.3112183443152
4406.5	-744.2466533923429
4407.0	-744.0205854980381
4407.5	-743.5382420070908
4408.0	-743.4589491425936
4408.5	-743.4230724277137
4409.0	-743.4009778345046
4409.5	-743.3896721816093
4410.0	-743.3811471675306
4410.5	-743.3758239248101
4411.0	-743.368858062311
4411.5	-743.3622050109203
4412.0	-743.3491562262794
4412.5	-743.3324377675937
4413.0	-743.3022397703922
4413.5	-743.2556879404561
4414.0	-743.1669919145048
4414.5	-742.7516156353071
4415.0	-742.4170417086984
4415.5	-742.3165191164569
4416.0	-742.227612106722
4416.5	-742.0277765814388
4417.0	-741.9131392609447
4417.5	-741.879970338272
4418.0	-741.8607869975718
4418.5	-741.8500026304786
4419.0	-741.8401149560411
4419.5	-741.8303879598683
4420.0	-741.8155233608244
4420.5	-741.793685908246
4421.0	-741.7525326222699
4421.5	-741.6703537049292
4422.0	-741.1681399132159
4422.5	-740.9693525266069
4423.0	-740.9092429556507
4423.5	-740.8799187288732
4424.0	-740.863543310589
4424.5	-740.8558004153416
4425.0	-740.8504680053834
4425.5	-740.8491856129992
4426.0	-740.8452411391282
4426.5	-740.8415446506228
4427.0	-740.833075254935
4427.5	-740.8186963960952
4428.0	-740.7926935320096
4428.5	-740.7467579557566
4429.0	-740.6465913160304
4429.5	-740.1002785947305
4430.0	-739.9444998031892
4430.5	-739.8838267932045
4431.0	-739.8466949903857
4431.5	-739.8207747033954
4432.0	-739.7986976872149
4432.5	-739.7772520515177
4433.0	-739.7517328106376
4433.5	-739.7191089973733
4434.0	-739.6635972337548
4434.5	-739.5840828078615
4435.0	-739.4691015152225
4435.5	-739.2376849674661
4436.0	-739.1435216702079
4436.5	-739.009598194683
4437.0	-738.4420104173965
4437.5	-738.3136317334155
4438.0	-738.2591212127057
4438.5	-738.230503425794
4439.0	-738.2136934010426
4439.5	-738.2052834234037
4440.0	-738.2002505371871
4440.5	-738.1977751936548
4441.0	-738.195426441192
4441.5	-738.1915031730831
4442.0	-738.1834102313376
4442.5	-738.1697390508234
4443.0	-738.142158792276
4443.5	-738.0911094435427
4444.0	-737.9589805885435
4444.5	-737.4111376431189
4445.0	-737.3100831453014
4445.5	-737.2674303477659
4446.0	-737.2429722886567
4446.5	-737.2307881709944
4447.0	-737.2214168205122
4447.5	-737.2168792254614
4448.0	-737.2112036985629
4448.5	-737.2045939782342
4449.0	-737.1959833334246
4449.5	-737.1803356253045
4450.0	-737.1579305869137
4450.5	-737.1180789990503
4451.0	-737.050392057056
4451.5	-736.8764620049968
4452.0	-736.328334863427
4452.5	-736.2161012663314
4453.0	-736.141267357187
4453.5	-736.0611928862605
4454.0	-735.8464398256616
4454.5	-735.7686840787168
4455.0	-735.7393209744143
4455.5	-735.7242608149237
4456.0	-735.7124046356417
4456.5	-735.7037781134139
4457.0	-735.6897311986637
4457.5	-735.6700842968162
4458.0	-735.6385260620686
4458.5	-735.5746479565546
4459.0	-735.3746341139941
4459.5	-734.884274251081
4460.0	-734.8077835419258
4460.5	-734.7722219387532
4461.0	-734.753390200036
4461.5	-734.7442695079131
4462.0	-734.7391761478243
4462.5	-734.7376942924997
4463.0	-734.7354651504484
4463.5	-734.7337385875177
4464.0	-734.727228152257
4464.5	-734.7171061638315
4465.0	-734.6971696122773
4465.5	-734.6622881954298
4466.0	-734.591166982086
4466.5	-734.285148466781
4467.0	-733.8932984021458
4467.5	-733.8178923983209
4468.0	-733.7797049137737
4468.5	-733.7537261239362
4469.0	-733.7356300257217
4469.5	-733.720014705199
4470.0	-733.7033313756614
4470.5	-733.6853040105431
4471.0	-733.6593064202985
4471.5	-733.6243342974518
4472.0	-733.5653753293809
4472.5	-733.4353629521353
4473.0	-733.2219713162947
4473.5	-733.1097511749947
4474.0	-732.6632476103512
4474.5	-732.3922932846519
4475.0	-732.3231813621069
4475.5	-732.2862573390289
4476.0	-732.2675532769313
4476.5	-732.254630183975
4477.0	-732.2487204327085
4477.5	-732.2445315101836
4478.0	-732.2408655823868
4478.5	-732.2371479559137
4479.0	-732.229049280839
4479.5	-732.2169938087511
4480.0	-732.193378504275
4480.5	-732.1529471507484
4481.0	-732.0656515022014
4481.5	-731.5573788759191
4482.0	-731.3789814516606
4482.5	-731.3188687822527
4483.0	-731.2867202970767
4483.5	-731.2652758689286
4484.0	-731.2517102076346
4484.5	-731.2384355350125
4485.0	-731.2266941526126
4485.5	-731.210195985865
4486.0	-731.1843396929593
4486.5	-731.137130272703
4487.0	-731.101379737993
4487.5	-731.0618754418185
4488.0	-731.0001627945663
4488.5	-730.8871127812905
4489.0	-730.333620405845
4489.5	-730.168302858312
4490.0	-730.085329601232
4490.5	-730.0144779114489
4491.0	-729.925834878753
4491.5	-729.7027203645083
4492.0	-729.6331684309254
4492.5	-729.5917267943995
4493.0	-729.5494818551117
4493.5	-729.5022847342339
4494.0	-729.4711180523963
4494.5	-729.4427462467291
4495.0	-729.4067636498188
4495.5	-729.3538186523956
4496.0	-729.2387454181977
4496.5	-728.6964097667616
4497.0	-728.5749236803648
4497.5	-728.5253377886215
4498.0	-728.4989690708207
4498.5	-728.4833824843586
4499.0	-728.4753369322004
4499.5	-728.4693119853097
4500.0	-728.4667244162571
4500.5	-728.4619548825036
4501.0	-728.4566881430553
4501.5	-728.4466508158631
4502.0	-728.4300463692334
4502.5	-728.4016589976851
4503.0	-728.3480129923961
4503.5	-728.2211655724064
4504.0	-727.680522695406
4504.5	-727.5763340936102
4505.0	-727.5271220616919
4505.5	-727.4987415726563
4506.0	-727.4787012376703
4506.5	-727.4625741788657
4507.0	-727.4490089798797
4507.5	-727.4318834721878
4508.0	-727.4131260109608
4508.5	-727.3849938148034
4509.0	-727.3453677827746
4509.5	-727.2793422747772
4510.0	-727.097395953386
4510.5	-726.9171773256483
4511.0	-726.7383303119362
4511.5	-726.2033064218361
4512.0	-726.1052180246298
4512.5	-726.0609128731603
4513.0	-726.0353250978307
4513.5	-726.0221987124685
4514.0	-726.0148563263587
4514.5	-726.0107202175474
4515.0	-726.0093765798672
4515.5	-726.0062120760801
4516.0	-726.0031928067624
4516.5	-725.993667527567
4517.0	-725.9784277116464
4517.5	-725.9484904875598
4518.0	-725.8896833988985
4518.5	-725.7059952113862
4519.0	-725.2178682864941
4519.5	-725.1410334279349
4520.0	-725.1037868464642
4520.5	-725.0849761033912
4521.0	-725.0728486768946
4521.5	-725.0662451434456
4522.0	-725.061301111238
4522.5	-725.0566589422649
4523.0	-725.051003367852
4523.5	-725.040834226069
4524.0	-725.0269223941606
4524.5	-725.0012677687147
4525.0	-724.9614288635887
4525.5	-724.8854567684831
4526.0	-724.6157710613434
4526.5	-724.1842710985376
4527.0	-724.0938039168772
4527.5	-724.0344958448106
4528.0	-723.9755732952304
4528.5	-723.8866499144784
4529.0	-723.6837351956561
4529.5	-723.6377722712767
4530.0	-723.6154265885666
4530.5	-723.6003570738916
4531.0	-723.587467613507
4531.5	-723.5709115064391
4532.0	-723.549029434886
4532.5	-723.5101025758242
4533.0	-723.4370335594244
4533.5	-723.0512851776272
4534.0	-722.7629660787393
4534.5	-722.6991071387602
4535.0	-722.6664213985212
4535.5	-722.6488867783341
4536.0	-722.6365682455142
4536.5	-722.629074964143
4537.0	-722.6219197496143
4537.5	-722.6135786723527
4538.0	-722.59844693876
4538.5	-722.5613351498613
4539.0	-722.5322386025153
4539.5	-722.5023120431894
4540.0	-722.4593052964627
4540.5	-722.373521840894
4541.0	-721.8905089390794
4541.5	-721.6979003826405
4542.0	-721.6360151995551
4542.5	-721.6013761677516
4543.0	-721.5786536763401
4543.5	-721.5629756606113
4544.0	-721.5479057259452
4544.5	-721.5350435515996
4545.0	-721.5174925264942
4545.5	-721.4964239181694
4546.0	-721.4659679144323
4546.5	-721.4200362907961
4547.0	-721.3424694217404
4547.5	-721.1103223420014
4548.0	-720.9452011731147
4548.5	-720.4080919795094
4549.0	-720.2502963452627
4549.5	-720.1899746429191
4550.0	-720.1587043601637
4550.5	-720.1414066784027
4551.0	-720.1315509179324
4551.5	-720.1273872530531
4552.0	-720.1242089532572
4552.5	-720.1232548891364
4553.0	-720.1191590206272
4553.5	-720.1138090723373
4554.0	-720.1013680562795
4554.5	-720.079113763116
4555.0	-720.0366874158515
4555.5	-719.9366863795187
4556.0	-719.415416400997
4556.5	-719.2939902803287
4557.0	-719.2477888062178
4557.5	-719.22337709761
4558.0	-719.2100048603534
4558.5	-719.2024117129957
4559.0	-719.1973410827587
4559.5	-719.1939686257779
4560.0	-719.1887823998893
4560.5	-719.1827251529918
4561.0	-719.1702409609068
4561.5	-719.1520087777643
4562.0	-719.1198562512277
4562.5	-719.064584697639
4563.0	-718.9399487916791
4563.5	-718.4027855211871
4564.0	-718.2845676261458
4564.5	-718.2200361051555
4565.0	-718.1702563824125
4565.5	-718.1132875552089
4566.0	-718.000478132492
4566.5	-717.8303900385264
4567.0	-717.7942671280683
4567.5	-717.776131634943
4568.0	-717.7611426760391
4568.5	-717.7478458615008
4569.0	-717.7283335047057
4569.5	-717.6995412764343
4570.0	-717.646588959341
4570.5	-717.5115950164133
4571.0	-716.9979239725741
4571.5	-716.9077313459021
4572.0	-716.8693455865769
4572.5	-716.8481363301607
4573.0	-716.8384157115843
4573.5	-716.8319589161632
4574.0	-716.8298524425664
4574.5	-716.8280499276618
4575.0	-716.8252486685967
4575.5	-716.8214369647662
4576.0	-716.8113436952317
4576.5	-716.7958664433611
4577.0	-716.7647502194433
4577.5	-716.7067619027632
4578.0	-716.5417990712406
4578.5	-716.0477346739
4579.0	-715.9644738920914
4579.5	-715.922680631266
4580.0	-715.898258867174
4580.5	-715.879783080729
4581.0	-715.8665327887425
4581.5	-715.8523529317904
4582.0	-715.837817866181
4582.5	-715.81896376793
4583.0	-715.7937412321224
4583.5	-715.7580822389897
4584.0	-715.7019206384365
4584.5	-715.6026506883715
4585.0	-715.3397208565858
4585.5	-715.0749151107477
4586.0	-714.6083192213135
4586.5	-714.5224820468299
4587.0	-714.4791544680879
4587.5	-714.4520202978781
4588.0	-714.4359211272332
4588.5	-714.4230683945062
4589.0	-714.4137868609665
4589.5	-714.4026471026469
4590.0	-714.3884533925122
4590.5	-714.3578353023678
4591.0	-714.3203765181046
4591.5	-714.2909631670972
4592.0	-714.249421154339
4592.5	-714.1768553518535
4593.0	-713.8281447524308
4593.5	-713.5104374139934
4594.0	-713.4395978866752
4594.5	-713.4018780517627
4595.0	-713.3771550459246
4595.5	-713.357625089553
4596.0	-713.3407021193643
4596.5	-713.3174143337301
4597.0	-713.2813834640897
4597.5	-713.2470962482525
4598.0	-713.2232988460682
4598.5	-713.1977687435883
4599.0	-713.1649335551061
4599.5	-713.1165641050201
4600.0	-713.0284166531147
4600.5	-712.5826966539908
4601.0	-712.3461657141762
4601.5	-712.2690942375746
4602.0	-712.2142975125636
4602.5	-712.1657055942746
4603.0	-712.1033060623794
4603.5	-711.9230459354818
4604.0	-711.8298903699049
4604.5	-711.7990374714575
4605.0	-711.7817507787421
4605.5	-711.7646846179529
4606.0	-711.7472075095509
4606.5	-711.7218354631166
4607.0	-711.6803753584948
4607.5	-711.596997299238
4608.0	-711.1109075287441
4608.5	-710.9513732309157
4609.0	-710.8988142326798
4609.5	-710.8732318822658
4610.0	-710.8581602879462
4610.5	-710.8511444249831
4611.0	-710.8471386016083
4611.5	-710.8451194198113
4612.0	-710.8438370950638
4612.5	-710.8396608913305
4613.0	-710.8340762625669
4613.5	-710.8203972113728
4614.0	-710.7984980966984
4614.5	-710.7557701655242
4615.0	-710.6626474706486
4615.5	-710.1565409237372
4616.0	-710.0242341506062
4616.5	-709.9739395670674
4617.0	-709.9440409979076
4617.5	-709.9261824196949
4618.0	-709.9120792611862
4618.5	-709.9006643111842
4619.0	-709.8885877312218
4619.5	-709.8741833700424
4620.0	-709.8554126037844
4620.5	-709.8278320465362
4621.0	-709.7882491936864
4621.5	-709.7210108795092
4622.0	-709.5805782708976
4622.5	-709.3055849684938
4623.0	-708.7612479106673
4623.5	-708.6365907429233
4624.0	-708.5822986489817
4624.5	-708.55464730431
4625.0	-708.537595155526
4625.5	-708.5292837581289
4626.0	-708.5241281664671
4626.5	-708.5217585739506
4627.0	-708.5193034669686
4627.5	-708.5155835826488
4628.0	-708.5087725873732
4628.5	-708.4951185410941
4629.0	-708.4717653184578
4629.5	-708.4233942533625
4630.0	-708.3057718940297
4630.5	-707.7989095183183
4631.0	-707.70465282083
4631.5	-707.6644866797586
4632.0	-707.6421086303137
4632.5	-707.631091494904
4633.0	-707.6229083567429
4633.5	-707.6190797757655
4634.0	-707.6140240627959
4634.5	-707.6090730252879
4635.0	-707.6009563845482
4635.5	-707.5881669584958
4636.0	-707.5678486821822
4636.5	-707.5336212456505
4637.0	-707.4740713921774
4637.5	-707.3220739871052
4638.0	-706.8172685659913
4638.5	-706.7172449576783
4639.0	-706.6603652342259
4639.5	-706.6138027084701
4640.0	-706.5637760105922
4640.5	-706.487797264126
4641.0	-706.2877116182343
4641.5	-706.235343848605
4642.0	-706.204167518739
4642.5	-706.172576141321
4643.0	-706.1267936861716
4643.5	-706.0943429324623
4644.0	-706.0569273910254
4644.5	-705.9944094839144
4645.0	-705.8181200012755
4645.5	-705.351477214347
4646.0	-705.2766733648194
4646.5	-705.2403254614297
4647.0	-705.2219380705906
4647.5	-705.211679784781
4648.0	-705.2060327158345
4648.5	-705.2042081173452
4649.0	-705.2008693859761
4649.5	-705.199804725733
4650.0	-705.1937955991472
4650.5	-705.184757661898
4651.0	-705.1672983129008
4651.5	-705.135246721679
4652.0	-705.0737378995736
4652.5	-704.8380859621105
4653.0	-704.4328110792028
4653.5	-704.3622993068591
4654.0	-704.3275004233823
4654.5	-704.3056369862213
4655.0	-704.2911144361165
4655.5	-704.2794524116018
4656.0	-704.2684200067528
4656.5	-704.2563854282915
4657.0	-704.2402685054731
4657.5	-704.2191626048893
4658.0	-704.1859778954213
4658.5	-704.1377152881817
4659.0	-704.0503459735778
4659.5	-703.8024814026702
4660.0	-703.3634536901354
4660.5	-703.0708798296498
4661.0	-702.9991495760411
4661.5	-702.9614842638941
4662.0	-702.9421063386538
4662.5	-702.9299761573772
4663.0	-702.9246773318358
4663.5	-702.9209136388895
4664.0	-702.9194750629583
4664.5	-702.916567236777
4665.0	-702.9117702473836
4665.5	-702.9021319526894
4666.0	-702.883832922347
4666.5	-702.8502807768156
4667.0	-702.7768597804502
4667.5	-702.337925609097
4668.0	-702.1476205638485
4668.5	-702.0943188637302
4669.0	-702.0664076999467
4669.5	-702.052201517341
4670.0	-702.0437736524395
4670.5	-702.0384770109041
4671.0	-702.0357814025036
4671.5	-702.0308736510627
4672.0	-702.0265884825849
4672.5	-702.0161902509569
4673.0	-702.0015212441173
4673.5	-701.9754071465001
4674.0	-701.9310352836686
4674.5	-701.84128632242
4675.0	-701.353048613825
4675.5	-701.1949686785971
4676.0	-701.128878703895
4676.5	-701.0835826757524
4677.0	-701.0407368451334
4677.5	-700.9897214819983
4678.0	-700.8605978221688
4678.5	-700.7232660492177
4679.0	-700.691024361125
4679.5	-700.6727046141036
4680.0	-700.6571828063435
4680.5	-700.6386967943587
4681.0	-700.6137591635745
4681.5	-700.5691301564165
4682.0	-700.4775859399368
4682.5	-699.9826164146853
4683.0	-699.8620018802447
4683.5	-699.8153796988656
4684.0	-699.7896912772103
4684.5	-699.7788830940968
4685.0	-699.7711449551726
4685.5	-699.7680039482742
4686.0	-699.7647646420794
4686.5	-699.762245384631
4687.0	-699.7571040744925
4687.5	-699.7493651591124
4688.0	-699.7339853689526
4688.5	-699.708779382934
4689.0	-699.661651242319
4689.5	-699.5547141180161
4690.0	-699.0539828737121
4690.5	-698.9447406187628
4691.0	-698.8973905940518
4691.5	-698.8668331846501
4692.0	-698.8470914494854
4692.5	-698.828961360379
4693.0	-698.8133179244202
4693.5	-698.7949711855493
4694.0	-698.7721070120042
4694.5	-698.7403502039926
4695.0	-698.6819149388225
4695.5	-698.624172571895
4696.0	-698.5493992669021
4696.5	-698.4157452176966
4697.0	-698.109589211979
4697.5	-697.5746196099157
4698.0	-697.4608402257262
4698.5	-697.4051323764659
4699.0	-697.370637306946
4699.5	-697.3457498856578
4700.0	-697.3246768413683
4700.5	-697.2984214487491
4701.0	-697.2631052815782
4701.5	-697.2387560158785
4702.0	-697.2235088161145
4702.5	-697.2062080494203
4703.0	-697.1863657078335
4703.5	-697.1552416101641
4704.0	-697.1003425515288
4704.5	-696.9589916561509
4705.0	-696.477904813512
4705.5	-696.396993112439
4706.0	-696.357539043063
4706.5	-696.3371488718525
4707.0	-696.3235777849102
4707.5	-696.3154702143706
4708.0	-696.3100829772611
4708.5	-696.3045100030956
4709.0	-696.2988685476229
4709.5	-696.2897597070636
4710.0	-696.2768917597963
4710.5	-696.2551510448365
4711.0	-696.2210820396521
4711.5	-696.1573061621141
4712.0	-695.9791751501936
4712.5	-695.5169422382049
4713.0	-695.4311538684518
4713.5	-695.3798511395511
4714.0	-695.3377036029382
4714.5	-695.294189989283
4715.0	-695.2248769767028
4715.5	-695.0363539397399
4716.0	-694.9851375197763
4716.5	-694.9635988465053
4717.0	-694.9469093385084
4717.5	-694.9309354788325
4718.0	-694.9102776171478
4718.5	-694.8770806622821
4719.0	-694.8168017573083
4719.5	-694.5888443493308
4720.0	-694.196713174074
4720.5	-694.1314687283591
4721.0	-694.1016681033146
4721.5	-694.0851694786022
4722.0	-694.0774174784914
4722.5	-694.0730046862723
4723.0	-694.0715450205117
4723.5	-694.0703198427229
4724.0	-694.067848893258
4724.5	-694.0640395427026
4725.0	-694.0533562069228
4725.5	-694.037037442468
4726.0	-694.0034259122854
4726.5	-693.938382247816
4727.0	-693.5806025973098
4727.5	-693.3166835461308
4728.0	-693.2553878779048
4728.5	-693.2227410092676
4729.0	-693.2036400368793
4729.5	-693.1891674951673
4730.0	-693.1788815981668
4730.5	-693.1675098285174
4731.0	-693.1559880122767
4731.5	-693.1396619153364
4732.0	-693.1180601564632
4732.5	-693.0855109332933
4733.0	-693.0358982107681
4733.5	-692.9489171782575
4734.0	-692.699361655305
4734.5	-692.2097427324837
4735.0	-691.9959523810099
4735.5	-691.9315599133329
4736.0	-691.8959703888836
4736.5	-691.8777431196725
4737.0	-691.8662912756632
4737.5	-691.8602195853796
4738.0	-691.8570365945496
4738.5	-691.8538244758763
4739.0	-691.8511610631779
4739.5	-691.8445940153676
4740.0	-691.8343658390389
4740.5	-691.8138739019149
4741.0	-691.7782141679467
4741.5	-691.6988513340485
4742.0	-691.2380744787196
4742.5	-691.0903762720167
4743.0	-691.0400173099655
4743.5	-691.0134084565188
4744.0	-690.997175591648
4744.5	-690.9874573601955
4745.0	-690.9785013584241
4745.5	-690.9719117621016
4746.0	-690.9609885694363
4746.5	-690.9471514445066
4747.0	-690.9157492294414
4747.5	-690.8755439125347
4748.0	-690.8406040850741
4748.5	-690.7892812721541
4749.0	-690.6913733023836
4749.5	-690.201057364733
4750.0	-690.0658678283698
4750.5	-690.0026282419784
4751.0	-689.9580586122057
4751.5	-689.9147122359834
4752.0	-689.8607600688402
4752.5	-689.7018780674822
4753.0	-689.6050774239912
4753.5	-689.5775126003957
4754.0	-689.5600142244156
4754.5	-689.5459696763792
4755.0	-689.5273513360406
4755.5	-689.5031807219901
4756.0	-689.4585115824409
4756.5	-689.3611309207074
4757.0	-688.8783116986875
4757.5	-688.7745309313519
4758.0	-688.7333860516194
4758.5	-688.7120865962745
4759.0	-688.7017692924832
4759.5	-688.6957904833444
4760.0	-688.6941483305933
4760.5	-688.6923712956145
4761.0	-688.691806647107
4761.5	-688.6878481722686
4762.0	-688.6818250430775
4762.5	-688.6682295434156
4763.0	-688.6448969438488
4763.5	-688.599481378271
4764.0	-688.4877862208799
4764.5	-688.0073569177855
4765.0	-687.9128681993425
4765.5	-687.8725846964796
4766.0	-687.8474509458276
4766.5	-687.8325867077069
4767.0	-687.8202277192074
4767.5	-687.8098836325315
4768.0	-687.7987900713607
4768.5	-687.784954055526
4769.0	-687.7665726879042
4769.5	-687.7391779592765
4770.0	-687.6990622203517
4770.5	-687.6308917325485
4771.0	-687.468657500777
4771.5	-687.2051200802412
4772.0	-686.7092234807308
4772.5	-686.6140214523467
4773.0	-686.5705616816147
4773.5	-686.5466342731015
4774.0	-686.533209670612
4774.5	-686.5265194974277
4775.0	-686.5219854186455
4775.5	-686.5211596019128
4776.0	-686.5179192619659
4776.5	-686.515219171355
4777.0	-686.5071500755175
4777.5	-686.4934920594983
4778.0	-686.4677802616474
4778.5	-686.4166384147264
4779.0	-686.2659577308368
4779.5	-685.817513720823
4780.0	-685.745557814681
4780.5	-685.7117800317149
4781.0	-685.6946536431443
4781.5	-685.6835581528381
4782.0	-685.6783917992202
4782.5	-685.6733564667223
4783.0	-685.6699155792538
4783.5	-685.6647275919224
4784.0	-685.6564834418024
4784.5	-685.6441818758422
4785.0	-685.6225090276473
4785.5	-685.588615771119
4786.0	-685.5235789193667
4786.5	-685.3234879742944
4787.0	-684.8994815786263
4787.5	-684.8187628171315
4788.0	-684.7681378504044
4788.5	-684.7247633353768
4789.0	-684.6753870378121
4789.5	-684.5753773114137
4790.0	-684.4173557598467
4790.5	-684.3829196373997
4791.0	-684.3647561738552
4791.5	-684.3486524895716
4792.0	-684.333385299191
4792.5	-684.3106628049584
4793.0	-684.277110621817
4793.5	-684.2131033863707
4794.0	-683.9286151677069
4794.5	-683.6073360394552
4795.0	-683.5442745635752
4795.5	-683.5139351119484
4796.0	-683.4946838314166
4796.5	-683.4838569622526
4797.0	-683.4746116317357
4797.5	-683.4676718561816
4798.0	-683.4589903104481
4798.5	-683.4470868624262
4799.0	-683.4256139949728
4799.5	-683.3840241296136
4800.0	-683.3520407685363
4800.5	-683.3092081680013
4801.0	-683.2352123197248
4801.5	-682.8721118150647
4802.0	-682.618583501836
4802.5	-682.552566222198
4803.0	-682.513958876472
4803.5	-682.4839941762658
4804.0	-682.4554041763015
4804.5	-682.4188338370672
4805.0	-682.3766956907324
4805.5	-682.3486408348688
4806.0	-682.3203467691546
4806.5	-682.2898023993538
4807.0	-682.2480066659718
4807.5	-682.1872035714694
4808.0	-682.0692485982173
4808.5	-681.8261521967029
4809.0	-681.359440374475
4809.5	-681.1775871081749
4810.0	-681.1167352437811
4810.5	-681.0831646462774
4811.0	-681.0651965034667
4811.5	-681.0530497380549
4812.0	-681.0472017478077
4812.5	-681.042621671858
4813.0	-681.0396073785113
4813.5	-681.0358676170192
4814.0	-681.0291921545042
4814.5	-681.0187814428956
4815.0	-680.998162830542
4815.5	-680.9631274390956
4816.0	-680.8832987095428
4816.5	-680.4299873205287
4817.0	-680.2969618573933
4817.5	-680.250315012232
4818.0	-680.2264968896897
4818.5	-680.2126153926873
4819.0	-680.2051366935136
4819.5	-680.1996209261927
4820.0	-680.1962356050575
4820.5	-680.1910614971954
4821.0	-680.1856354266362
4821.5	-680.1746181851793
4822.0	-680.1588666827677
4822.5	-680.1319291466501
4823.0	-680.086083013428
4823.5	-679.99060378835
4824.0	-679.5136969935862
4824.5	-679.3886066303894
4825.0	-679.3271084042672
4825.5	-679.2821942627604
4826.0	-679.2338593338304
4826.5	-679.156100076826
4827.0	-678.980891928748
4827.5	-678.9422899368033
4828.0	-678.9243472487149
4828.5	-678.9109899542985
4829.0	-678.8993597463592
4829.5	-678.8829673590085
4830.0	-678.859736950992
4830.5	-678.8167677853065
4831.0	-678.7199144410221
4831.5	-678.2518066671419
4832.0	-678.1548059416489
4832.5	-678.1156577770436
4833.0	-678.0954658181453
4833.5	-678.0859650534398
4834.0	-678.0798178582587
4834.5	-678.078579300395
4835.0	-678.0762966070481
4835.5	-678.0754632077394
4836.0	-678.0716002193212
4836.5	-678.0647071608095
4837.0	-678.0516124742103
4837.5	-678.0274084912824
4838.0	-677.9828203032956
4838.5	-677.8706717384925
4839.0	-677.4052754832586
4839.5	-677.3148437147404
4840.0	-677.2748861212417
4840.5	-677.2502024419689
4841.0	-677.2341599741719
4841.5	-677.2211480260586
4842.0	-677.2093571364283
4842.5	-677.1967809400211
4843.0	-677.1803996383492
4843.5	-677.1596884472035
4844.0	-677.1274511508032
4844.5	-677.0801107378595
4845.0	-676.9880785470934
4845.5	-676.7655963195338
4846.0	-676.5978467711205
4846.5	-676.1267620105909
4847.0	-676.0390394347496
4847.5	-675.9967676266235
4848.0	-675.9738028434739
4848.5	-675.9588187831812
4849.0	-675.9505360601715
4849.5	-675.9430518039613
4850.0	-675.9374612640435
4850.5	-675.928858702828
4851.0	-675.9150611733805
4851.5	-675.8816050167553
4852.0	-675.8512167835704
4852.5	-675.8194139162304
4853.0	-675.7645222437354
4853.5	-675.6130611110585
4854.0	-675.1774735372934
4854.5	-675.1069145626865
4855.0	-675.0725579298023
4855.5	-675.0542749984106
4856.0	-675.0434059944027
4856.5	-675.0362501182818
4857.0	-675.0320745418414
4857.5	-675.0267402408572
4858.0	-675.0221462339975
4858.5	-675.0131161828405
4859.0	-675.0006399832167
4859.5	-674.979148182253
4860.0	-674.9447877834579
4860.5	-674.8817967232419
4861.0	-674.6833118386594
4861.5	-674.2747338130746
4862.0	-674.1940049447841
4862.5	-674.1419963459514
4863.0	-674.09269579902
4863.5	-674.0237938922272
4864.0	-673.8437911862819
4864.5	-673.7998974508724
4865.0	-673.7791462320005
4865.5	-673.7681479165947
4866.0	-673.7576908098886
4866.5	-673.7448818654364
4867.0	-673.7275396477156
4867.5	-673.6953064005138
4868.0	-673.6384626408114
4868.5	-673.3636799662428
4869.0	-673.0568066724073
4869.5	-672.9989780223091
4870.0	-672.9717510298963
4870.5	-672.9580400696346
4871.0	-672.951349525945
4871.5	-672.9479400629299
4872.0	-672.9463477587637
4872.5	-672.9453038702687
4873.0	-672.9430604668638
4873.5	-672.9393819142377
4874.0	-672.9290877865367
4874.5	-672.9127376245428
4875.0	-672.879710059291
4875.5	-672.8157786095786
4876.0	-672.4777346122
4876.5	-672.2308145525494
4877.0	-672.1743443078134
4877.5	-672.1434592092636
4878.0	-672.1249465562619
4878.5	-672.1102679356073
4879.0	-672.0989561292623
4879.5	-672.0859631784538
4880.0	-672.072043947903
4880.5	-672.0520691822951
4881.0	-672.0254436876901
4881.5	-671.9822898933404
4882.0	-671.9043076255984
4882.5	-671.6970948898115
4883.0	-671.5849140900715
4883.5	-671.1538085489652
4884.0	-670.9818251433443
4884.5	-670.9277531664247
4885.0	-670.8987007689224
4885.5	-670.8840044138808
4886.0	-670.8746738328175
4886.5	-670.8710132322574
4887.0	-670.867973533519
4887.5	-670.8665228326128
4888.0	-670.8636701838047
4888.5	-670.858332953112
4889.0	-670.8485711660823
4889.5	-670.829464589794
4890.0	-670.7954374010725
4890.5	-670.7189112332147
4891.0	-670.2807651151063
4891.5	-670.1487019225038
4892.0	-670.1036275145282
4892.5	-670.0787798845863
4893.0	-670.0651146213536
4893.5	-670.0563562923485
4894.0	-670.0500696465151
4894.5	-670.0451967189041
4895.0	-670.0389184253804
4895.5	-670.0314390103428
4896.0	-670.0189986611855
4896.5	-670.0016227660216
4897.0	-669.9721199200945
4897.5	-669.9256146949408
4898.0	-669.8283609682167
4898.5	-669.3629887692994
4899.0	-669.2328056377987
4899.5	-669.1656955064246
4900.0	-669.1091220234682
4900.5	-669.0330405027445
4901.0	-668.8509979060292
4901.5	-668.8001787774018
4902.0	-668.7757523578078
4902.5	-668.7557069928181
4903.0	-668.736567155063
4903.5	-668.7046600665744
4904.0	-668.6639704501038
4904.5	-668.6292364575977
4905.0	-668.5802684667955
4905.5	-668.4795843876445
4906.0	-668.018600666921
4906.5	-667.9155117156771
4907.0	-667.8676788175397
4907.5	-667.8380048042037
4908.0	-667.8096466592982
4908.5	-667.7756570977559
4909.0	-667.7490256484153
4909.5	-667.7351041749184
4910.0	-667.7245308630783
4910.5	-667.7138907148648
4911.0	-667.7017715421626
4911.5	-667.6838159973275
4912.0	-667.6570742855026
4912.5	-667.6093412975066
4913.0	-667.5004787321441
4913.5	-667.0436160392366
4914.0	-666.9534402007438
4914.5	-666.9101021429373
4915.0	-666.8845627157475
4915.5	-666.8656579673894
4916.0	-666.8505166904727
4916.5	-666.8364740338501
4917.0	-666.8202876892078
4917.5	-666.8015262668573
4918.0	-666.7737845402277
4918.5	-666.7346680723737
4919.0	-666.6600544570911
4919.5	-666.4651804921504
4920.0	-666.3769581695362
4920.5	-666.2397168453638
4921.0	-665.788316845869
4921.5	-665.7056111643658
4922.0	-665.6681667641767
4922.5	-665.6477176269324
4923.0	-665.636915701411
4923.5	-665.6303602311907
4924.0	-665.6284463234307
4924.5	-665.6256913665342
4925.0	-665.62494677267
4925.5	-665.6205994781819
4926.0	-665.6141069614413
4926.5	-665.6008605625101
4927.0	-665.576438338746
4927.5	-665.5291836438606
4928.0	-665.3893076110014
4928.5	-664.9657726232906
4929.0	-664.8959127234979
4929.5	-664.8650769176547
4930.0	-664.8469284199615
4930.5	-664.8373837350043
4931.0	-664.8306411672198
4931.5	-664.8263774635999
4932.0	-664.8219067537997
4932.5	-664.8163351937255
4933.0	-664.8080535602064
4933.5	-664.7944700813937
4934.0	-664.7741608433764
4934.5	-664.7388379699013
4935.0	-664.6781071732232
4935.5	-664.4929400240472
4936.0	-664.082876231955
4936.5	-663.9978347179164
4937.0	-663.9365956906519
4937.5	-663.8617012768062
4938.0	-663.6832489235791
4938.5	-663.6386592215035
4939.0	-663.6187819599224
4939.5	-663.6081965061942
4940.0	-663.5993962934904
4940.5	-663.592005252037
4941.0	-663.5805937462288
4941.5	-663.5645875224202
4942.0	-663.5358126169954
4942.5	-663.4802145211481
4943.0	-663.2464430227262
4943.5	-662.9155614821522
4944.0	-662.8593135691847
4944.5	-662.831628683733
4945.0	-662.8184460902359
4945.5	-662.809765861341
4946.0	-662.8068706225033
4946.5	-662.8039695584238
4947.0	-662.802439533949
4947.5	-662.7995079979298
4948.0	-662.7936051170682
4948.5	-662.7839471519659
4949.0	-662.7655226323479
4949.5	-662.7343239557702
4950.0	-662.6705287933653
4950.5	-662.3430276486689
4951.0	-662.0986276512963
4951.5	-662.0409426049894
4952.0	-662.0074565039092
4952.5	-661.9855719743058
4953.0	-661.9675402156187
4953.5	-661.9507809866456
4954.0	-661.9331589262953
4954.5	-661.909927369663
4955.0	-661.8797778720179
4955.5	-661.8299694787966
4956.0	-661.7348631191625
4956.5	-661.5363831159552
4957.0	-661.4590379558357
4957.5	-661.3720755041436
4958.0	-660.9736322083199
4958.5	-660.793301576612
4959.0	-660.7392063095068
4959.5	-660.712139399663
4960.0	-660.6955408221709
4960.5	-660.6885216039599
4961.0	-660.6834444977542
4961.5	-660.6818970400802
4962.0	-660.6793513657053
4962.5	-660.676207428185
4963.0	-660.6720604540501
4963.5	-660.6628258799668
4964.0	-660.6455403926967
4964.5	-660.612350752162
4965.0	-660.5417069636943
4965.5	-660.1229048017632
4966.0	-659.9884175096769
4966.5	-659.9423999716018
4967.0	-659.9196973198738
4967.5	-659.9057815142937
4968.0	-659.8981624557252
4968.5	-659.8927516108964
4969.0	-659.888275143249
4969.5	-659.8834554170983
4970.0	-659.8760967989566
4970.5	-659.8660369360774
4971.0	-659.8484575907903
4971.5	-659.8225225009552
4972.0	-659.7765967262637
4972.5	-659.6869552899237
4973.0	-659.2367788690133
4973.5	-659.1020569053989
4974.0	-659.0288047569018
4974.5	-658.9482047678891
4975.0	-658.7704386020288
4975.5	-658.7244699636493
4976.0	-658.7058266219809
4976.5	-658.693991870667
4977.0	-658.6875227696249
4977.5	-658.6801774613932
4978.0	-658.6731234562699
4978.5	-658.6605569534834
4979.0	-658.6407205423961
4979.5	-658.6030637108088
4980.0	-658.5175250473698
4980.5	-658.0791577240064
4981.0	-657.9816555063697
4981.5	-657.9446667230393
4982.0	-657.924641003659
4982.5	-657.915880602631
4983.0	-657.9096805204437
4983.5	-657.9081583995122
4984.0	-657.9060701202427
4984.5	-657.9046369365931
4985.0	-657.90104173348
4985.5	-657.8939870702922
4986.0	-657.8812737744502
4986.5	-657.8584673350813
4987.0	-657.8167648723414
4987.5	-657.7167107330516
4988.0	-657.2749197710929
4988.5	-657.1836537760126
4989.0	-657.1433716069976
4989.5	-657.1170070856084
4990.0	-657.0996040259824
4990.5	-657.0832951678606
4991.0	-657.0682015817978
4991.5	-657.050144678294
4992.0	-657.025989162972
4992.5	-656.991224353764
4993.0	-656.9241915164675
4993.5	-656.7460880332502
4994.0	-656.6829548941927
4994.5	-656.6235496265805
4995.0	-656.5025687818035
4995.5	-656.0652005933575
4996.0	-655.9837026937843
4996.5	-655.9481867159407
4997.0	-655.9280740209867
4997.5	-655.9174781245836
4998.0	-655.9114860568357
4998.5	-655.9076131920247
4999.0	-655.9060322164695
4999.5	-655.9024816417257
5000.0	-655.899172302979
