0	55.38918246769193
1.0	0.9999999999999999
2.0	1.0000000000000002
3.0	1.0000000000000004
4.0	1.0
5.0	1.0000000000000002
6.0	1.0
7.0	1.0
8.0	1.0000000000000002
9.0	1.0
10.0	1.0000000000000002
11.0	1.0000000000000002
12.0	1.0
13.0	1.0000000000000002
14.0	1.0000000000000002
15.0	1.0
16.0	1.0
17.0	1.0
18.0	1.0000000000000002
19.0	1.0
20.0	1.0
21.0	1.0000000000000004
22.0	1.0000000000000002
23.0	1.0000000000000004
24.0	0.9999999999999999
25.0	1.0
26.0	1.0
27.0	1.0000000000000002
28.0	1.0000000000000002
29.0	1.0000000000000002
30.0	1.0000000000000002
31.0	1.0
32.0	1.0000000000000002
33.0	1.0000000000000002
34.0	1.0
35.0	0.9999999999999999
36.0	1.0
37.0	1.0000000000000004
38.0	1.0000000000000002
39.0	1.0000000000000004
40.0	1.0000000000000002
41.0	1.0000000000000004
42.0	1.0000000000000004
43.0	1.0
44.0	0.9999999999999999
45.0	1.0
46.0	1.0
47.0	1.0000000000000002
48.0	0.9999999999999999
49.0	1.0000000000000002
50.0	1.0
51.0	1.0000000000000002
52.0	1.0000000000000002
53.0	1.0
54.0	1.0000000000000004
55.0	1.0
56.0	1.0000000000000002
57.0	1.0000000000000002
58.0	1.0
59.0	1.0000000000000002
60.0	1.0
61.0	1.0
62.0	1.0000000000000002
63.0	0.9999999999999999
64.0	1.0000000000000002
65.0	1.0
66.0	1.0000000000000002
67.0	1.0000000000000004
68.0	1.0000000000000004
69.0	0.9999999999999998
70.0	1.0000000000000002
71.0	1.0
72.0	1.0000000000000002
73.0	1.0
74.0	1.0000000000000004
75.0	1.0000000000000002
76.0	1.0
77.0	1.0000000000000002
78.0	1.0
79.0	1.0000000000000002
80.0	1.0
81.0	1.0
82.0	1.0000000000000002
83.0	1.0000000000000004
84.0	1.0
85.0	1.0
86.0	1.0000000000000002
87.0	1.0000000000000002
88.0	1.0000000000000004
89.0	1.0000000000000002
90.0	1.0
91.0	1.0000000000000002
92.0	0.9999999999999999
93.0	1.0000000000000002
94.0	1.0000000000000002
95.0	1.0000000000000002
96.0	1.0
97.0	1.0
98.0	1.0000000000000002
99.0	1.0
100.0	1.0000000000000004
101.0	1.0000000000000002
102.0	1.0000000000000004
103.0	1.0000000000000002
104.0	1.0000000000000002
105.0	1.0000000000000002
106.0	1.0000000000000002
107.0	1.0000000000000004
108.0	1.0000000000000002
109.0	1.0000000000000004
110.0	1.0000000000000002
111.0	1.0000000000000002
112.0	1.0000000000000002
113.0	1.0
114.0	1.0000000000000002
115.0	1.0000000000000002
116.0	1.0
117.0	1.0000000000000004
118.0	1.0000000000000002
119.0	1.0000000000000004
120.0	1.0000000000000002
121.0	1.0000000000000004
122.0	1.0000000000000002
123.0	1.0000000000000002
124.0	1.0000000000000004
125.0	0.9999999999999999
126.0	1.0000000000000002
127.0	1.0000000000000002
128.0	1.0000000000000002
129.0	1.0000000000000002
130.0	1.0
131.0	1.0000000000000002
132.0	1.0
133.0	1.0
134.0	1.0000000000000004
135.0	1.0000000000000002
136.0	1.0000000000000002
137.0	0.9999999999999998
138.0	1.0000000000000002
139.0	1.0000000000000004
140.0	1.0000000000000002
141.0	1.0
142.0	1.0000000000000002
143.0	1.0000000000000002
144.0	1.0000000000000002
145.0	1.0000000000000002
146.0	1.0
147.0	1.0000000000000002
148.0	1.0
149.0	0.9999999999999999
150.0	1.0000000000000004
151.0	1.0000000000000002
152.0	1.0
153.0	1.0000000000000002
154.0	1.0
155.0	1.0000000000000002
156.0	1.0
157.0	1.0000000000000002
158.0	1.0000000000000002
159.0	1.0000000000000004
160.0	1.0
161.0	1.0000000000000002
162.0	0.9999999999999999
163.0	1.0000000000000002
164.0	1.0
165.0	1.0000000000000002
166.0	1.0000000000000002
167.0	1.0
168.0	1.0000000000000002
169.0	1.0
170.0	1.0000000000000002
171.0	1.0
172.0	1.0000000000000002
173.0	1.0
174.0	1.0
175.0	1.0000000000000002
176.0	1.0000000000000002
177.0	1.0000000000000004
178.0	0.9999999999999999
179.0	1.0
180.0	1.0000000000000004
181.0	1.0000000000000002
182.0	1.0
183.0	1.0000000000000004
184.0	1.0000000000000002
185.0	1.0000000000000004
186.0	1.0000000000000002
187.0	1.0000000000000002
188.0	1.0000000000000002
189.0	1.0000000000000002
190.0	0.9999999999999999
191.0	1.0000000000000002
192.0	1.0
193.0	1.0
194.0	1.0000000000000004
195.0	1.0
196.0	1.0000000000000004
197.0	1.0000000000000002
198.0	0.9999999999999999
199.0	1.0000000000000002
200.0	1.0000000000000002
201.0	1.0000000000000004
202.0	1.0000000000000002
203.0	1.0
204.0	1.0
205.0	1.0000000000000002
206.0	1.0000000000000002
207.0	1.0000000000000002
208.0	1.0000000000000002
209.0	1.0
210.0	1.0000000000000002
211.0	1.0
212.0	1.0000000000000002
213.0	0.9999999999999999
214.0	1.0
215.0	0.9999999999999999
216.0	1.0000000000000002
217.0	1.0
218.0	1.0000000000000002
219.0	1.0000000000000002
220.0	1.0
221.0	0.9999999999999999
222.0	1.0000000000000002
223.0	1.0000000000000002
224.0	1.0000000000000004
225.0	1.0000000000000004
226.0	1.0000000000000002
227.0	1.0
228.0	1.0000000000000002
229.0	1.0000000000000002
230.0	1.0000000000000002
231.0	1.0000000000000004
232.0	1.0000000000000002
233.0	1.0000000000000002
234.0	1.0
235.0	1.0000000000000002
236.0	1.0000000000000002
237.0	1.0000000000000002
238.0	1.0
239.0	1.0000000000000004
240.0	1.0000000000000002
241.0	1.0000000000000002
242.0	1.0
243.0	1.0000000000000002
244.0	1.0000000000000002
245.0	1.0
246.0	1.0
247.0	1.0000000000000004
248.0	1.0000000000000002
249.0	1.0
250.0	1.0
251.0	1.0000000000000002
252.0	1.0000000000000002
253.0	1.0
254.0	1.0
255.0	1.0000000000000004
256.0	1.0000000000000002
257.0	1.0
258.0	1.0000000000000002
259.0	1.0
260.0	1.0
261.0	0.9999999999999999
262.0	1.0000000000000002
263.0	1.0
264.0	1.0
265.0	1.0
266.0	1.0000000000000004
267.0	1.0
268.0	1.0000000000000002
269.0	1.0
270.0	1.0
271.0	1.0000000000000004
272.0	1.0000000000000002
273.0	1.0000000000000002
274.0	1.0000000000000004
275.0	1.0000000000000002
276.0	1.0000000000000002
277.0	1.0000000000000002
278.0	1.0
279.0	1.0
280.0	1.0000000000000002
281.0	1.0000000000000002
282.0	1.0
283.0	1.0000000000000004
284.0	1.0000000000000002
285.0	1.0000000000000002
286.0	1.0000000000000002
287.0	1.0
288.0	0.9999999999999999
289.0	1.0000000000000002
290.0	1.0000000000000002
291.0	1.0
292.0	1.0
293.0	1.0000000000000002
294.0	1.0000000000000002
295.0	1.0000000000000002
296.0	1.0000000000000002
297.0	1.0000000000000002
298.0	1.0000000000000004
299.0	1.0000000000000002
300.0	1.0000000000000002
301.0	1.0000000000000002
302.0	1.0000000000000002
303.0	1.0
304.0	1.0
305.0	1.0000000000000004
306.0	1.0000000000000004
307.0	1.0000000000000002
308.0	1.0000000000000002
309.0	1.0000000000000002
310.0	1.0000000000000002
311.0	1.0000000000000002
312.0	1.0000000000000002
313.0	1.0
314.0	1.0000000000000002
315.0	0.9999999999999999
316.0	1.0000000000000002
317.0	1.0000000000000002
318.0	1.0000000000000002
319.0	1.0000000000000002
320.0	1.0
321.0	1.0
322.0	1.0
323.0	0.9999999999999999
324.0	1.0000000000000002
325.0	0.9999999999999999
326.0	1.0000000000000002
327.0	1.0000000000000002
328.0	1.0000000000000002
329.0	1.0000000000000002
330.0	1.0000000000000002
331.0	1.0000000000000002
332.0	1.0000000000000002
333.0	1.0000000000000002
334.0	1.0
335.0	1.0
336.0	1.0
337.0	1.0000000000000004
338.0	1.0000000000000002
339.0	1.0000000000000002
340.0	1.0000000000000002
341.0	1.0000000000000002
342.0	1.0000000000000002
343.0	1.0
344.0	1.0000000000000002
345.0	1.0000000000000002
346.0	1.0
347.0	1.0000000000000002
348.0	0.9999999999999999
349.0	1.0
350.0	1.0
351.0	1.0
352.0	1.0
353.0	1.0000000000000002
354.0	1.0
355.0	1.0
356.0	1.0000000000000002
357.0	1.0000000000000002
358.0	1.0000000000000002
359.0	1.0
360.0	1.0000000000000002
361.0	1.0000000000000002
362.0	1.0000000000000002
363.0	1.0000000000000004
364.0	1.0000000000000002
365.0	1.0
366.0	0.9999999999999999
367.0	1.0000000000000004
368.0	1.0000000000000002
369.0	1.0000000000000002
370.0	0.9999999999999998
371.0	1.0000000000000004
372.0	1.0000000000000002
373.0	1.0000000000000004
374.0	1.0000000000000002
375.0	1.0000000000000002
376.0	1.0000000000000002
377.0	1.0000000000000002
378.0	1.0
379.0	1.0000000000000004
380.0	0.9999999999999999
381.0	1.0
382.0	1.0
383.0	1.0000000000000002
384.0	1.0000000000000002
385.0	1.0000000000000002
386.0	1.0000000000000002
387.0	1.0000000000000002
388.0	1.0000000000000004
389.0	1.0000000000000002
390.0	1.0000000000000002
391.0	1.0000000000000004
392.0	1.0000000000000002
393.0	1.0
394.0	1.0
395.0	1.0
396.0	1.0000000000000002
397.0	1.0000000000000002
398.0	1.0000000000000002
399.0	1.0000000000000004
400.0	1.0
401.0	1.0000000000000002
402.0	1.0000000000000002
403.0	1.0000000000000002
404.0	0.9999999999999999
405.0	1.0
406.0	1.0
407.0	1.0
408.0	1.0
409.0	1.0
410.0	1.0000000000000002
411.0	1.0000000000000002
412.0	1.0000000000000002
413.0	1.0000000000000002
414.0	1.0
415.0	1.0
416.0	1.0
417.0	1.0
418.0	1.0
419.0	1.0
420.0	1.0000000000000002
421.0	1.0000000000000002
422.0	1.0000000000000004
423.0	1.0000000000000004
424.0	1.0
425.0	1.0
426.0	1.0
427.0	1.0000000000000004
428.0	1.0000000000000002
429.0	1.0
430.0	1.0
431.0	1.0000000000000002
432.0	1.0
433.0	1.0000000000000002
434.0	1.0000000000000002
435.0	1.0000000000000002
436.0	1.0
437.0	1.0
438.0	1.0
439.0	1.0
440.0	1.0000000000000002
441.0	1.0000000000000002
442.0	1.0000000000000004
443.0	1.0000000000000002
444.0	0.9999999999999999
445.0	1.0
446.0	1.0000000000000002
447.0	1.0
448.0	1.0000000000000002
449.0	1.0000000000000002
450.0	1.0000000000000004
451.0	1.0
452.0	1.0000000000000004
453.0	0.9999999999999999
454.0	1.0
455.0	1.0
456.0	1.0
457.0	1.0000000000000002
458.0	1.0
459.0	1.0000000000000002
460.0	1.0000000000000004
461.0	1.0000000000000004
462.0	1.0
463.0	1.0000000000000002
464.0	1.0
465.0	0.9999999999999998
466.0	1.0000000000000002
467.0	1.0000000000000004
468.0	1.0000000000000002
469.0	1.0000000000000004
470.0	1.0000000000000002
471.0	1.0
472.0	1.0000000000000002
473.0	1.0000000000000002
474.0	1.0000000000000004
475.0	1.0
476.0	1.0
477.0	1.0000000000000002
478.0	1.0000000000000002
479.0	1.0000000000000004
480.0	1.0000000000000002
481.0	1.0
482.0	1.0
483.0	1.0000000000000002
484.0	1.0000000000000002
485.0	1.0000000000000004
486.0	1.0
487.0	1.0
488.0	1.0000000000000002
489.0	1.0000000000000002
490.0	0.9999999999999998
491.0	1.0
492.0	1.0000000000000002
493.0	1.0000000000000002
494.0	1.0000000000000002
495.0	1.0000000000000002
496.0	0.9999999999999999
497.0	1.0
498.0	1.0
499.0	1.0000000000000004
500.0	1.0000000000000004
501.0	1.0000000000000004
502.0	0.9999999999999999
503.0	1.0
504.0	1.0000000000000002
505.0	1.0
506.0	1.0000000000000002
507.0	1.0000000000000004
508.0	1.0
509.0	1.0
510.0	1.0
511.0	1.0000000000000002
512.0	1.0000000000000002
513.0	1.0000000000000004
514.0	1.0
515.0	1.0
516.0	1.0000000000000002
517.0	1.0000000000000004
518.0	1.0
519.0	1.0
520.0	1.0000000000000002
521.0	1.0000000000000002
522.0	1.0000000000000004
523.0	1.0
524.0	1.0000000000000002
525.0	1.0
526.0	1.0000000000000002
527.0	1.0
528.0	1.0000000000000002
529.0	1.0
530.0	1.0000000000000002
531.0	1.0000000000000004
532.0	1.0000000000000004
533.0	1.0
534.0	1.0
535.0	1.0000000000000004
536.0	1.0000000000000002
537.0	0.9999999999999999
538.0	1.0
539.0	1.0
540.0	1.0000000000000002
541.0	1.0000000000000004
542.0	0.9999999999999999
543.0	1.0
544.0	1.0000000000000002
545.0	1.0
546.0	1.0000000000000002
547.0	1.0
548.0	1.0
549.0	1.0000000000000002
550.0	1.0000000000000004
551.0	1.0
552.0	1.0000000000000002
553.0	1.0000000000000004
554.0	1.0
555.0	1.0000000000000002
556.0	1.0000000000000002
557.0	1.0000000000000004
558.0	1.0000000000000002
559.0	0.9999999999999999
560.0	1.0
561.0	1.0000000000000002
562.0	1.0000000000000002
563.0	1.0
564.0	1.0
565.0	1.0
566.0	1.0000000000000002
567.0	1.0000000000000002
568.0	1.0000000000000002
569.0	1.0
570.0	1.0000000000000002
571.0	1.0000000000000004
572.0	1.0
573.0	1.0
574.0	1.0000000000000002
575.0	1.0000000000000004
576.0	1.0
577.0	1.0
578.0	1.0
579.0	1.0000000000000002
580.0	1.0000000000000004
581.0	1.0000000000000004
582.0	1.0
583.0	1.0000000000000004
584.0	1.0000000000000002
585.0	1.0000000000000004
586.0	1.0000000000000004
587.0	0.9999999999999999
588.0	1.0
589.0	1.0
590.0	1.0
591.0	1.0000000000000002
592.0	1.0
593.0	1.0
594.0	1.0
595.0	1.0000000000000002
596.0	1.0000000000000004
597.0	1.0
598.0	1.0
599.0	1.0000000000000002
600.0	1.0000000000000004
601.0	1.0000000000000004
602.0	1.0
603.0	1.0000000000000002
604.0	1.0000000000000002
605.0	1.0000000000000004
606.0	1.0
607.0	1.0000000000000004
608.0	1.0000000000000004
609.0	1.0
610.0	1.0
611.0	0.9999999999999999
612.0	1.0000000000000002
613.0	1.0000000000000004
614.0	1.0
615.0	1.0000000000000002
616.0	1.0000000000000002
617.0	1.0000000000000002
618.0	0.9999999999999999
619.0	1.0000000000000002
620.0	1.0
621.0	1.0000000000000002
622.0	0.9999999999999999
623.0	1.0
624.0	1.0000000000000002
625.0	1.0
626.0	0.9999999999999998
627.0	1.0000000000000004
628.0	0.9999999999999999
629.0	1.0000000000000002
630.0	1.0000000000000002
631.0	1.0
632.0	1.0
633.0	1.0
634.0	1.0
635.0	1.0000000000000002
636.0	1.0
637.0	1.0
638.0	1.0
639.0	0.9999999999999998
640.0	1.0000000000000002
641.0	1.0
642.0	1.0
643.0	1.0000000000000002
644.0	1.0000000000000002
645.0	1.0000000000000002
646.0	1.0000000000000002
647.0	1.0
648.0	1.0000000000000002
649.0	1.0000000000000002
650.0	1.0000000000000004
651.0	1.0
652.0	1.0000000000000002
653.0	0.9999999999999998
654.0	1.0000000000000002
655.0	1.0
656.0	1.0
657.0	1.0000000000000002
658.0	1.0000000000000004
659.0	1.0000000000000004
660.0	1.0
661.0	1.0000000000000004
662.0	1.0000000000000004
663.0	1.0
664.0	1.0
665.0	1.0000000000000002
666.0	1.0
667.0	1.0000000000000002
668.0	1.0000000000000004
669.0	1.0
670.0	1.0
671.0	1.0
672.0	1.0
673.0	1.0000000000000004
674.0	1.0
675.0	1.0
676.0	1.0000000000000002
677.0	1.0000000000000004
678.0	1.0
679.0	1.0
680.0	1.0000000000000004
681.0	1.0000000000000002
682.0	1.0000000000000002
683.0	1.0000000000000004
684.0	1.0
685.0	1.0000000000000002
686.0	1.0000000000000002
687.0	1.0
688.0	1.0000000000000004
689.0	1.0
690.0	1.0000000000000002
691.0	1.0
692.0	1.0000000000000002
693.0	1.0000000000000002
694.0	1.0000000000000002
695.0	1.0000000000000004
696.0	1.0000000000000004
697.0	1.0000000000000002
698.0	1.0000000000000002
699.0	1.0000000000000002
700.0	1.0000000000000002
701.0	1.0
702.0	1.0000000000000004
703.0	0.9999999999999999
704.0	1.0000000000000004
705.0	1.0
706.0	1.0
707.0	1.0000000000000004
708.0	1.0
709.0	1.0000000000000002
710.0	1.0000000000000002
711.0	1.0000000000000002
712.0	1.0
713.0	1.0
714.0	1.0
715.0	1.0000000000000002
716.0	1.0000000000000002
717.0	1.0
718.0	1.0000000000000004
719.0	1.0
720.0	1.0000000000000002
721.0	1.0000000000000002
722.0	1.0
723.0	1.0000000000000002
724.0	1.0000000000000002
725.0	1.0000000000000002
726.0	1.0
727.0	1.0
728.0	1.0000000000000002
729.0	1.0000000000000002
730.0	1.0
731.0	1.0000000000000004
732.0	1.0
733.0	1.0
734.0	1.0000000000000002
735.0	1.0000000000000002
736.0	0.9999999999999999
737.0	1.0
738.0	1.0000000000000002
739.0	1.0000000000000002
740.0	1.0000000000000002
741.0	1.0000000000000002
742.0	1.0
743.0	1.0000000000000002
744.0	1.0
745.0	1.0
746.0	1.0000000000000004
747.0	1.0
748.0	1.0000000000000002
749.0	1.0000000000000004
750.0	1.0
751.0	1.0000000000000002
752.0	1.0000000000000002
753.0	0.9999999999999998
754.0	1.0000000000000004
755.0	1.0000000000000002
756.0	1.0
757.0	1.0000000000000002
758.0	1.0000000000000002
759.0	1.0000000000000002
760.0	1.0000000000000002
761.0	0.9999999999999999
762.0	1.0000000000000002
763.0	1.0
764.0	1.0
765.0	1.0000000000000002
766.0	1.0
767.0	1.0000000000000004
768.0	1.0000000000000002
769.0	1.0000000000000002
770.0	1.0000000000000002
771.0	0.9999999999999999
772.0	0.9999999999999999
773.0	1.0000000000000002
774.0	1.0000000000000002
775.0	0.9999999999999999
776.0	1.0
777.0	1.0000000000000002
778.0	1.0000000000000002
779.0	1.0000000000000002
780.0	1.0000000000000002
781.0	1.0000000000000002
782.0	1.0
783.0	1.0
784.0	0.9999999999999999
785.0	1.0
786.0	1.0000000000000002
787.0	0.9999999999999999
788.0	1.0
789.0	1.0
790.0	1.0000000000000004
791.0	1.0000000000000002
792.0	1.0000000000000002
793.0	1.0000000000000004
794.0	1.0
795.0	1.0
796.0	1.0000000000000002
797.0	1.0000000000000002
798.0	1.0
799.0	1.0000000000000004
800.0	1.0000000000000004
801.0	1.0000000000000004
802.0	1.0000000000000004
803.0	1.0000000000000002
804.0	1.0000000000000002
805.0	1.0000000000000002
806.0	1.0000000000000002
807.0	1.0000000000000004
808.0	1.0000000000000004
809.0	1.0
810.0	1.0000000000000002
811.0	1.0000000000000002
812.0	1.0000000000000002
813.0	1.0000000000000002
814.0	1.0000000000000002
815.0	1.0000000000000004
816.0	1.0
817.0	1.0000000000000004
818.0	1.0000000000000004
819.0	0.9999999999999999
820.0	1.0
821.0	1.0000000000000002
822.0	0.9999999999999999
823.0	1.0000000000000002
824.0	0.9999999999999999
825.0	1.0000000000000004
826.0	1.0000000000000002
827.0	1.0
828.0	1.0000000000000002
829.0	1.0
830.0	1.0000000000000002
831.0	1.0000000000000002
832.0	1.0000000000000002
833.0	1.0000000000000002
834.0	1.0
835.0	1.0
836.0	1.0000000000000002
837.0	1.0
838.0	1.0000000000000002
839.0	1.0
840.0	1.0
841.0	1.0000000000000002
842.0	1.0000000000000002
843.0	1.0000000000000002
844.0	1.0
845.0	1.0000000000000002
846.0	1.0000000000000002
847.0	0.9999999999999999
848.0	1.0000000000000004
849.0	1.0
850.0	1.0
851.0	1.0
852.0	1.0000000000000002
853.0	1.0000000000000002
854.0	1.0000000000000002
855.0	1.0000000000000002
856.0	1.0000000000000004
857.0	0.9999999999999999
858.0	1.0000000000000004
859.0	1.0
860.0	1.0
861.0	1.0
862.0	1.0
863.0	1.0000000000000002
864.0	1.0000000000000002
865.0	1.0000000000000002
866.0	1.0000000000000002
867.0	1.0000000000000002
868.0	1.0
869.0	1.0
870.0	1.0000000000000002
871.0	1.0000000000000002
872.0	1.0000000000000004
873.0	1.0000000000000004
874.0	1.0000000000000002
875.0	1.0000000000000002
876.0	1.0000000000000004
877.0	1.0000000000000002
878.0	1.0000000000000004
879.0	1.0
880.0	0.9999999999999999
881.0	1.0
882.0	0.9999999999999999
883.0	1.0
884.0	1.0000000000000002
885.0	1.0
886.0	1.0000000000000002
887.0	1.0000000000000002
888.0	1.0000000000000002
889.0	1.0000000000000002
890.0	1.0000000000000002
891.0	1.0000000000000002
892.0	1.0000000000000002
893.0	1.0
894.0	1.0
895.0	1.0
896.0	1.0000000000000004
897.0	1.0
898.0	1.0000000000000004
899.0	1.0000000000000002
900.0	1.0000000000000002
901.0	1.0000000000000004
902.0	1.0
903.0	1.0
904.0	0.9999999999999999
905.0	1.0
906.0	1.0
907.0	1.0
908.0	1.0000000000000002
909.0	1.0000000000000004
910.0	1.0000000000000004
911.0	1.0000000000000002
912.0	1.0000000000000002
913.0	1.0000000000000002
914.0	1.0
915.0	1.0
916.0	1.0000000000000002
917.0	1.0
918.0	1.0000000000000002
919.0	1.0
920.0	1.0
921.0	1.0000000000000002
922.0	1.0000000000000004
923.0	1.0000000000000004
924.0	1.0000000000000002
925.0	1.0000000000000004
926.0	1.0000000000000004
927.0	1.0000000000000002
928.0	1.0000000000000002
929.0	1.0
930.0	1.0
931.0	0.9999999999999999
932.0	1.0000000000000002
933.0	1.0
934.0	1.0
935.0	1.0000000000000002
936.0	0.9999999999999998
937.0	1.0000000000000004
938.0	1.0000000000000002
939.0	1.0000000000000002
940.0	1.0
941.0	1.0
942.0	1.0
943.0	1.0000000000000002
944.0	1.0000000000000002
945.0	1.0
946.0	1.0
947.0	1.0000000000000004
948.0	1.0000000000000004
949.0	1.0000000000000002
950.0	0.9999999999999999
951.0	1.0000000000000002
952.0	1.0000000000000002
953.0	1.0
954.0	1.0
955.0	1.0000000000000004
956.0	1.0000000000000004
957.0	1.0000000000000004
958.0	1.0000000000000002
959.0	1.0000000000000002
960.0	1.0
961.0	1.0000000000000002
962.0	1.0
963.0	1.0000000000000004
964.0	1.0000000000000004
965.0	1.0000000000000004
966.0	1.0000000000000002
967.0	1.0000000000000002
968.0	1.0
969.0	1.0
970.0	1.0
971.0	1.0000000000000004
972.0	0.9999999999999999
973.0	1.0000000000000004
974.0	1.0000000000000002
975.0	1.0
976.0	1.0
977.0	1.0000000000000002
978.0	1.0
979.0	1.0
980.0	1.0000000000000002
981.0	1.0
982.0	0.9999999999999999
983.0	1.0000000000000004
984.0	1.0000000000000002
985.0	1.0000000000000002
986.0	1.0000000000000002
987.0	1.0
988.0	1.0
989.0	1.0000000000000002
990.0	1.0
991.0	1.0000000000000002
992.0	1.0000000000000002
993.0	1.0000000000000002
994.0	1.0
995.0	1.0
996.0	1.0000000000000002
997.0	1.0000000000000002
998.0	1.0
999.0	1.0000000000000002
1000.0	1.0000000000000002
1001.0	1.0
1002.0	1.0000000000000002
1003.0	1.0000000000000002
1004.0	1.0
1005.0	1.0
1006.0	1.0000000000000004
1007.0	1.0
1008.0	1.0000000000000002
1009.0	1.0000000000000002
1010.0	1.0
1011.0	1.0000000000000004
1012.0	1.0000000000000002
1013.0	1.0000000000000002
1014.0	1.0000000000000004
1015.0	1.0000000000000002
1016.0	1.0
1017.0	1.0000000000000004
1018.0	1.0
1019.0	1.0000000000000002
1020.0	1.0000000000000002
1021.0	1.0
1022.0	1.0000000000000002
1023.0	1.0000000000000002
1024.0	1.0000000000000002
1025.0	1.0
1026.0	0.9999999999999999
1027.0	1.0000000000000002
1028.0	1.0
1029.0	0.9999999999999999
1030.0	1.0000000000000004
1031.0	1.0000000000000002
1032.0	1.0000000000000002
1033.0	1.0000000000000002
1034.0	1.0000000000000002
1035.0	1.0
1036.0	1.0000000000000002
1037.0	1.0000000000000002
1038.0	1.0000000000000002
1039.0	1.0000000000000002
1040.0	1.0000000000000002
1041.0	1.0
1042.0	1.0000000000000002
1043.0	1.0000000000000004
1044.0	1.0000000000000004
1045.0	1.0000000000000002
1046.0	1.0000000000000002
1047.0	0.9999999999999999
1048.0	1.0
1049.0	1.0
1050.0	1.0
1051.0	1.0000000000000002
1052.0	1.0
1053.0	0.9999999999999999
1054.0	1.0000000000000002
1055.0	1.0
1056.0	0.9999999999999999
1057.0	1.0000000000000002
1058.0	1.0
1059.0	1.0000000000000004
1060.0	1.0000000000000002
1061.0	1.0
1062.0	1.0000000000000004
1063.0	1.0000000000000002
1064.0	1.0
1065.0	1.0000000000000004
1066.0	1.0000000000000002
1067.0	1.0
1068.0	1.0000000000000004
1069.0	1.0000000000000002
1070.0	1.0000000000000002
1071.0	1.0000000000000002
1072.0	1.0000000000000004
1073.0	1.0000000000000002
1074.0	1.0000000000000002
1075.0	1.0
1076.0	1.0000000000000002
1077.0	1.0000000000000002
1078.0	1.0000000000000004
1079.0	1.0000000000000004
1080.0	1.0000000000000002
1081.0	1.0000000000000004
1082.0	1.0000000000000002
1083.0	1.0
1084.0	1.0000000000000002
1085.0	1.0
1086.0	1.0
1087.0	1.0
1088.0	1.0000000000000002
1089.0	0.9999999999999999
1090.0	1.0000000000000002
1091.0	1.0
1092.0	1.0000000000000004
1093.0	1.0000000000000002
1094.0	1.0
1095.0	1.0
1096.0	0.9999999999999999
1097.0	1.0000000000000002
1098.0	1.0
1099.0	1.0000000000000004
1100.0	1.0000000000000002
1101.0	1.0
1102.0	1.0000000000000002
1103.0	1.0
1104.0	1.0
1105.0	1.0000000000000002
1106.0	1.0000000000000002
1107.0	1.0
1108.0	1.0000000000000002
1109.0	0.9999999999999999
1110.0	1.0000000000000002
1111.0	1.0
1112.0	1.0
1113.0	1.0000000000000004
1114.0	1.0
1115.0	1.0000000000000004
1116.0	1.0000000000000002
1117.0	1.0
1118.0	1.0000000000000002
1119.0	1.0000000000000002
1120.0	1.0000000000000004
1121.0	1.0000000000000002
1122.0	1.0000000000000002
1123.0	1.0
1124.0	1.0000000000000002
1125.0	1.0000000000000002
1126.0	1.0
1127.0	0.9999999999999998
1128.0	1.0
1129.0	1.0
1130.0	1.0000000000000002
1131.0	1.0000000000000002
1132.0	1.0000000000000004
1133.0	1.0000000000000002
1134.0	0.9999999999999999
1135.0	0.9999999999999998
1136.0	1.0000000000000002
1137.0	1.0
1138.0	1.0000000000000002
1139.0	1.0000000000000002
1140.0	1.0000000000000002
1141.0	1.0
1142.0	1.0000000000000004
1143.0	1.0
1144.0	1.0
1145.0	1.0000000000000004
1146.0	1.0
1147.0	1.0000000000000002
1148.0	0.9999999999999999
1149.0	1.0000000000000002
1150.0	1.0000000000000002
1151.0	1.0000000000000004
1152.0	1.0000000000000002
1153.0	0.9999999999999999
1154.0	1.0000000000000004
1155.0	1.0
1156.0	1.0
1157.0	1.0000000000000004
1158.0	1.0
1159.0	1.0000000000000002
1160.0	1.0000000000000002
1161.0	1.0
1162.0	1.0000000000000002
1163.0	1.0
1164.0	1.0000000000000002
1165.0	1.0000000000000002
1166.0	0.9999999999999998
1167.0	1.0000000000000002
1168.0	1.0
1169.0	0.9999999999999999
1170.0	1.0
1171.0	1.0000000000000004
1172.0	1.0000000000000002
1173.0	1.0
1174.0	1.0000000000000004
1175.0	1.0000000000000002
1176.0	1.0
1177.0	0.9999999999999999
1178.0	1.0000000000000004
1179.0	1.0000000000000004
1180.0	1.0000000000000002
1181.0	1.0
1182.0	1.0
1183.0	1.0000000000000002
1184.0	0.9999999999999998
1185.0	1.0
1186.0	1.0
1187.0	1.0000000000000002
1188.0	1.0000000000000002
1189.0	1.0000000000000004
1190.0	1.0000000000000002
1191.0	1.0
1192.0	1.0000000000000004
1193.0	1.0000000000000002
1194.0	1.0
1195.0	1.0000000000000004
1196.0	1.0
1197.0	0.9999999999999998
1198.0	1.0000000000000002
1199.0	1.0000000000000002
1200.0	1.0
1201.0	1.0
1202.0	1.0
1203.0	1.0000000000000002
1204.0	1.0
1205.0	1.0000000000000002
1206.0	1.0000000000000002
1207.0	0.9999999999999999
1208.0	1.0000000000000004
1209.0	1.0
1210.0	1.0000000000000004
1211.0	1.0000000000000002
1212.0	1.0
1213.0	1.0000000000000002
1214.0	1.0000000000000002
1215.0	1.0
1216.0	1.0000000000000002
1217.0	1.0
1218.0	1.0000000000000002
1219.0	1.0000000000000002
1220.0	1.0
1221.0	1.0000000000000002
1222.0	1.0
1223.0	1.0
1224.0	1.0000000000000002
1225.0	1.0
1226.0	1.0000000000000004
1227.0	1.0000000000000002
1228.0	1.0
1229.0	1.0000000000000002
1230.0	1.0000000000000004
1231.0	1.0000000000000002
1232.0	1.0000000000000004
1233.0	1.0000000000000002
1234.0	1.0000000000000002
1235.0	0.9999999999999999
1236.0	1.0
1237.0	1.0000000000000004
1238.0	1.0000000000000002
1239.0	1.0
1240.0	1.0000000000000004
1241.0	1.0
1242.0	0.9999999999999999
1243.0	1.0000000000000002
1244.0	0.9999999999999999
1245.0	1.0000000000000002
1246.0	1.0
1247.0	1.0000000000000002
1248.0	1.0
1249.0	1.0000000000000002
1250.0	1.0000000000000002
1251.0	1.0
1252.0	1.0000000000000002
1253.0	1.0
1254.0	1.0
1255.0	1.0000000000000002
1256.0	1.0000000000000004
1257.0	1.0
1258.0	1.0
1259.0	1.0000000000000002
1260.0	1.0000000000000002
1261.0	1.0
1262.0	1.0000000000000002
1263.0	1.0
1264.0	1.0000000000000002
1265.0	1.0000000000000002
1266.0	1.0000000000000004
1267.0	1.0000000000000002
1268.0	1.0
1269.0	1.0000000000000004
1270.0	1.0
1271.0	1.0
1272.0	1.0
1273.0	1.0
1274.0	1.0000000000000002
1275.0	1.0
1276.0	1.0000000000000004
1277.0	1.0000000000000002
1278.0	1.0
1279.0	0.9999999999999999
1280.0	1.0
1281.0	1.0
1282.0	1.0000000000000002
1283.0	1.0
1284.0	1.0
1285.0	1.0
1286.0	1.0000000000000002
1287.0	1.0
1288.0	1.0000000000000002
1289.0	1.0000000000000002
1290.0	1.0
1291.0	1.0000000000000004
1292.0	1.0000000000000002
1293.0	1.0000000000000002
1294.0	1.0
1295.0	0.9999999999999998
1296.0	1.0000000000000002
1297.0	1.0
1298.0	1.0000000000000004
1299.0	1.0
1300.0	0.9999999999999999
1301.0	1.0000000000000002
1302.0	0.9999999999999998
1303.0	1.0
1304.0	0.9999999999999999
1305.0	1.0000000000000002
1306.0	1.0000000000000004
1307.0	1.0000000000000002
1308.0	1.0
1309.0	1.0000000000000002
1310.0	1.0
1311.0	1.0
1312.0	1.0000000000000004
1313.0	1.0
1314.0	1.0000000000000004
1315.0	1.0000000000000002
1316.0	1.0
1317.0	1.0000000000000004
1318.0	1.0000000000000002
1319.0	1.0000000000000004
1320.0	1.0000000000000002
1321.0	1.0000000000000002
1322.0	1.0
1323.0	1.0000000000000002
1324.0	1.0000000000000002
1325.0	1.0000000000000002
1326.0	1.0000000000000004
1327.0	1.0
1328.0	1.0000000000000004
1329.0	1.0000000000000002
1330.0	1.0
1331.0	1.0000000000000004
1332.0	1.0
1333.0	1.0
1334.0	1.0000000000000002
1335.0	1.0
1336.0	0.9999999999999999
1337.0	1.0
1338.0	1.0
1339.0	1.0000000000000002
1340.0	1.0
1341.0	0.9999999999999999
1342.0	1.0
1343.0	1.0000000000000004
1344.0	1.0000000000000004
1345.0	1.0
1346.0	1.0
1347.0	1.0
1348.0	1.0000000000000004
1349.0	1.0000000000000002
1350.0	1.0
1351.0	0.9999999999999998
1352.0	1.0000000000000002
1353.0	1.0000000000000004
1354.0	1.0000000000000002
1355.0	1.0000000000000002
1356.0	1.0000000000000002
1357.0	1.0000000000000002
1358.0	1.0
1359.0	1.0000000000000002
1360.0	1.0
1361.0	1.0000000000000002
1362.0	1.0000000000000002
1363.0	1.0
1364.0	1.0000000000000002
1365.0	1.0000000000000002
1366.0	1.0000000000000002
1367.0	1.0000000000000002
1368.0	1.0
1369.0	1.0000000000000002
1370.0	1.0
1371.0	0.9999999999999998
1372.0	1.0
1373.0	1.0000000000000007
1374.0	1.0000000000000002
1375.0	1.0000000000000002
1376.0	1.0000000000000004
1377.0	1.0000000000000002
1378.0	1.0
1379.0	1.0000000000000002
1380.0	0.9999999999999999
1381.0	1.0000000000000002
1382.0	1.0000000000000007
1383.0	1.0000000000000002
1384.0	1.0
1385.0	0.9999999999999999
1386.0	1.0000000000000002
1387.0	1.0
1388.0	1.0
1389.0	1.0000000000000004
1390.0	1.0000000000000002
1391.0	1.0
1392.0	1.0000000000000002
1393.0	1.0000000000000002
1394.0	1.0
1395.0	1.0000000000000004
1396.0	1.0
1397.0	1.0000000000000004
1398.0	1.0000000000000002
1399.0	0.9999999999999999
1400.0	1.0000000000000002
1401.0	1.0000000000000004
1402.0	1.0000000000000004
1403.0	1.0000000000000002
1404.0	1.0
1405.0	1.0000000000000002
1406.0	1.0
1407.0	1.0000000000000002
1408.0	1.0
1409.0	1.0000000000000002
1410.0	1.0
1411.0	1.0000000000000002
1412.0	1.0
1413.0	0.9999999999999999
1414.0	1.0000000000000002
1415.0	1.0000000000000002
1416.0	1.0000000000000004
1417.0	1.0
1418.0	1.0
1419.0	1.0
1420.0	1.0
1421.0	1.0000000000000002
1422.0	1.0000000000000002
1423.0	1.0000000000000002
1424.0	1.0000000000000002
1425.0	1.0
1426.0	0.9999999999999999
1427.0	1.0
1428.0	1.0000000000000004
1429.0	1.0000000000000002
1430.0	1.0
1431.0	1.0
1432.0	1.0000000000000002
1433.0	1.0
1434.0	1.0000000000000004
1435.0	1.0000000000000002
1436.0	1.0
1437.0	1.0000000000000002
1438.0	1.0000000000000004
1439.0	1.0000000000000002
1440.0	1.0
1441.0	1.0000000000000002
1442.0	1.0
1443.0	1.0000000000000004
1444.0	1.0000000000000004
1445.0	1.0000000000000002
1446.0	1.0
1447.0	1.0000000000000002
1448.0	1.0
1449.0	1.0
1450.0	1.0000000000000002
1451.0	0.9999999999999999
1452.0	1.0000000000000002
1453.0	1.0
1454.0	1.0000000000000004
1455.0	1.0000000000000002
1456.0	1.0
1457.0	1.0000000000000002
1458.0	1.0000000000000002
1459.0	0.9999999999999999
1460.0	1.0000000000000002
1461.0	1.0000000000000004
1462.0	1.0000000000000002
1463.0	1.0
1464.0	1.0000000000000004
1465.0	1.0000000000000002
1466.0	1.0000000000000002
1467.0	1.0
1468.0	1.0
1469.0	1.0000000000000002
1470.0	1.0000000000000004
1471.0	1.0
1472.0	1.0
1473.0	0.9999999999999999
1474.0	1.0000000000000002
1475.0	1.0
1476.0	1.0000000000000002
1477.0	1.0
1478.0	0.9999999999999999
1479.0	1.0
1480.0	0.9999999999999999
1481.0	1.0000000000000002
1482.0	1.0
1483.0	1.0000000000000002
1484.0	0.9999999999999999
1485.0	1.0000000000000002
1486.0	1.0000000000000002
1487.0	1.0000000000000002
1488.0	0.9999999999999998
1489.0	1.0000000000000002
1490.0	1.0000000000000002
1491.0	1.0000000000000002
1492.0	1.0
1493.0	1.0000000000000002
1494.0	1.0000000000000002
1495.0	1.0000000000000002
1496.0	1.0000000000000002
1497.0	1.0
1498.0	1.0000000000000004
1499.0	1.0
1500.0	1.0
1501.0	1.0000000000000002
1502.0	1.0
1503.0	0.9999999999999999
1504.0	1.0000000000000002
1505.0	1.0
1506.0	1.0000000000000002
1507.0	0.9999999999999999
1508.0	0.9999999999999999
1509.0	1.0000000000000002
1510.0	1.0
1511.0	1.0000000000000002
1512.0	1.0
1513.0	1.0000000000000004
1514.0	1.0000000000000002
1515.0	1.0
1516.0	1.0000000000000004
1517.0	1.0
1518.0	1.0000000000000002
1519.0	1.0
1520.0	1.0000000000000002
1521.0	1.0000000000000002
1522.0	1.0000000000000002
1523.0	1.0000000000000002
1524.0	1.0
1525.0	1.0000000000000002
1526.0	1.0000000000000004
1527.0	1.0000000000000002
1528.0	1.0
1529.0	1.0000000000000002
1530.0	1.0000000000000002
1531.0	1.0
1532.0	1.0000000000000004
1533.0	1.0000000000000002
1534.0	1.0000000000000004
1535.0	1.0000000000000002
1536.0	1.0000000000000002
1537.0	1.0
1538.0	1.0
1539.0	0.9999999999999999
1540.0	1.0
1541.0	1.0
1542.0	1.0000000000000002
1543.0	1.0000000000000002
1544.0	1.0000000000000002
1545.0	1.0
1546.0	1.0000000000000004
1547.0	1.0000000000000002
1548.0	1.0000000000000004
1549.0	1.0
1550.0	1.0
1551.0	1.0000000000000002
1552.0	1.0
1553.0	1.0000000000000002
1554.0	1.0000000000000002
1555.0	1.0
1556.0	1.0000000000000004
1557.0	1.0000000000000002
1558.0	0.9999999999999999
1559.0	1.0000000000000002
1560.0	1.0
1561.0	1.0000000000000002
1562.0	1.0000000000000002
1563.0	1.0000000000000002
1564.0	1.0
1565.0	1.0000000000000004
1566.0	1.0
1567.0	1.0000000000000002
1568.0	1.0
1569.0	1.0000000000000002
1570.0	1.0
1571.0	1.0000000000000004
1572.0	1.0000000000000002
1573.0	1.0000000000000004
1574.0	1.0000000000000004
1575.0	1.0
1576.0	1.0000000000000002
1577.0	1.0000000000000002
1578.0	1.0000000000000002
1579.0	1.0
1580.0	1.0000000000000002
1581.0	1.0000000000000004
1582.0	1.0000000000000002
1583.0	1.0
1584.0	1.0
1585.0	1.0000000000000002
1586.0	1.0000000000000004
1587.0	1.0000000000000002
1588.0	1.0
1589.0	1.0
1590.0	1.0
1591.0	1.0
1592.0	1.0000000000000002
1593.0	0.9999999999999999
1594.0	1.0000000000000002
1595.0	1.0
1596.0	0.9999999999999999
1597.0	1.0000000000000002
1598.0	1.0000000000000002
1599.0	1.0000000000000002
1600.0	1.0000000000000002
1601.0	0.9999999999999999
1602.0	1.0000000000000002
1603.0	0.9999999999999999
1604.0	1.0000000000000002
1605.0	0.9999999999999999
1606.0	1.0000000000000002
1607.0	1.0000000000000004
1608.0	1.0
1609.0	1.0000000000000002
1610.0	1.0
1611.0	0.9999999999999999
1612.0	1.0000000000000002
1613.0	1.0000000000000002
1614.0	0.9999999999999999
1615.0	1.0000000000000004
1616.0	1.0
1617.0	1.0000000000000002
1618.0	1.0000000000000002
1619.0	1.0000000000000002
1620.0	0.9999999999999998
1621.0	1.0
1622.0	1.0000000000000002
1623.0	1.0000000000000002
1624.0	1.0
1625.0	1.0000000000000002
1626.0	1.0
1627.0	1.0000000000000002
1628.0	1.0
1629.0	1.0000000000000002
1630.0	1.0000000000000002
1631.0	1.0000000000000002
1632.0	1.0000000000000002
1633.0	1.0
1634.0	1.0000000000000002
1635.0	1.0
1636.0	1.0000000000000002
1637.0	1.0000000000000004
1638.0	1.0000000000000004
1639.0	1.0000000000000004
1640.0	1.0000000000000002
1641.0	1.0000000000000002
1642.0	1.0000000000000004
1643.0	1.0000000000000004
1644.0	1.0
1645.0	1.0000000000000002
1646.0	0.9999999999999999
1647.0	1.0000000000000004
1648.0	1.0000000000000002
1649.0	1.0000000000000002
1650.0	1.0000000000000002
1651.0	1.0000000000000002
1652.0	1.0
1653.0	1.0
1654.0	0.9999999999999998
1655.0	1.0000000000000002
1656.0	1.0
1657.0	1.0000000000000002
1658.0	1.0
1659.0	1.0
1660.0	1.0
1661.0	1.0
1662.0	1.0000000000000004
1663.0	1.0000000000000002
1664.0	1.0000000000000002
1665.0	0.9999999999999999
1666.0	1.0000000000000002
1667.0	1.0
1668.0	1.0000000000000002
1669.0	1.0
1670.0	1.0000000000000002
1671.0	1.0000000000000002
1672.0	1.0
1673.0	1.0000000000000002
1674.0	1.0000000000000004
1675.0	1.0
1676.0	1.0
1677.0	1.0000000000000002
1678.0	1.0
1679.0	1.0
1680.0	1.0000000000000002
1681.0	1.0
1682.0	1.0000000000000002
1683.0	1.0
1684.0	1.0000000000000002
1685.0	1.0000000000000002
1686.0	1.0000000000000002
1687.0	0.9999999999999998
1688.0	1.0000000000000002
1689.0	1.0
1690.0	1.0000000000000002
1691.0	1.0000000000000002
1692.0	1.0
1693.0	1.0000000000000002
1694.0	1.0
1695.0	1.0000000000000002
1696.0	1.0000000000000004
1697.0	1.0000000000000002
1698.0	1.0000000000000002
1699.0	1.0000000000000004
1700.0	1.0000000000000002
1701.0	0.9999999999999998
1702.0	0.9999999999999999
1703.0	1.0
1704.0	1.0
1705.0	0.9999999999999999
1706.0	1.0000000000000002
1707.0	1.0
1708.0	0.9999999999999998
1709.0	1.0
1710.0	1.0
1711.0	1.0000000000000002
1712.0	1.0000000000000002
1713.0	1.0
1714.0	1.0000000000000004
1715.0	1.0
1716.0	1.0000000000000002
1717.0	1.0000000000000004
1718.0	1.0
1719.0	1.0000000000000002
1720.0	1.0000000000000004
1721.0	1.0000000000000004
1722.0	0.9999999999999999
1723.0	1.0000000000000002
1724.0	1.0
1725.0	1.0000000000000004
1726.0	1.0000000000000002
1727.0	1.0
1728.0	1.0
1729.0	0.9999999999999999
1730.0	1.0000000000000002
1731.0	1.0000000000000004
1732.0	1.0
1733.0	1.0000000000000002
1734.0	1.0000000000000002
1735.0	1.0
1736.0	1.0000000000000002
1737.0	1.0000000000000002
1738.0	1.0
1739.0	0.9999999999999999
1740.0	1.0000000000000002
1741.0	1.0000000000000002
1742.0	1.0000000000000002
1743.0	0.9999999999999999
1744.0	1.0000000000000002
1745.0	1.0
1746.0	1.0
1747.0	1.0000000000000002
1748.0	1.0000000000000002
1749.0	1.0000000000000004
1750.0	1.0000000000000002
1751.0	1.0
1752.0	0.9999999999999999
1753.0	1.0
1754.0	1.0
1755.0	1.0000000000000004
1756.0	1.0000000000000002
1757.0	0.9999999999999999
1758.0	1.0000000000000002
1759.0	1.0000000000000002
1760.0	1.0000000000000004
1761.0	1.0
1762.0	1.0
1763.0	1.0
1764.0	1.0000000000000002
1765.0	1.0000000000000002
1766.0	0.9999999999999998
1767.0	1.0000000000000002
1768.0	1.0000000000000004
1769.0	1.0000000000000002
1770.0	1.0
1771.0	1.0
1772.0	1.0000000000000002
1773.0	1.0000000000000004
1774.0	1.0
1775.0	1.0
1776.0	1.0
1777.0	1.0
1778.0	1.0000000000000002
1779.0	1.0000000000000002
1780.0	1.0
1781.0	1.0000000000000004
1782.0	1.0000000000000002
1783.0	1.0000000000000007
1784.0	1.0
1785.0	0.9999999999999999
1786.0	1.0000000000000004
1787.0	1.0
1788.0	1.0
1789.0	1.0000000000000004
1790.0	1.0000000000000002
1791.0	1.0
1792.0	1.0000000000000004
1793.0	1.0000000000000004
1794.0	1.0000000000000002
1795.0	1.0000000000000002
1796.0	1.0000000000000002
1797.0	1.0000000000000002
1798.0	1.0
1799.0	1.0000000000000002
1800.0	1.0
1801.0	0.9999999999999999
1802.0	0.9999999999999999
1803.0	1.0000000000000002
1804.0	0.9999999999999999
1805.0	1.0000000000000002
1806.0	0.9999999999999999
1807.0	1.0000000000000002
1808.0	1.0000000000000002
1809.0	1.0
1810.0	1.0000000000000004
1811.0	1.0000000000000002
1812.0	1.0000000000000002
1813.0	1.0000000000000002
1814.0	1.0
1815.0	1.0000000000000002
1816.0	1.0000000000000002
1817.0	1.0000000000000002
1818.0	0.9999999999999999
1819.0	1.0000000000000004
1820.0	1.0
1821.0	1.0000000000000004
1822.0	0.9999999999999999
1823.0	1.0000000000000004
1824.0	1.0000000000000002
1825.0	1.0000000000000002
1826.0	1.0000000000000007
1827.0	1.0000000000000002
1828.0	1.0000000000000004
1829.0	1.0000000000000002
1830.0	1.0000000000000002
1831.0	1.0000000000000002
1832.0	1.0000000000000002
1833.0	1.0000000000000004
1834.0	1.0000000000000002
1835.0	1.0000000000000002
1836.0	1.0
1837.0	1.0000000000000004
1838.0	0.9999999999999999
1839.0	1.0
1840.0	1.0000000000000002
1841.0	1.0
1842.0	1.0
1843.0	1.0000000000000004
1844.0	0.9999999999999999
1845.0	0.9999999999999999
1846.0	1.0
1847.0	0.9999999999999999
1848.0	1.0000000000000004
1849.0	1.0000000000000002
1850.0	1.0000000000000002
1851.0	1.0
1852.0	1.0
1853.0	0.9999999999999999
1854.0	1.0000000000000004
1855.0	1.0000000000000002
1856.0	1.0
1857.0	0.9999999999999999
1858.0	1.0000000000000002
1859.0	1.0000000000000004
1860.0	1.0000000000000004
1861.0	1.0000000000000004
1862.0	1.0000000000000002
1863.0	1.0000000000000002
1864.0	1.0000000000000004
1865.0	1.0
1866.0	1.0
1867.0	1.0
1868.0	1.0
1869.0	1.0000000000000002
1870.0	1.0000000000000002
1871.0	1.0000000000000004
1872.0	1.0
1873.0	1.0000000000000002
1874.0	1.0
1875.0	1.0000000000000002
1876.0	1.0
1877.0	0.9999999999999999
1878.0	1.0000000000000004
1879.0	1.0000000000000004
1880.0	1.0
1881.0	1.0000000000000004
1882.0	1.0000000000000002
1883.0	1.0000000000000004
1884.0	1.0000000000000004
1885.0	1.0
1886.0	0.9999999999999999
1887.0	1.0000000000000002
1888.0	1.0
1889.0	1.0
1890.0	1.0
1891.0	1.0000000000000002
1892.0	1.0000000000000002
1893.0	1.0000000000000002
1894.0	1.0
1895.0	1.0
1896.0	0.9999999999999999
1897.0	1.0000000000000002
1898.0	1.0000000000000002
1899.0	1.0000000000000004
1900.0	1.0000000000000002
1901.0	1.0000000000000002
1902.0	1.0
1903.0	1.0
1904.0	1.0000000000000002
1905.0	1.0000000000000002
1906.0	0.9999999999999998
1907.0	1.0
1908.0	1.0
1909.0	0.9999999999999999
1910.0	0.9999999999999999
1911.0	1.0000000000000004
1912.0	1.0000000000000002
1913.0	1.0
1914.0	1.0
1915.0	1.0000000000000002
1916.0	1.0
1917.0	1.0000000000000002
1918.0	1.0000000000000002
1919.0	0.9999999999999999
1920.0	1.0000000000000002
1921.0	1.0000000000000002
1922.0	1.0
1923.0	1.0000000000000002
1924.0	1.0000000000000002
1925.0	1.0000000000000002
1926.0	1.0000000000000004
1927.0	1.0000000000000002
1928.0	1.0
1929.0	1.0
1930.0	1.0000000000000002
1931.0	1.0
1932.0	1.0000000000000004
1933.0	0.9999999999999999
1934.0	1.0
1935.0	1.0
1936.0	1.0000000000000002
1937.0	1.0000000000000004
1938.0	1.0000000000000002
1939.0	1.0
1940.0	0.9999999999999999
1941.0	1.0000000000000002
1942.0	0.9999999999999998
1943.0	1.0000000000000004
1944.0	1.0000000000000004
1945.0	0.9999999999999999
1946.0	1.0000000000000002
1947.0	1.0000000000000002
1948.0	1.0000000000000002
1949.0	1.0000000000000002
1950.0	0.9999999999999999
1951.0	1.0000000000000002
1952.0	1.0
1953.0	1.0
1954.0	1.0000000000000002
1955.0	1.0000000000000002
1956.0	1.0000000000000002
1957.0	0.9999999999999999
1958.0	1.0
1959.0	1.0000000000000002
1960.0	1.0
1961.0	1.0
1962.0	1.0
1963.0	0.9999999999999999
1964.0	1.0000000000000002
1965.0	1.0000000000000004
1966.0	1.0
1967.0	1.0000000000000002
1968.0	1.0
1969.0	1.0
1970.0	1.0000000000000002
1971.0	1.0
1972.0	1.0000000000000002
1973.0	1.0
1974.0	1.0
1975.0	1.0
1976.0	1.0000000000000002
1977.0	1.0000000000000002
1978.0	0.9999999999999999
1979.0	1.0000000000000004
1980.0	1.0000000000000002
1981.0	1.0
1982.0	1.0000000000000004
1983.0	1.0000000000000002
1984.0	1.0
1985.0	1.0
1986.0	0.9999999999999998
1987.0	1.0
1988.0	1.0000000000000002
1989.0	1.0000000000000004
1990.0	1.0
1991.0	1.0000000000000002
1992.0	1.0000000000000002
1993.0	1.0
1994.0	0.9999999999999999
1995.0	1.0000000000000002
1996.0	1.0
1997.0	1.0000000000000002
1998.0	1.0000000000000004
1999.0	1.0000000000000004
2000.0	0.9999999999999999
2001.0	1.0000000000000002
2002.0	1.0
2003.0	0.9999999999999999
2004.0	0.9999999999999999
2005.0	1.0
2006.0	1.0000000000000004
2007.0	1.0000000000000002
2008.0	1.0000000000000002
2009.0	1.0000000000000002
2010.0	0.9999999999999999
2011.0	1.0
2012.0	1.0000000000000002
2013.0	1.0000000000000002
2014.0	1.0
2015.0	1.0000000000000004
2016.0	1.0000000000000002
2017.0	1.0
2018.0	0.9999999999999999
2019.0	1.0
2020.0	1.0000000000000002
2021.0	1.0000000000000002
2022.0	1.0
2023.0	1.0000000000000002
2024.0	1.0000000000000002
2025.0	1.0
2026.0	1.0000000000000004
2027.0	1.0
2028.0	0.9999999999999999
2029.0	1.0000000000000002
2030.0	1.0
2031.0	1.0000000000000002
2032.0	1.0
2033.0	1.0
2034.0	1.0
2035.0	1.0
2036.0	1.0000000000000002
2037.0	1.0000000000000002
2038.0	1.0
2039.0	1.0000000000000002
2040.0	0.9999999999999998
2041.0	1.0
2042.0	1.0
2043.0	1.0000000000000004
2044.0	1.0
2045.0	1.0
2046.0	0.9999999999999999
2047.0	1.0
2048.0	1.0000000000000002
2049.0	1.0000000000000004
2050.0	1.0
2051.0	1.0
2052.0	1.0000000000000002
2053.0	1.0
2054.0	1.0000000000000002
2055.0	1.0
2056.0	1.0000000000000002
2057.0	1.0000000000000002
2058.0	1.0000000000000004
2059.0	1.0000000000000002
2060.0	1.0
2061.0	0.9999999999999999
2062.0	1.0000000000000002
2063.0	1.0
2064.0	1.0000000000000004
2065.0	1.0
2066.0	1.0
2067.0	1.0000000000000002
2068.0	1.0000000000000002
2069.0	1.0
2070.0	1.0000000000000002
2071.0	1.0
2072.0	1.0
2073.0	1.0
2074.0	1.0000000000000002
2075.0	1.0000000000000004
2076.0	1.0000000000000004
2077.0	0.9999999999999999
2078.0	1.0000000000000002
2079.0	1.0000000000000004
2080.0	1.0000000000000002
2081.0	1.0000000000000002
2082.0	1.0000000000000004
2083.0	1.0
2084.0	1.0000000000000002
2085.0	1.0000000000000002
2086.0	1.0
2087.0	0.9999999999999999
2088.0	1.0000000000000004
2089.0	1.0
2090.0	1.0000000000000002
2091.0	1.0000000000000004
2092.0	1.0
2093.0	1.0000000000000004
2094.0	1.0000000000000004
2095.0	1.0000000000000002
2096.0	1.0000000000000002
2097.0	1.0000000000000004
2098.0	1.0000000000000004
2099.0	1.0
2100.0	1.0000000000000004
2101.0	1.0000000000000002
2102.0	1.0000000000000002
2103.0	1.0000000000000002
2104.0	1.0000000000000002
2105.0	1.0
2106.0	1.0
2107.0	1.0
2108.0	1.0000000000000004
2109.0	1.0
2110.0	1.0
2111.0	1.0
2112.0	1.0000000000000007
2113.0	1.0000000000000004
2114.0	1.0000000000000002
2115.0	1.0000000000000002
2116.0	1.0
2117.0	1.0000000000000002
2118.0	1.0
2119.0	1.0000000000000002
2120.0	1.0
2121.0	0.9999999999999999
2122.0	1.0000000000000002
2123.0	1.0
2124.0	1.0000000000000002
2125.0	0.9999999999999999
2126.0	1.0000000000000002
2127.0	1.0000000000000002
2128.0	1.0000000000000004
2129.0	0.9999999999999998
2130.0	1.0
2131.0	0.9999999999999999
2132.0	1.0000000000000002
2133.0	1.0
2134.0	1.0
2135.0	1.0
2136.0	0.9999999999999999
2137.0	1.0
2138.0	1.0000000000000004
2139.0	1.0
2140.0	1.0000000000000002
2141.0	0.9999999999999999
2142.0	1.0000000000000002
2143.0	1.0
2144.0	1.0000000000000004
2145.0	1.0
2146.0	0.9999999999999998
2147.0	1.0
2148.0	1.0
2149.0	1.0000000000000004
2150.0	1.0000000000000002
2151.0	1.0000000000000004
2152.0	1.0000000000000004
2153.0	0.9999999999999999
2154.0	1.0
2155.0	1.0000000000000002
2156.0	1.0
2157.0	1.0000000000000002
2158.0	1.0
2159.0	1.0000000000000004
2160.0	1.0000000000000002
2161.0	1.0000000000000004
2162.0	1.0000000000000002
2163.0	1.0
2164.0	1.0000000000000002
2165.0	0.9999999999999999
2166.0	1.0
2167.0	1.0000000000000002
2168.0	1.0000000000000002
2169.0	1.0000000000000002
2170.0	1.0
2171.0	1.0
2172.0	1.0000000000000002
2173.0	0.9999999999999999
2174.0	1.0000000000000004
2175.0	1.0
2176.0	1.0000000000000002
2177.0	1.0
2178.0	0.9999999999999999
2179.0	1.0
2180.0	1.0000000000000004
2181.0	1.0000000000000002
2182.0	1.0000000000000002
2183.0	1.0
2184.0	1.0
2185.0	1.0000000000000002
2186.0	1.0
2187.0	1.0000000000000002
2188.0	1.0000000000000002
2189.0	1.0
2190.0	1.0
2191.0	1.0000000000000004
2192.0	1.0000000000000002
2193.0	1.0
2194.0	1.0000000000000002
2195.0	0.9999999999999999
2196.0	0.9999999999999999
2197.0	1.0
2198.0	1.0000000000000007
2199.0	1.0
2200.0	1.0
2201.0	1.0000000000000002
2202.0	1.0000000000000004
2203.0	1.0000000000000002
2204.0	1.0000000000000002
2205.0	1.0000000000000004
2206.0	1.0000000000000002
2207.0	1.0000000000000002
2208.0	1.0000000000000002
2209.0	0.9999999999999999
2210.0	1.0
2211.0	0.9999999999999999
2212.0	0.9999999999999999
2213.0	1.0
2214.0	1.0000000000000002
2215.0	1.0000000000000002
2216.0	0.9999999999999999
2217.0	1.0000000000000002
2218.0	1.0
2219.0	1.0000000000000002
2220.0	1.0000000000000002
2221.0	1.0000000000000004
2222.0	1.0000000000000002
2223.0	1.0
2224.0	1.0000000000000002
2225.0	1.0000000000000004
2226.0	1.0000000000000002
2227.0	1.0
2228.0	1.0000000000000002
2229.0	1.0
2230.0	1.0
2231.0	1.0000000000000002
2232.0	1.0
2233.0	1.0000000000000004
2234.0	1.0
2235.0	1.0
2236.0	1.0000000000000002
2237.0	1.0
2238.0	1.0000000000000004
2239.0	1.0
2240.0	0.9999999999999999
2241.0	1.0000000000000002
2242.0	1.0
2243.0	1.0000000000000004
2244.0	1.0000000000000002
2245.0	1.0000000000000002
2246.0	1.0000000000000004
2247.0	1.0000000000000002
2248.0	1.0000000000000002
2249.0	1.0000000000000002
2250.0	1.0
2251.0	1.0000000000000002
2252.0	1.0
2253.0	1.0000000000000004
2254.0	1.0000000000000004
2255.0	0.9999999999999999
2256.0	1.0000000000000002
2257.0	1.0000000000000002
2258.0	0.9999999999999999
2259.0	1.0
2260.0	1.0000000000000002
2261.0	1.0000000000000002
2262.0	1.0000000000000004
2263.0	1.0000000000000002
2264.0	1.0000000000000002
2265.0	0.9999999999999999
2266.0	0.9999999999999999
2267.0	1.0000000000000004
2268.0	1.0
2269.0	1.0
2270.0	1.0000000000000002
2271.0	1.0000000000000004
2272.0	1.0000000000000007
2273.0	0.9999999999999999
2274.0	1.0000000000000002
2275.0	1.0
2276.0	1.0000000000000002
2277.0	1.0
2278.0	1.0
2279.0	1.0
2280.0	1.0000000000000004
2281.0	1.0000000000000004
2282.0	1.0000000000000002
2283.0	1.0000000000000002
2284.0	1.0
2285.0	1.0
2286.0	0.9999999999999998
2287.0	1.0
2288.0	1.0000000000000002
2289.0	1.0000000000000002
2290.0	1.0
2291.0	1.0
2292.0	1.0
2293.0	1.0000000000000002
2294.0	1.0000000000000002
2295.0	1.0000000000000004
2296.0	1.0000000000000002
2297.0	1.0
2298.0	1.0000000000000002
2299.0	1.0
2300.0	1.0
2301.0	1.0
2302.0	1.0000000000000004
2303.0	1.0000000000000002
2304.0	1.0000000000000002
2305.0	1.0
2306.0	1.0000000000000004
2307.0	1.0000000000000002
2308.0	1.0000000000000002
2309.0	1.0000000000000002
2310.0	1.0000000000000002
2311.0	1.0000000000000004
2312.0	1.0
2313.0	1.0000000000000002
2314.0	1.0
2315.0	1.0000000000000002
2316.0	1.0000000000000002
2317.0	1.0000000000000004
2318.0	1.0000000000000002
2319.0	1.0
2320.0	1.0000000000000004
2321.0	1.0
2322.0	1.0000000000000002
2323.0	1.0000000000000002
2324.0	1.0
2325.0	1.0000000000000002
2326.0	1.0000000000000002
2327.0	1.0000000000000002
2328.0	1.0000000000000004
2329.0	1.0000000000000002
2330.0	1.0
2331.0	1.0000000000000004
2332.0	1.0000000000000002
2333.0	1.0
2334.0	1.0000000000000002
2335.0	1.0000000000000002
2336.0	1.0000000000000004
2337.0	1.0000000000000002
2338.0	1.0000000000000004
2339.0	1.0000000000000002
2340.0	1.0000000000000002
2341.0	1.0
2342.0	1.0
2343.0	1.0000000000000002
2344.0	1.0000000000000002
2345.0	0.9999999999999999
2346.0	1.0
2347.0	1.0000000000000004
2348.0	1.0
2349.0	1.0
2350.0	1.0000000000000002
2351.0	1.0
2352.0	1.0
2353.0	1.0
2354.0	1.0
2355.0	1.0000000000000002
2356.0	1.0
2357.0	1.0000000000000002
2358.0	1.0
2359.0	1.0
2360.0	1.0000000000000002
2361.0	1.0
2362.0	1.0000000000000004
2363.0	1.0
2364.0	1.0000000000000004
2365.0	1.0000000000000002
2366.0	1.0000000000000004
2367.0	1.0
2368.0	0.9999999999999999
2369.0	1.0000000000000002
2370.0	1.0000000000000004
2371.0	1.0000000000000002
2372.0	1.0
2373.0	1.0000000000000002
2374.0	1.0
2375.0	1.0000000000000002
2376.0	1.0
2377.0	1.0
2378.0	1.0000000000000002
2379.0	1.0
2380.0	1.0
2381.0	1.0
2382.0	1.0
2383.0	0.9999999999999999
2384.0	1.0000000000000002
2385.0	1.0
2386.0	0.9999999999999999
2387.0	1.0
2388.0	1.0000000000000002
2389.0	1.0000000000000002
2390.0	0.9999999999999998
2391.0	1.0000000000000002
2392.0	1.0000000000000004
2393.0	1.0000000000000004
2394.0	1.0
2395.0	1.0000000000000002
2396.0	1.0000000000000002
2397.0	1.0
2398.0	1.0000000000000002
2399.0	1.0000000000000004
2400.0	1.0000000000000002
2401.0	1.0000000000000002
2402.0	1.0000000000000004
2403.0	1.0000000000000002
2404.0	1.0000000000000004
2405.0	1.0000000000000002
2406.0	1.0000000000000004
2407.0	1.0000000000000002
2408.0	1.0
2409.0	0.9999999999999998
2410.0	1.0000000000000002
2411.0	1.0000000000000002
2412.0	1.0
2413.0	1.0
2414.0	0.9999999999999999
2415.0	1.0000000000000002
2416.0	1.0
2417.0	1.0000000000000004
2418.0	1.0
2419.0	0.9999999999999999
2420.0	1.0
2421.0	1.0
2422.0	1.0000000000000002
2423.0	1.0
2424.0	1.0000000000000004
2425.0	1.0000000000000002
2426.0	1.0
2427.0	1.0000000000000002
2428.0	0.9999999999999999
2429.0	1.0000000000000002
2430.0	1.0000000000000002
2431.0	0.9999999999999999
2432.0	1.0000000000000002
2433.0	1.0000000000000002
2434.0	0.9999999999999999
2435.0	1.0000000000000002
2436.0	1.0000000000000002
2437.0	1.0000000000000002
2438.0	1.0000000000000002
2439.0	1.0000000000000002
2440.0	1.0
2441.0	1.0000000000000002
2442.0	1.0000000000000002
2443.0	1.0000000000000002
2444.0	1.0
2445.0	1.0000000000000002
2446.0	1.0
2447.0	1.0000000000000004
2448.0	1.0000000000000004
2449.0	1.0000000000000004
2450.0	1.0000000000000002
2451.0	1.0
2452.0	1.0000000000000002
2453.0	1.0000000000000002
2454.0	1.0000000000000004
2455.0	1.0000000000000002
2456.0	1.0000000000000004
2457.0	1.0000000000000002
2458.0	1.0
2459.0	0.9999999999999999
2460.0	1.0000000000000002
2461.0	1.0
2462.0	1.0000000000000002
2463.0	1.0
2464.0	0.9999999999999999
2465.0	1.0000000000000002
2466.0	1.0
2467.0	1.0000000000000002
2468.0	1.0
2469.0	1.0
2470.0	1.0
2471.0	1.0000000000000004
2472.0	1.0000000000000002
2473.0	1.0
2474.0	1.0
2475.0	1.0
2476.0	1.0000000000000004
2477.0	1.0000000000000002
2478.0	1.0000000000000002
2479.0	0.9999999999999999
2480.0	1.0000000000000002
2481.0	1.0
2482.0	0.9999999999999999
2483.0	1.0000000000000002
2484.0	1.0000000000000002
2485.0	1.0000000000000002
2486.0	1.0000000000000002
2487.0	0.9999999999999999
2488.0	1.0000000000000002
2489.0	1.0000000000000002
2490.0	1.0000000000000002
2491.0	1.0
2492.0	1.0000000000000004
2493.0	1.0
2494.0	1.0000000000000004
2495.0	1.0000000000000002
2496.0	1.0
2497.0	1.0000000000000004
2498.0	1.0000000000000002
2499.0	1.0
2500.0	1.0
2501.0	1.0
2502.0	1.0
2503.0	1.0
2504.0	0.9999999999999999
2505.0	1.0
2506.0	1.0
2507.0	1.0000000000000002
2508.0	1.0000000000000002
2509.0	1.0000000000000004
2510.0	1.0000000000000002
2511.0	1.0
2512.0	1.0000000000000002
2513.0	1.0
2514.0	1.0000000000000002
2515.0	1.0
2516.0	1.0000000000000002
2517.0	1.0
2518.0	1.0000000000000002
2519.0	1.0
2520.0	1.0
2521.0	1.0000000000000002
2522.0	1.0000000000000002
2523.0	1.0000000000000004
2524.0	1.0
2525.0	1.0000000000000004
2526.0	1.0
2527.0	1.0000000000000002
2528.0	1.0
2529.0	1.0
2530.0	0.9999999999999999
2531.0	1.0
2532.0	1.0000000000000002
2533.0	1.0000000000000002
2534.0	1.0
2535.0	1.0
2536.0	1.0
2537.0	1.0000000000000002
2538.0	1.0
2539.0	1.0000000000000002
2540.0	1.0000000000000002
2541.0	1.0000000000000002
2542.0	1.0000000000000002
2543.0	1.0000000000000002
2544.0	1.0
2545.0	1.0000000000000002
2546.0	0.9999999999999999
2547.0	1.0000000000000002
2548.0	1.0000000000000004
2549.0	1.0000000000000002
2550.0	1.0
2551.0	1.0000000000000004
2552.0	1.0
2553.0	1.0000000000000002
2554.0	0.9999999999999999
2555.0	1.0
2556.0	1.0000000000000004
2557.0	1.0000000000000002
2558.0	1.0
2559.0	1.0
2560.0	1.0000000000000002
2561.0	1.0
2562.0	1.0000000000000002
2563.0	1.0000000000000002
2564.0	1.0
2565.0	1.0
2566.0	1.0000000000000004
2567.0	1.0
2568.0	1.0
2569.0	1.0000000000000002
2570.0	1.0
2571.0	1.0000000000000004
2572.0	1.0000000000000002
2573.0	1.0000000000000004
2574.0	1.0
2575.0	1.0
2576.0	0.9999999999999999
2577.0	1.0000000000000002
2578.0	1.0
2579.0	1.0000000000000002
2580.0	1.0000000000000002
2581.0	1.0000000000000002
2582.0	1.0000000000000004
2583.0	1.0000000000000002
2584.0	0.9999999999999999
2585.0	1.0000000000000002
2586.0	1.0
2587.0	1.0000000000000004
2588.0	1.0000000000000002
2589.0	0.9999999999999999
2590.0	1.0000000000000004
2591.0	1.0000000000000002
2592.0	1.0000000000000002
2593.0	1.0000000000000002
2594.0	1.0
2595.0	0.9999999999999999
2596.0	1.0000000000000002
2597.0	1.0
2598.0	1.0000000000000002
2599.0	1.0
2600.0	0.9999999999999998
2601.0	1.0000000000000002
2602.0	1.0000000000000004
2603.0	1.0
2604.0	0.9999999999999999
2605.0	1.0000000000000002
2606.0	1.0000000000000002
2607.0	1.0
2608.0	0.9999999999999999
2609.0	1.0
2610.0	1.0000000000000002
2611.0	1.0
2612.0	1.0
2613.0	1.0
2614.0	1.0000000000000002
2615.0	1.0
2616.0	1.0000000000000002
2617.0	1.0
2618.0	1.0
2619.0	1.0000000000000002
2620.0	1.0
2621.0	1.0000000000000004
2622.0	1.0
2623.0	0.9999999999999999
2624.0	1.0000000000000004
2625.0	1.0
2626.0	1.0000000000000002
2627.0	1.0000000000000002
2628.0	1.0000000000000004
2629.0	1.0
2630.0	1.0
2631.0	1.0000000000000002
2632.0	1.0
2633.0	1.0000000000000004
2634.0	1.0
2635.0	1.0000000000000004
2636.0	1.0000000000000002
2637.0	0.9999999999999999
2638.0	1.0000000000000002
2639.0	1.0
2640.0	1.0000000000000002
2641.0	1.0000000000000002
2642.0	1.0000000000000002
2643.0	1.0
2644.0	1.0000000000000002
2645.0	1.0000000000000002
2646.0	1.0
2647.0	1.0000000000000002
2648.0	1.0000000000000002
2649.0	1.0000000000000004
2650.0	1.0000000000000002
2651.0	1.0000000000000002
2652.0	1.0000000000000002
2653.0	1.0000000000000002
2654.0	0.9999999999999999
2655.0	1.0000000000000002
2656.0	0.9999999999999999
2657.0	1.0000000000000002
2658.0	1.0000000000000004
2659.0	1.0
2660.0	1.0000000000000002
2661.0	1.0
2662.0	1.0000000000000004
2663.0	1.0
2664.0	1.0000000000000002
2665.0	1.0
2666.0	1.0
2667.0	1.0000000000000002
2668.0	1.0
2669.0	1.0000000000000002
2670.0	1.0000000000000002
2671.0	0.9999999999999999
2672.0	1.0000000000000002
2673.0	1.0
2674.0	1.0000000000000004
2675.0	1.0000000000000002
2676.0	1.0000000000000002
2677.0	1.0000000000000004
2678.0	1.0000000000000002
2679.0	0.9999999999999998
2680.0	1.0000000000000002
2681.0	0.9999999999999999
2682.0	1.0000000000000002
2683.0	1.0
2684.0	1.0000000000000002
2685.0	1.0000000000000002
2686.0	1.0
2687.0	1.0000000000000002
2688.0	0.9999999999999999
2689.0	1.0000000000000002
2690.0	1.0000000000000002
2691.0	1.0000000000000004
2692.0	1.0000000000000002
2693.0	1.0000000000000002
2694.0	1.0000000000000004
2695.0	1.0000000000000002
2696.0	1.0
2697.0	1.0000000000000002
2698.0	1.0000000000000002
2699.0	1.0000000000000002
2700.0	1.0000000000000004
2701.0	1.0
2702.0	1.0000000000000002
2703.0	1.0000000000000004
2704.0	1.0
2705.0	1.0000000000000002
2706.0	1.0000000000000002
2707.0	1.0000000000000004
2708.0	1.0000000000000004
2709.0	1.0000000000000002
2710.0	1.0
2711.0	1.0000000000000004
2712.0	1.0000000000000002
2713.0	1.0
2714.0	1.0
2715.0	1.0000000000000002
2716.0	1.0000000000000002
2717.0	1.0
2718.0	1.0000000000000002
2719.0	1.0
2720.0	1.0000000000000002
2721.0	1.0000000000000002
2722.0	1.0000000000000002
2723.0	1.0
2724.0	1.0
2725.0	1.0000000000000002
2726.0	1.0
2727.0	1.0
2728.0	1.0000000000000002
2729.0	0.9999999999999999
2730.0	1.0000000000000002
2731.0	1.0000000000000002
2732.0	1.0
2733.0	1.0000000000000004
2734.0	1.0000000000000002
2735.0	1.0
2736.0	1.0000000000000004
2737.0	1.0
2738.0	1.0000000000000004
2739.0	1.0000000000000002
2740.0	1.0
2741.0	0.9999999999999999
2742.0	1.0000000000000002
2743.0	1.0000000000000002
2744.0	1.0
2745.0	1.0
2746.0	1.0000000000000002
2747.0	1.0000000000000002
2748.0	0.9999999999999999
2749.0	1.0000000000000004
2750.0	1.0000000000000002
2751.0	1.0
2752.0	1.0000000000000002
2753.0	1.0
2754.0	1.0000000000000002
2755.0	1.0
2756.0	1.0
2757.0	1.0000000000000002
2758.0	0.9999999999999999
2759.0	1.0000000000000004
2760.0	1.0
2761.0	1.0
2762.0	0.9999999999999999
2763.0	0.9999999999999998
2764.0	1.0
2765.0	1.0
2766.0	0.9999999999999999
2767.0	1.0000000000000002
2768.0	1.0000000000000002
2769.0	1.0000000000000004
2770.0	1.0000000000000002
2771.0	1.0
2772.0	1.0
2773.0	0.9999999999999999
2774.0	1.0000000000000002
2775.0	1.0000000000000002
2776.0	1.0000000000000004
2777.0	1.0000000000000002
2778.0	1.0000000000000002
2779.0	1.0
2780.0	1.0
2781.0	1.0000000000000002
2782.0	1.0
2783.0	1.0000000000000004
2784.0	1.0000000000000002
2785.0	1.0
2786.0	1.0
2787.0	1.0000000000000002
2788.0	1.0
2789.0	1.0000000000000004
2790.0	1.0000000000000002
2791.0	1.0000000000000002
2792.0	1.0
2793.0	1.0
2794.0	1.0000000000000004
2795.0	1.0000000000000002
2796.0	1.0000000000000002
2797.0	1.0000000000000004
2798.0	1.0000000000000002
2799.0	1.0
2800.0	1.0
2801.0	1.0000000000000002
2802.0	1.0000000000000002
2803.0	1.0000000000000002
2804.0	1.0
2805.0	1.0000000000000002
2806.0	1.0000000000000002
2807.0	1.0
2808.0	1.0000000000000004
2809.0	1.0
2810.0	1.0000000000000002
2811.0	1.0
2812.0	1.0000000000000004
2813.0	1.0000000000000002
2814.0	1.0000000000000002
2815.0	1.0
2816.0	1.0000000000000002
2817.0	1.0000000000000002
2818.0	1.0
2819.0	1.0000000000000002
2820.0	1.0000000000000002
2821.0	1.0
2822.0	1.0000000000000004
2823.0	1.0000000000000004
2824.0	1.0000000000000004
2825.0	1.0000000000000002
2826.0	1.0
2827.0	1.0
2828.0	1.0000000000000004
2829.0	1.0
2830.0	1.0000000000000002
2831.0	1.0000000000000002
2832.0	0.9999999999999999
2833.0	1.0000000000000002
2834.0	1.0000000000000002
2835.0	1.0000000000000002
2836.0	1.0000000000000002
2837.0	1.0
2838.0	1.0
2839.0	1.0
2840.0	0.9999999999999999
2841.0	1.0000000000000002
2842.0	1.0000000000000004
2843.0	1.0000000000000002
2844.0	1.0000000000000002
2845.0	1.0000000000000002
2846.0	1.0
2847.0	1.0
2848.0	1.0
2849.0	1.0
2850.0	1.0000000000000002
2851.0	1.0000000000000002
2852.0	1.0000000000000002
2853.0	1.0
2854.0	0.9999999999999999
2855.0	1.0000000000000004
2856.0	1.0000000000000004
2857.0	1.0000000000000002
2858.0	1.0000000000000002
2859.0	1.0000000000000002
2860.0	1.0
2861.0	1.0
2862.0	1.0000000000000004
2863.0	0.9999999999999999
2864.0	1.0000000000000004
2865.0	1.0
2866.0	1.0
2867.0	1.0000000000000002
2868.0	1.0000000000000002
2869.0	1.0000000000000004
2870.0	1.0000000000000002
2871.0	1.0
2872.0	1.0000000000000004
2873.0	1.0000000000000004
2874.0	1.0000000000000002
2875.0	1.0000000000000002
2876.0	1.0
2877.0	1.0000000000000002
2878.0	1.0000000000000002
2879.0	1.0
2880.0	1.0000000000000002
2881.0	1.0000000000000002
2882.0	1.0000000000000002
2883.0	1.0000000000000002
2884.0	1.0
2885.0	1.0000000000000004
2886.0	1.0
2887.0	1.0000000000000004
2888.0	1.0000000000000002
2889.0	1.0000000000000002
2890.0	1.0000000000000002
2891.0	1.0
2892.0	1.0
2893.0	1.0
2894.0	1.0
2895.0	1.0
2896.0	1.0000000000000002
2897.0	1.0000000000000004
2898.0	1.0
2899.0	1.0000000000000002
2900.0	1.0000000000000004
2901.0	1.0000000000000002
2902.0	1.0000000000000004
2903.0	1.0000000000000002
2904.0	1.0000000000000002
2905.0	1.0000000000000002
2906.0	1.0000000000000002
2907.0	1.0000000000000002
2908.0	1.0000000000000002
2909.0	1.0
2910.0	0.9999999999999999
2911.0	1.0000000000000004
2912.0	1.0000000000000002
2913.0	1.0000000000000002
2914.0	1.0000000000000002
2915.0	1.0000000000000002
2916.0	1.0000000000000002
2917.0	1.0000000000000002
2918.0	0.9999999999999999
2919.0	1.0
2920.0	1.0
2921.0	1.0
2922.0	1.0
2923.0	1.0
2924.0	1.0
2925.0	1.0
2926.0	1.0
2927.0	1.0000000000000002
2928.0	1.0000000000000002
2929.0	1.0000000000000002
2930.0	1.0
2931.0	1.0
2932.0	1.0000000000000004
2933.0	1.0000000000000004
2934.0	1.0000000000000002
2935.0	1.0000000000000004
2936.0	1.0000000000000004
2937.0	1.0000000000000002
2938.0	1.0000000000000002
2939.0	1.0
2940.0	1.0000000000000002
2941.0	1.0000000000000004
2942.0	1.0000000000000002
2943.0	1.0000000000000004
2944.0	1.0
2945.0	1.0000000000000002
2946.0	1.0
2947.0	1.0000000000000002
2948.0	1.0000000000000002
2949.0	1.0000000000000002
2950.0	1.0000000000000002
2951.0	1.0000000000000002
2952.0	1.0000000000000002
2953.0	1.0000000000000002
2954.0	1.0
2955.0	1.0000000000000002
2956.0	0.9999999999999999
2957.0	0.9999999999999998
2958.0	1.0000000000000004
2959.0	1.0000000000000002
2960.0	1.0000000000000002
2961.0	1.0000000000000004
2962.0	1.0000000000000004
2963.0	1.0
2964.0	1.0000000000000002
2965.0	1.0
2966.0	1.0000000000000002
2967.0	1.0000000000000004
2968.0	1.0000000000000002
2969.0	1.0000000000000004
2970.0	1.0000000000000002
2971.0	1.0
2972.0	1.0
2973.0	1.0000000000000002
2974.0	1.0
2975.0	1.0000000000000002
2976.0	1.0000000000000002
2977.0	1.0
2978.0	1.0000000000000002
2979.0	1.0000000000000002
2980.0	1.0000000000000002
2981.0	1.0000000000000004
2982.0	1.0000000000000002
2983.0	1.0000000000000004
2984.0	1.0
2985.0	1.0000000000000002
2986.0	1.0000000000000002
2987.0	1.0
2988.0	1.0000000000000002
2989.0	1.0
2990.0	1.0
2991.0	1.0
2992.0	0.9999999999999999
2993.0	1.0
2994.0	1.0000000000000002
2995.0	1.0000000000000004
2996.0	1.0
2997.0	1.0000000000000004
2998.0	1.0000000000000004
2999.0	1.0
3000.0	1.0000000000000002
3001.0	1.0000000000000002
3002.0	1.0000000000000002
3003.0	1.0000000000000002
3004.0	1.0000000000000002
3005.0	1.0000000000000002
3006.0	1.0000000000000004
3007.0	1.0000000000000004
3008.0	1.0
3009.0	1.0
3010.0	1.0000000000000002
3011.0	1.0000000000000004
3012.0	1.0
3013.0	1.0000000000000002
3014.0	1.0000000000000002
3015.0	1.0000000000000004
3016.0	1.0000000000000002
3017.0	1.0
3018.0	1.0
3019.0	1.0
3020.0	1.0
3021.0	1.0000000000000002
3022.0	1.0000000000000002
3023.0	1.0000000000000002
3024.0	1.0000000000000002
3025.0	1.0
3026.0	1.0
3027.0	1.0
3028.0	1.0000000000000004
3029.0	1.0000000000000004
3030.0	1.0000000000000002
3031.0	1.0000000000000004
3032.0	1.0
3033.0	1.0
3034.0	1.0
3035.0	1.0
3036.0	1.0000000000000002
3037.0	1.0000000000000002
3038.0	0.9999999999999998
3039.0	1.0000000000000004
3040.0	1.0
3041.0	1.0
3042.0	1.0000000000000002
3043.0	1.0000000000000002
3044.0	1.0000000000000004
3045.0	1.0000000000000002
3046.0	1.0
3047.0	1.0000000000000002
3048.0	1.0000000000000002
3049.0	1.0000000000000002
3050.0	1.0000000000000002
3051.0	1.0000000000000002
3052.0	1.0
3053.0	1.0
3054.0	1.0
3055.0	1.0
3056.0	1.0
3057.0	1.0000000000000002
3058.0	1.0000000000000002
3059.0	1.0000000000000004
3060.0	1.0000000000000004
3061.0	1.0
3062.0	1.0
3063.0	1.0000000000000004
3064.0	1.0000000000000002
3065.0	0.9999999999999998
3066.0	1.0
3067.0	1.0
3068.0	1.0
3069.0	1.0000000000000002
3070.0	1.0
3071.0	1.0000000000000002
3072.0	1.0
3073.0	1.0
3074.0	1.0
3075.0	1.0000000000000002
3076.0	1.0000000000000002
3077.0	1.0000000000000002
3078.0	1.0000000000000002
3079.0	1.0000000000000004
3080.0	1.0
3081.0	1.0000000000000004
3082.0	1.0
3083.0	1.0
3084.0	1.0
3085.0	1.0000000000000002
3086.0	1.0000000000000002
3087.0	1.0000000000000002
3088.0	1.0
3089.0	1.0000000000000004
3090.0	1.0
3091.0	0.9999999999999999
3092.0	1.0
3093.0	1.0000000000000002
3094.0	1.0000000000000002
3095.0	1.0000000000000002
3096.0	1.0000000000000004
3097.0	1.0000000000000004
3098.0	1.0
3099.0	1.0
3100.0	1.0000000000000002
3101.0	1.0000000000000002
3102.0	1.0000000000000002
3103.0	0.9999999999999999
3104.0	1.0
3105.0	1.0
3106.0	1.0000000000000002
3107.0	1.0000000000000004
3108.0	1.0
3109.0	1.0000000000000004
3110.0	0.9999999999999999
3111.0	1.0
3112.0	1.0000000000000002
3113.0	1.0000000000000002
3114.0	1.0
3115.0	1.0
3116.0	1.0
3117.0	1.0
3118.0	1.0000000000000002
3119.0	1.0000000000000002
3120.0	1.0000000000000004
3121.0	1.0
3122.0	1.0
3123.0	1.0000000000000002
3124.0	1.0000000000000002
3125.0	1.0
3126.0	1.0000000000000002
3127.0	1.0000000000000004
3128.0	1.0000000000000002
3129.0	1.0
3130.0	1.0
3131.0	1.0
3132.0	0.9999999999999999
3133.0	1.0
3134.0	1.0
3135.0	1.0000000000000002
3136.0	1.0000000000000002
3137.0	0.9999999999999998
3138.0	1.0
3139.0	1.0
3140.0	1.0
3141.0	1.0000000000000004
3142.0	1.0
3143.0	1.0
3144.0	1.0
3145.0	1.0
3146.0	1.0
3147.0	1.0000000000000002
3148.0	1.0000000000000002
3149.0	1.0000000000000004
3150.0	1.0000000000000002
3151.0	1.0000000000000004
3152.0	0.9999999999999999
3153.0	1.0000000000000002
3154.0	1.0000000000000002
3155.0	1.0000000000000002
3156.0	0.9999999999999998
3157.0	1.0000000000000004
3158.0	1.0
3159.0	1.0000000000000002
3160.0	1.0000000000000002
3161.0	1.0000000000000002
3162.0	1.0
3163.0	0.9999999999999999
3164.0	1.0
3165.0	0.9999999999999999
3166.0	1.0
3167.0	1.0000000000000002
3168.0	1.0000000000000002
3169.0	1.0000000000000004
3170.0	1.0000000000000002
3171.0	1.0
3172.0	1.0
3173.0	1.0
3174.0	1.0
3175.0	1.0
3176.0	1.0000000000000004
3177.0	1.0
3178.0	1.0
3179.0	1.0
3180.0	1.0
3181.0	1.0000000000000002
3182.0	1.0000000000000002
3183.0	1.0
3184.0	1.0
3185.0	1.0
3186.0	1.0
3187.0	1.0000000000000002
3188.0	1.0000000000000002
3189.0	1.0000000000000002
3190.0	1.0
3191.0	1.0
3192.0	1.0
3193.0	1.0
3194.0	1.0
3195.0	1.0000000000000002
3196.0	1.0
3197.0	1.0
3198.0	1.0
3199.0	1.0000000000000002
3200.0	1.0
3201.0	1.0000000000000002
3202.0	1.0000000000000004
3203.0	1.0000000000000002
3204.0	1.0000000000000004
3205.0	1.0
3206.0	1.0
3207.0	1.0
3208.0	1.0000000000000004
3209.0	0.9999999999999998
3210.0	1.0
3211.0	1.0000000000000002
3212.0	1.0000000000000002
3213.0	1.0000000000000002
3214.0	1.0000000000000004
3215.0	1.0000000000000004
3216.0	1.0
3217.0	1.0
3218.0	1.0000000000000004
3219.0	1.0000000000000002
3220.0	0.9999999999999998
3221.0	1.0
3222.0	1.0
3223.0	1.0000000000000002
3224.0	1.0000000000000002
3225.0	1.0000000000000002
3226.0	1.0
3227.0	1.0000000000000004
3228.0	1.0
3229.0	1.0
3230.0	1.0
3231.0	1.0000000000000002
3232.0	1.0000000000000002
3233.0	1.0
3234.0	1.0
3235.0	1.0
3236.0	1.0000000000000002
3237.0	1.0
3238.0	1.0000000000000004
3239.0	1.0000000000000004
3240.0	1.0000000000000004
3241.0	1.0
3242.0	1.0
3243.0	1.0000000000000002
3244.0	1.0000000000000004
3245.0	1.0000000000000004
3246.0	1.0
3247.0	1.0000000000000002
3248.0	1.0000000000000002
3249.0	1.0000000000000002
3250.0	1.0000000000000002
3251.0	1.0000000000000002
3252.0	1.0000000000000004
3253.0	1.0000000000000004
3254.0	1.0
3255.0	1.0000000000000002
3256.0	1.0000000000000002
3257.0	1.0000000000000002
3258.0	1.0
3259.0	1.0
3260.0	1.0000000000000002
3261.0	1.0
3262.0	1.0000000000000004
3263.0	1.0000000000000002
3264.0	1.0
3265.0	1.0000000000000004
3266.0	1.0
3267.0	1.0
3268.0	1.0
3269.0	1.0000000000000002
3270.0	1.0000000000000002
3271.0	0.9999999999999998
3272.0	1.0000000000000004
3273.0	1.0000000000000002
3274.0	1.0000000000000002
3275.0	1.0000000000000002
3276.0	1.0000000000000002
3277.0	1.0
3278.0	1.0
3279.0	1.0
3280.0	1.0000000000000002
3281.0	1.0000000000000002
3282.0	1.0000000000000002
3283.0	1.0
3284.0	1.0000000000000002
3285.0	1.0000000000000002
3286.0	1.0
3287.0	1.0
3288.0	0.9999999999999999
3289.0	0.9999999999999999
3290.0	1.0
3291.0	1.0
3292.0	1.0000000000000002
3293.0	1.0000000000000004
3294.0	1.0
3295.0	1.0
3296.0	1.0
3297.0	1.0
3298.0	1.0000000000000002
3299.0	1.0
3300.0	1.0
3301.0	1.0000000000000002
3302.0	1.0000000000000004
3303.0	1.0000000000000004
3304.0	0.9999999999999999
3305.0	1.0000000000000004
3306.0	1.0000000000000004
3307.0	1.0
3308.0	1.0000000000000002
3309.0	1.0
3310.0	1.0000000000000002
3311.0	1.0000000000000002
3312.0	1.0000000000000004
3313.0	1.0000000000000004
3314.0	1.0
3315.0	1.0000000000000004
3316.0	1.0
3317.0	1.0
3318.0	1.0
3319.0	1.0
3320.0	1.0
3321.0	1.0000000000000002
3322.0	1.0
3323.0	1.0000000000000002
3324.0	1.0000000000000002
3325.0	1.0000000000000002
3326.0	1.0000000000000002
3327.0	1.0000000000000004
3328.0	1.0000000000000002
3329.0	1.0000000000000002
3330.0	1.0
3331.0	0.9999999999999998
3332.0	1.0
3333.0	1.0
3334.0	1.0000000000000002
3335.0	1.0000000000000002
3336.0	1.0000000000000002
3337.0	1.0000000000000002
3338.0	1.0000000000000002
3339.0	0.9999999999999999
3340.0	1.0000000000000002
3341.0	1.0000000000000002
3342.0	1.0
3343.0	0.9999999999999999
3344.0	1.0000000000000004
3345.0	1.0000000000000004
3346.0	1.0
3347.0	1.0
3348.0	1.0000000000000002
3349.0	1.0000000000000002
3350.0	1.0000000000000002
3351.0	1.0
3352.0	1.0000000000000002
3353.0	1.0000000000000004
3354.0	1.0000000000000002
3355.0	1.0000000000000002
3356.0	0.9999999999999998
3357.0	1.0000000000000004
3358.0	1.0
3359.0	0.9999999999999999
3360.0	0.9999999999999999
3361.0	1.0000000000000004
3362.0	1.0000000000000002
3363.0	1.0
3364.0	1.0
3365.0	1.0000000000000002
3366.0	1.0000000000000002
3367.0	1.0000000000000002
3368.0	1.0000000000000002
3369.0	1.0000000000000002
3370.0	1.0000000000000002
3371.0	1.0000000000000002
3372.0	1.0
3373.0	1.0000000000000002
3374.0	1.0000000000000002
3375.0	1.0
3376.0	1.0
3377.0	0.9999999999999999
3378.0	1.0
3379.0	1.0000000000000004
3380.0	1.0
3381.0	1.0000000000000004
3382.0	1.0000000000000002
3383.0	1.0
3384.0	1.0
3385.0	1.0
3386.0	1.0
3387.0	1.0
3388.0	1.0000000000000002
3389.0	1.0000000000000002
3390.0	1.0
3391.0	1.0000000000000002
3392.0	1.0000000000000002
3393.0	1.0
3394.0	1.0000000000000002
3395.0	1.0000000000000004
3396.0	0.9999999999999999
3397.0	1.0000000000000004
3398.0	1.0000000000000004
3399.0	1.0000000000000002
3400.0	1.0000000000000002
3401.0	1.0000000000000002
3402.0	1.0000000000000002
3403.0	1.0000000000000002
3404.0	1.0000000000000002
3405.0	1.0000000000000002
3406.0	1.0000000000000004
3407.0	0.9999999999999998
3408.0	1.0
3409.0	1.0
3410.0	1.0000000000000004
3411.0	1.0000000000000002
3412.0	1.0000000000000002
3413.0	1.0000000000000002
3414.0	1.0000000000000004
3415.0	0.9999999999999999
3416.0	0.9999999999999999
3417.0	1.0000000000000004
3418.0	1.0
3419.0	0.9999999999999999
3420.0	0.9999999999999999
3421.0	1.0000000000000004
3422.0	1.0000000000000004
3423.0	0.9999999999999999
3424.0	1.0000000000000002
3425.0	1.0000000000000004
3426.0	1.0
3427.0	1.0000000000000002
3428.0	1.0000000000000002
3429.0	1.0
3430.0	0.9999999999999999
3431.0	1.0000000000000002
3432.0	1.0000000000000002
3433.0	1.0000000000000004
3434.0	1.0000000000000002
3435.0	1.0
3436.0	1.0
3437.0	1.0000000000000002
3438.0	1.0
3439.0	1.0
3440.0	1.0
3441.0	1.0
3442.0	1.0
3443.0	1.0
3444.0	1.0
3445.0	1.0000000000000004
3446.0	1.0
3447.0	0.9999999999999999
3448.0	1.0000000000000002
3449.0	1.0000000000000002
3450.0	1.0000000000000002
3451.0	1.0000000000000002
3452.0	1.0000000000000002
3453.0	1.0000000000000002
3454.0	1.0
3455.0	1.0000000000000002
3456.0	1.0
3457.0	1.0
3458.0	1.0
3459.0	1.0
3460.0	1.0000000000000002
3461.0	1.0000000000000004
3462.0	1.0000000000000002
3463.0	1.0000000000000004
3464.0	1.0000000000000002
3465.0	1.0000000000000002
3466.0	1.0
3467.0	1.0000000000000002
3468.0	1.0
3469.0	1.0
3470.0	1.0000000000000004
3471.0	1.0000000000000002
3472.0	1.0000000000000004
3473.0	1.0000000000000002
3474.0	1.0000000000000002
3475.0	1.0
3476.0	1.0000000000000002
3477.0	1.0
3478.0	1.0
3479.0	1.0
3480.0	0.9999999999999999
3481.0	1.0000000000000004
3482.0	1.0000000000000002
3483.0	1.0000000000000002
3484.0	1.0000000000000002
3485.0	1.0000000000000002
3486.0	1.0
3487.0	1.0
3488.0	1.0
3489.0	1.0000000000000004
3490.0	1.0
3491.0	1.0
3492.0	0.9999999999999999
3493.0	1.0000000000000002
3494.0	1.0000000000000004
3495.0	1.0000000000000002
3496.0	1.0000000000000002
3497.0	1.0
3498.0	1.0000000000000004
3499.0	1.0000000000000002
3500.0	1.0000000000000002
3501.0	1.0000000000000004
3502.0	1.0
3503.0	1.0
3504.0	1.0000000000000004
3505.0	1.0
3506.0	1.0000000000000002
3507.0	1.0000000000000002
3508.0	1.0000000000000002
3509.0	1.0
3510.0	0.9999999999999999
3511.0	1.0000000000000002
3512.0	1.0
3513.0	1.0
3514.0	0.9999999999999998
3515.0	1.0000000000000002
3516.0	1.0000000000000002
3517.0	1.0
3518.0	1.0000000000000004
3519.0	1.0000000000000002
3520.0	1.0000000000000002
3521.0	1.0
3522.0	1.0
3523.0	1.0
3524.0	0.9999999999999998
3525.0	1.0000000000000002
3526.0	1.0000000000000002
3527.0	1.0
3528.0	1.0000000000000004
3529.0	1.0
3530.0	1.0000000000000002
3531.0	1.0
3532.0	1.0
3533.0	1.0000000000000004
3534.0	1.0000000000000002
3535.0	1.0000000000000002
3536.0	1.0
3537.0	1.0000000000000004
3538.0	1.0000000000000002
3539.0	1.0000000000000002
3540.0	1.0
3541.0	1.0000000000000002
3542.0	1.0000000000000002
3543.0	1.0000000000000002
3544.0	1.0000000000000002
3545.0	1.0
3546.0	1.0
3547.0	1.0000000000000004
3548.0	1.0
3549.0	1.0
3550.0	1.0000000000000002
3551.0	1.0000000000000002
3552.0	1.0000000000000002
3553.0	1.0
3554.0	1.0000000000000004
3555.0	1.0000000000000002
3556.0	1.0
3557.0	1.0000000000000004
3558.0	1.0000000000000002
3559.0	1.0000000000000002
3560.0	1.0000000000000004
3561.0	1.0000000000000002
3562.0	1.0
3563.0	1.0000000000000002
3564.0	1.0
3565.0	1.0000000000000002
3566.0	1.0000000000000002
3567.0	1.0000000000000002
3568.0	0.9999999999999998
3569.0	1.0000000000000002
3570.0	1.0000000000000002
3571.0	1.0000000000000004
3572.0	0.9999999999999998
3573.0	1.0000000000000002
3574.0	1.0000000000000002
3575.0	1.0000000000000004
3576.0	1.0000000000000002
3577.0	1.0
3578.0	1.0000000000000004
3579.0	1.0
3580.0	1.0
3581.0	1.0000000000000004
3582.0	1.0
3583.0	1.0
3584.0	1.0
3585.0	1.0000000000000004
3586.0	1.0
3587.0	0.9999999999999999
3588.0	1.0000000000000004
3589.0	1.0000000000000002
3590.0	1.0
3591.0	1.0
3592.0	0.9999999999999999
3593.0	1.0
3594.0	0.9999999999999998
3595.0	1.0000000000000002
3596.0	1.0
3597.0	0.9999999999999999
3598.0	0.9999999999999999
3599.0	1.0000000000000002
3600.0	1.0000000000000002
3601.0	1.0
3602.0	1.0000000000000002
3603.0	1.0
3604.0	1.0000000000000002
3605.0	1.0000000000000002
3606.0	1.0000000000000002
3607.0	1.0
3608.0	1.0
3609.0	1.0
3610.0	0.9999999999999999
3611.0	1.0
3612.0	1.0000000000000007
3613.0	1.0000000000000002
3614.0	1.0000000000000002
3615.0	1.0000000000000002
3616.0	1.0000000000000002
3617.0	1.0000000000000004
3618.0	1.0000000000000002
3619.0	1.0
3620.0	0.9999999999999999
3621.0	1.0000000000000002
3622.0	1.0
3623.0	1.0
3624.0	1.0000000000000002
3625.0	1.0
3626.0	1.0000000000000004
3627.0	1.0000000000000002
3628.0	1.0000000000000002
3629.0	1.0000000000000004
3630.0	1.0000000000000002
3631.0	1.0
3632.0	1.0000000000000002
3633.0	1.0
3634.0	0.9999999999999998
3635.0	1.0000000000000002
3636.0	1.0000000000000004
3637.0	0.9999999999999999
3638.0	1.0
3639.0	1.0000000000000004
3640.0	1.0000000000000002
3641.0	1.0
3642.0	1.0000000000000002
3643.0	1.0000000000000002
3644.0	1.0
3645.0	1.0
3646.0	1.0000000000000002
3647.0	1.0
3648.0	1.0000000000000004
3649.0	1.0000000000000002
3650.0	1.0
3651.0	1.0000000000000002
3652.0	1.0
3653.0	0.9999999999999998
3654.0	1.0000000000000004
3655.0	1.0
3656.0	0.9999999999999999
3657.0	1.0000000000000004
3658.0	1.0000000000000002
3659.0	0.9999999999999999
3660.0	1.0000000000000002
3661.0	1.0000000000000002
3662.0	1.0000000000000004
3663.0	1.0000000000000002
3664.0	1.0000000000000002
3665.0	0.9999999999999998
3666.0	1.0
3667.0	1.0
3668.0	1.0
3669.0	1.0
3670.0	1.0
3671.0	1.0000000000000002
3672.0	0.9999999999999998
3673.0	1.0000000000000002
3674.0	1.0000000000000002
3675.0	0.9999999999999999
3676.0	1.0000000000000004
3677.0	1.0
3678.0	1.0000000000000002
3679.0	1.0000000000000002
3680.0	1.0
3681.0	1.0000000000000002
3682.0	1.0000000000000004
3683.0	1.0000000000000002
3684.0	1.0000000000000002
3685.0	1.0
3686.0	1.0000000000000002
3687.0	1.0000000000000002
3688.0	1.0
3689.0	0.9999999999999998
3690.0	1.0
3691.0	1.0
3692.0	1.0000000000000002
3693.0	1.0000000000000002
3694.0	1.0
3695.0	0.9999999999999998
3696.0	1.0000000000000002
3697.0	1.0
3698.0	1.0
3699.0	1.0
3700.0	1.0000000000000002
3701.0	1.0
3702.0	1.0000000000000002
3703.0	1.0
3704.0	1.0000000000000002
3705.0	1.0000000000000002
3706.0	0.9999999999999999
3707.0	1.0000000000000004
3708.0	0.9999999999999999
3709.0	1.0000000000000004
3710.0	1.0000000000000002
3711.0	0.9999999999999999
3712.0	1.0000000000000002
3713.0	1.0
3714.0	1.0
3715.0	0.9999999999999999
3716.0	1.0
3717.0	1.0
3718.0	0.9999999999999999
3719.0	1.0000000000000002
3720.0	1.0
3721.0	1.0000000000000002
3722.0	0.9999999999999998
3723.0	1.0000000000000002
3724.0	1.0000000000000002
3725.0	1.0000000000000002
3726.0	1.0
3727.0	1.0
3728.0	1.0000000000000002
3729.0	0.9999999999999999
3730.0	1.0000000000000002
3731.0	1.0
3732.0	1.0000000000000002
3733.0	1.0000000000000002
3734.0	1.0
3735.0	1.0000000000000002
3736.0	1.0000000000000002
3737.0	0.9999999999999999
3738.0	1.0000000000000002
3739.0	1.0000000000000002
3740.0	1.0000000000000002
3741.0	1.0000000000000004
3742.0	1.0000000000000002
3743.0	1.0
3744.0	1.0000000000000002
3745.0	1.0
3746.0	1.0
3747.0	1.0
3748.0	1.0
3749.0	1.0000000000000002
3750.0	1.0000000000000002
3751.0	1.0000000000000004
3752.0	1.0000000000000002
3753.0	1.0
3754.0	1.0000000000000004
3755.0	1.0000000000000002
3756.0	1.0
3757.0	1.0000000000000004
3758.0	1.0
3759.0	1.0
3760.0	1.0000000000000002
3761.0	1.0000000000000002
3762.0	1.0
3763.0	1.0000000000000004
3764.0	1.0
3765.0	1.0000000000000002
3766.0	1.0000000000000004
3767.0	1.0
3768.0	1.0000000000000002
3769.0	1.0000000000000002
3770.0	1.0000000000000002
3771.0	1.0
3772.0	1.0000000000000002
3773.0	1.0
3774.0	1.0000000000000002
3775.0	1.0000000000000004
3776.0	1.0
3777.0	1.0
3778.0	1.0000000000000002
3779.0	1.0
3780.0	1.0
3781.0	1.0000000000000004
3782.0	1.0000000000000002
3783.0	1.0000000000000004
3784.0	1.0000000000000002
3785.0	1.0
3786.0	1.0
3787.0	1.0000000000000002
3788.0	1.0
3789.0	1.0000000000000004
3790.0	1.0000000000000002
3791.0	1.0
3792.0	0.9999999999999999
3793.0	1.0000000000000004
3794.0	1.0000000000000002
3795.0	1.0
3796.0	1.0000000000000004
3797.0	1.0
3798.0	1.0000000000000004
3799.0	1.0000000000000002
3800.0	1.0
3801.0	1.0
3802.0	1.0
3803.0	1.0000000000000002
3804.0	1.0
3805.0	1.0000000000000002
3806.0	1.0
3807.0	1.0
3808.0	1.0000000000000002
3809.0	1.0000000000000002
3810.0	1.0
3811.0	0.9999999999999999
3812.0	1.0000000000000002
3813.0	1.0
3814.0	1.0
3815.0	1.0
3816.0	1.0000000000000004
3817.0	1.0000000000000002
3818.0	1.0
3819.0	1.0000000000000004
3820.0	1.0000000000000002
3821.0	1.0000000000000004
3822.0	1.0000000000000004
3823.0	1.0
3824.0	1.0
3825.0	1.0000000000000002
3826.0	1.0
3827.0	1.0
3828.0	1.0000000000000002
3829.0	1.0
3830.0	0.9999999999999999
3831.0	1.0000000000000002
3832.0	1.0
3833.0	1.0
3834.0	1.0000000000000002
3835.0	1.0
3836.0	0.9999999999999999
3837.0	1.0
3838.0	1.0
3839.0	0.9999999999999999
3840.0	1.0000000000000002
3841.0	1.0
3842.0	0.9999999999999999
3843.0	1.0000000000000002
3844.0	1.0
3845.0	1.0000000000000002
3846.0	1.0000000000000002
3847.0	1.0
3848.0	0.9999999999999999
3849.0	1.0000000000000004
3850.0	1.0000000000000002
3851.0	0.9999999999999999
3852.0	1.0000000000000002
3853.0	1.0
3854.0	1.0
3855.0	1.0000000000000002
3856.0	1.0000000000000002
3857.0	1.0
3858.0	1.0000000000000002
3859.0	1.0
3860.0	1.0000000000000004
3861.0	1.0
3862.0	1.0
3863.0	1.0
3864.0	1.0000000000000002
3865.0	1.0000000000000002
3866.0	1.0000000000000002
3867.0	1.0
3868.0	1.0000000000000002
3869.0	1.0000000000000002
3870.0	1.0
3871.0	1.0000000000000002
3872.0	1.0000000000000002
3873.0	0.9999999999999998
3874.0	1.0000000000000002
3875.0	0.9999999999999999
3876.0	1.0000000000000002
3877.0	1.0000000000000002
3878.0	1.0000000000000002
3879.0	1.0000000000000002
3880.0	1.0
3881.0	1.0
3882.0	1.0000000000000002
3883.0	1.0
3884.0	1.0000000000000002
3885.0	1.0000000000000002
3886.0	1.0000000000000002
3887.0	1.0000000000000002
3888.0	1.0
3889.0	1.0000000000000002
3890.0	1.0000000000000002
3891.0	1.0
3892.0	1.0000000000000002
3893.0	1.0
3894.0	1.0000000000000004
3895.0	1.0
3896.0	1.0000000000000002
3897.0	1.0
3898.0	1.0000000000000002
3899.0	1.0
3900.0	1.0000000000000004
3901.0	1.0000000000000002
3902.0	1.0000000000000002
3903.0	1.0000000000000004
3904.0	1.0000000000000002
3905.0	0.9999999999999999
3906.0	0.9999999999999998
3907.0	1.0
3908.0	1.0
3909.0	1.0000000000000004
3910.0	1.0
3911.0	1.0
3912.0	1.0000000000000002
3913.0	1.0
3914.0	1.0000000000000004
3915.0	1.0000000000000002
3916.0	1.0
3917.0	0.9999999999999998
3918.0	1.0000000000000002
3919.0	1.0
3920.0	1.0
3921.0	1.0000000000000002
3922.0	1.0
3923.0	1.0000000000000002
3924.0	1.0000000000000002
3925.0	1.0
3926.0	1.0000000000000002
3927.0	1.0
3928.0	1.0
3929.0	1.0000000000000004
3930.0	1.0
3931.0	1.0000000000000004
3932.0	1.0
3933.0	1.0
3934.0	1.0000000000000004
3935.0	1.0
3936.0	1.0000000000000004
3937.0	1.0
3938.0	1.0000000000000002
3939.0	1.0000000000000002
3940.0	1.0
3941.0	1.0000000000000004
3942.0	1.0000000000000002
3943.0	1.0
3944.0	0.9999999999999999
3945.0	1.0
3946.0	1.0
3947.0	1.0000000000000004
3948.0	1.0
3949.0	1.0
3950.0	1.0000000000000002
3951.0	1.0000000000000002
3952.0	1.0000000000000004
3953.0	1.0
3954.0	1.0
3955.0	0.9999999999999998
3956.0	1.0000000000000002
3957.0	0.9999999999999999
3958.0	1.0000000000000002
3959.0	1.0
3960.0	1.0000000000000004
3961.0	1.0000000000000002
3962.0	1.0
3963.0	1.0000000000000004
3964.0	1.0000000000000002
3965.0	1.0000000000000002
3966.0	1.0000000000000004
3967.0	1.0000000000000002
3968.0	1.0
3969.0	1.0000000000000002
3970.0	1.0
3971.0	1.0000000000000002
3972.0	1.0
3973.0	1.0
3974.0	1.0
3975.0	1.0000000000000002
3976.0	0.9999999999999999
3977.0	1.0
3978.0	1.0
3979.0	1.0000000000000004
3980.0	1.0000000000000002
3981.0	1.0
3982.0	1.0
3983.0	1.0000000000000004
3984.0	1.0000000000000002
3985.0	1.0000000000000002
3986.0	1.0
3987.0	1.0000000000000002
3988.0	1.0000000000000002
3989.0	0.9999999999999998
3990.0	1.0
3991.0	1.0
3992.0	1.0
3993.0	1.0000000000000002
3994.0	1.0000000000000002
3995.0	1.0000000000000002
3996.0	1.0000000000000002
3997.0	1.0
3998.0	1.0
3999.0	1.0000000000000002
4000.0	1.0
4001.0	1.0000000000000002
4002.0	1.0
4003.0	1.0
4004.0	1.0
4005.0	1.0
4006.0	1.0000000000000002
4007.0	1.0
4008.0	1.0000000000000002
4009.0	1.0
4010.0	0.9999999999999999
4011.0	1.0000000000000002
4012.0	1.0000000000000007
4013.0	1.0000000000000004
4014.0	1.0000000000000002
4015.0	1.0
4016.0	1.0000000000000002
4017.0	1.0
4018.0	1.0000000000000002
4019.0	1.0
4020.0	0.9999999999999998
4021.0	1.0
4022.0	0.9999999999999999
4023.0	1.0
4024.0	1.0000000000000002
4025.0	1.0
4026.0	0.9999999999999998
4027.0	1.0000000000000002
4028.0	1.0
4029.0	1.0000000000000004
4030.0	1.0
4031.0	1.0
4032.0	1.0000000000000002
4033.0	1.0000000000000004
4034.0	1.0000000000000004
4035.0	1.0
4036.0	1.0000000000000002
4037.0	0.9999999999999998
4038.0	1.0
4039.0	0.9999999999999998
4040.0	1.0000000000000002
4041.0	1.0
4042.0	0.9999999999999998
4043.0	1.0000000000000002
4044.0	0.9999999999999999
4045.0	1.0000000000000002
4046.0	1.0
4047.0	1.0000000000000002
4048.0	1.0
4049.0	1.0000000000000002
4050.0	1.0000000000000002
4051.0	0.9999999999999999
4052.0	1.0000000000000002
4053.0	1.0
4054.0	1.0
4055.0	1.0
4056.0	1.0000000000000002
4057.0	1.0000000000000002
4058.0	1.0
4059.0	1.0
4060.0	1.0000000000000002
4061.0	1.0
4062.0	1.0000000000000002
4063.0	1.0
4064.0	1.0000000000000004
4065.0	1.0
4066.0	0.9999999999999999
4067.0	1.0
4068.0	1.0
4069.0	1.0000000000000002
4070.0	1.0
4071.0	1.0000000000000002
4072.0	1.0000000000000002
4073.0	1.0000000000000007
4074.0	1.0000000000000002
4075.0	1.0
4076.0	1.0000000000000002
4077.0	1.0
4078.0	0.9999999999999999
4079.0	0.9999999999999998
4080.0	1.0
4081.0	1.0000000000000002
4082.0	1.0
4083.0	1.0
4084.0	1.0
4085.0	1.0
4086.0	1.0
4087.0	1.0000000000000004
4088.0	1.0000000000000002
4089.0	1.0
4090.0	1.0000000000000004
4091.0	1.0000000000000002
4092.0	1.0000000000000004
4093.0	1.0
4094.0	1.0000000000000002
4095.0	1.0
4096.0	0.9999999999999999
4097.0	1.0
4098.0	1.0000000000000002
4099.0	1.0000000000000002
4100.0	1.0
4101.0	1.0000000000000002
4102.0	1.0
4103.0	0.9999999999999999
4104.0	1.0
4105.0	1.0
4106.0	1.0000000000000004
4107.0	1.0000000000000002
4108.0	0.9999999999999999
4109.0	1.0000000000000002
4110.0	1.0
4111.0	1.0000000000000002
4112.0	1.0
4113.0	1.0
4114.0	0.9999999999999999
4115.0	1.0000000000000002
4116.0	0.9999999999999998
4117.0	1.0000000000000002
4118.0	1.0
4119.0	1.0000000000000002
4120.0	1.0000000000000002
4121.0	0.9999999999999999
4122.0	1.0
4123.0	1.0000000000000002
4124.0	1.0000000000000002
4125.0	1.0000000000000004
4126.0	1.0000000000000002
4127.0	0.9999999999999998
4128.0	1.0000000000000002
4129.0	1.0
4130.0	1.0000000000000002
4131.0	1.0
4132.0	1.0000000000000002
4133.0	0.9999999999999998
4134.0	1.0000000000000004
4135.0	1.0
4136.0	1.0
4137.0	1.0
4138.0	1.0000000000000004
4139.0	1.0000000000000002
4140.0	1.0000000000000002
4141.0	1.0000000000000002
4142.0	1.0
4143.0	0.9999999999999999
4144.0	1.0
4145.0	1.0000000000000002
4146.0	1.0
4147.0	0.9999999999999999
4148.0	1.0
4149.0	1.0000000000000004
4150.0	1.0000000000000002
4151.0	0.9999999999999999
4152.0	1.0000000000000002
4153.0	1.0
4154.0	1.0000000000000002
4155.0	1.0000000000000002
4156.0	1.0000000000000002
4157.0	1.0
4158.0	1.0000000000000004
4159.0	1.0000000000000002
4160.0	1.0000000000000004
4161.0	1.0000000000000002
4162.0	1.0
4163.0	1.0000000000000002
4164.0	1.0000000000000002
4165.0	1.0000000000000004
4166.0	1.0000000000000002
4167.0	1.0000000000000004
4168.0	1.0000000000000002
4169.0	0.9999999999999999
4170.0	1.0000000000000002
4171.0	1.0
4172.0	1.0000000000000002
4173.0	1.0
4174.0	1.0000000000000002
4175.0	1.0
4176.0	1.0000000000000007
4177.0	1.0000000000000002
4178.0	1.0000000000000002
4179.0	1.0000000000000002
4180.0	1.0000000000000002
4181.0	1.0000000000000004
4182.0	1.0
4183.0	1.0
4184.0	0.9999999999999998
4185.0	1.0
4186.0	0.9999999999999999
4187.0	1.0
4188.0	1.0
4189.0	1.0000000000000002
4190.0	1.0
4191.0	0.9999999999999999
4192.0	1.0000000000000002
4193.0	1.0
4194.0	1.0
4195.0	1.0000000000000002
4196.0	1.0
4197.0	1.0000000000000004
4198.0	1.0000000000000004
4199.0	1.0000000000000004
4200.0	1.0
4201.0	1.0000000000000002
4202.0	1.0
4203.0	1.0
4204.0	1.0
4205.0	1.0
4206.0	1.0000000000000002
4207.0	1.0
4208.0	0.9999999999999999
4209.0	1.0
4210.0	1.0000000000000004
4211.0	1.0
4212.0	1.0
4213.0	1.0000000000000004
4214.0	1.0000000000000002
4215.0	1.0
4216.0	1.0000000000000002
4217.0	1.0
4218.0	1.0000000000000002
4219.0	1.0
4220.0	1.0000000000000002
4221.0	1.0000000000000002
4222.0	1.0
4223.0	1.0
4224.0	1.0
4225.0	1.0000000000000004
4226.0	1.0000000000000004
4227.0	0.9999999999999998
4228.0	1.0000000000000002
4229.0	1.0
4230.0	1.0000000000000002
4231.0	1.0
4232.0	1.0
4233.0	1.0
4234.0	0.9999999999999998
4235.0	1.0000000000000002
4236.0	1.0000000000000002
4237.0	0.9999999999999999
4238.0	1.0000000000000004
4239.0	1.0000000000000004
4240.0	1.0
4241.0	0.9999999999999999
4242.0	1.0000000000000004
4243.0	1.0
4244.0	0.9999999999999998
4245.0	1.0
4246.0	0.9999999999999999
4247.0	1.0
4248.0	0.9999999999999998
4249.0	1.0000000000000002
4250.0	1.0
4251.0	1.0000000000000002
4252.0	1.0
4253.0	1.0000000000000004
4254.0	1.0000000000000002
4255.0	1.0
4256.0	1.0000000000000002
4257.0	1.0
4258.0	1.0
4259.0	1.0000000000000002
4260.0	1.0
4261.0	0.9999999999999999
4262.0	1.0000000000000002
4263.0	0.9999999999999999
4264.0	1.0000000000000002
4265.0	1.0000000000000004
4266.0	1.0
4267.0	1.0
4268.0	1.0
4269.0	1.0000000000000002
4270.0	1.0000000000000002
4271.0	1.0
4272.0	1.0000000000000002
4273.0	1.0000000000000002
4274.0	1.0
4275.0	1.0000000000000002
4276.0	1.0
4277.0	1.0000000000000002
4278.0	0.9999999999999999
4279.0	1.0
4280.0	1.0
4281.0	1.0000000000000002
4282.0	1.0
4283.0	1.0000000000000002
4284.0	1.0000000000000002
4285.0	1.0000000000000004
4286.0	1.0000000000000004
4287.0	1.0000000000000004
4288.0	1.0
4289.0	0.9999999999999999
4290.0	1.0
4291.0	1.0
4292.0	1.0000000000000004
4293.0	1.0
4294.0	0.9999999999999999
4295.0	1.0000000000000002
4296.0	1.0
4297.0	1.0000000000000002
4298.0	1.0
4299.0	0.9999999999999999
4300.0	1.0000000000000004
4301.0	1.0000000000000002
4302.0	1.0
4303.0	0.9999999999999999
4304.0	1.0000000000000002
4305.0	1.0
4306.0	1.0
4307.0	0.9999999999999998
4308.0	1.0
4309.0	1.0000000000000004
4310.0	1.0000000000000002
4311.0	0.9999999999999999
4312.0	1.0
4313.0	1.0000000000000002
4314.0	1.0000000000000002
4315.0	0.9999999999999999
4316.0	1.0000000000000002
4317.0	1.0000000000000004
4318.0	1.0000000000000004
4319.0	1.0
4320.0	1.0000000000000002
4321.0	1.0
4322.0	1.0000000000000004
4323.0	1.0
4324.0	1.0
4325.0	1.0000000000000002
4326.0	0.9999999999999998
4327.0	1.0000000000000002
4328.0	1.0000000000000002
4329.0	1.0000000000000002
4330.0	1.0000000000000004
4331.0	1.0000000000000002
4332.0	1.0
4333.0	1.0000000000000002
4334.0	1.0
4335.0	0.9999999999999999
4336.0	1.0000000000000002
4337.0	0.9999999999999999
4338.0	1.0
4339.0	1.0
4340.0	0.9999999999999999
4341.0	1.0
4342.0	1.0000000000000002
4343.0	1.0000000000000007
4344.0	1.0000000000000002
4345.0	1.0
4346.0	1.0
4347.0	1.0000000000000004
4348.0	1.0
4349.0	1.0000000000000004
4350.0	1.0000000000000002
4351.0	1.0000000000000004
4352.0	1.0
4353.0	1.0
4354.0	1.0
4355.0	1.0
4356.0	1.0000000000000002
4357.0	1.0
4358.0	1.0000000000000002
4359.0	1.0000000000000002
4360.0	1.0000000000000002
4361.0	0.9999999999999999
4362.0	1.0000000000000002
4363.0	1.0000000000000002
4364.0	1.0
4365.0	1.0000000000000002
4366.0	1.0
4367.0	1.0
4368.0	1.0000000000000004
4369.0	0.9999999999999999
4370.0	1.0000000000000002
4371.0	1.0000000000000002
4372.0	1.0000000000000002
4373.0	1.0
4374.0	1.0
4375.0	1.0000000000000002
4376.0	1.0000000000000004
4377.0	1.0
4378.0	1.0
4379.0	1.0000000000000004
4380.0	1.0000000000000004
4381.0	1.0000000000000002
4382.0	1.0000000000000002
4383.0	1.0
4384.0	1.0000000000000004
4385.0	1.0
4386.0	1.0000000000000002
4387.0	1.0
4388.0	1.0000000000000004
4389.0	1.0000000000000002
4390.0	1.0
4391.0	1.0000000000000002
4392.0	1.0000000000000002
4393.0	1.0000000000000004
4394.0	1.0
4395.0	1.0
4396.0	1.0
4397.0	1.0
4398.0	1.0
4399.0	1.0000000000000002
4400.0	1.0000000000000002
4401.0	1.0000000000000002
4402.0	1.0
4403.0	1.0000000000000002
4404.0	1.0
4405.0	1.0000000000000004
4406.0	1.0000000000000002
4407.0	1.0000000000000002
4408.0	1.0
4409.0	1.0
4410.0	0.9999999999999999
4411.0	1.0000000000000002
4412.0	1.0000000000000002
4413.0	1.0000000000000002
4414.0	1.0000000000000002
4415.0	0.9999999999999999
4416.0	1.0000000000000002
4417.0	1.0000000000000002
4418.0	1.0000000000000002
4419.0	1.0
4420.0	0.9999999999999998
4421.0	1.0
4422.0	1.0
4423.0	1.0
4424.0	1.0000000000000002
4425.0	1.0000000000000002
4426.0	1.0000000000000002
4427.0	0.9999999999999999
4428.0	1.0000000000000002
4429.0	1.0
4430.0	1.0000000000000002
4431.0	1.0
4432.0	1.0
4433.0	1.0000000000000002
4434.0	1.0000000000000002
4435.0	1.0
4436.0	1.0000000000000002
4437.0	1.0
4438.0	1.0000000000000002
4439.0	1.0
4440.0	1.0000000000000002
4441.0	1.0
4442.0	1.0000000000000002
4443.0	1.0
4444.0	1.0000000000000002
4445.0	1.0000000000000004
4446.0	1.0000000000000002
4447.0	1.0
4448.0	1.0000000000000002
4449.0	1.0000000000000002
4450.0	1.0
4451.0	1.0000000000000002
4452.0	1.0
4453.0	1.0000000000000002
4454.0	1.0
4455.0	1.0
4456.0	1.0000000000000002
4457.0	1.0
4458.0	1.0000000000000002
4459.0	1.0
4460.0	1.0000000000000004
4461.0	0.9999999999999999
4462.0	0.9999999999999998
4463.0	1.0000000000000002
4464.0	1.0000000000000002
4465.0	1.0000000000000004
4466.0	1.0
4467.0	1.0000000000000002
4468.0	1.0
4469.0	1.0000000000000002
4470.0	1.0
4471.0	1.0000000000000002
4472.0	1.0
4473.0	1.0000000000000002
4474.0	1.0
4475.0	1.0
4476.0	1.0
4477.0	1.0000000000000004
4478.0	1.0000000000000002
4479.0	1.0
4480.0	1.0000000000000002
4481.0	1.0
4482.0	0.9999999999999998
4483.0	1.0000000000000002
4484.0	1.0000000000000002
4485.0	1.0000000000000002
4486.0	1.0000000000000002
4487.0	1.0
4488.0	1.0000000000000004
4489.0	1.0
4490.0	1.0000000000000002
4491.0	1.0
4492.0	1.0
4493.0	1.0
4494.0	1.0
4495.0	1.0000000000000004
4496.0	1.0
4497.0	1.0000000000000002
4498.0	1.0000000000000002
4499.0	0.9999999999999998
4500.0	1.0
4501.0	1.0
4502.0	1.0000000000000002
4503.0	1.0
4504.0	1.0
4505.0	1.0
4506.0	1.0000000000000002
4507.0	1.0
4508.0	1.0000000000000002
4509.0	0.9999999999999999
4510.0	1.0
4511.0	1.0
4512.0	1.0000000000000002
4513.0	1.0000000000000004
4514.0	1.0000000000000002
4515.0	0.9999999999999998
4516.0	1.0000000000000002
4517.0	0.9999999999999999
4518.0	0.9999999999999998
4519.0	1.0
4520.0	1.0000000000000002
4521.0	1.0
4522.0	1.0000000000000004
4523.0	1.0000000000000002
4524.0	1.0000000000000002
4525.0	1.0
4526.0	1.0
4527.0	1.0000000000000002
4528.0	1.0000000000000004
4529.0	1.0
4530.0	1.0000000000000004
4531.0	1.0000000000000002
4532.0	1.0000000000000004
4533.0	1.0
4534.0	1.0000000000000004
4535.0	1.0000000000000002
4536.0	1.0
4537.0	1.0
4538.0	0.9999999999999998
4539.0	1.0000000000000002
4540.0	1.0000000000000002
4541.0	1.0000000000000002
4542.0	1.0000000000000002
4543.0	1.0
4544.0	1.0
4545.0	1.0000000000000004
4546.0	1.0000000000000002
4547.0	1.0000000000000004
4548.0	1.0000000000000002
4549.0	0.9999999999999999
4550.0	1.0
4551.0	1.0000000000000004
4552.0	1.0
4553.0	1.0000000000000002
4554.0	1.0000000000000004
4555.0	1.0000000000000002
4556.0	1.0000000000000004
4557.0	1.0000000000000004
4558.0	1.0
4559.0	1.0000000000000002
4560.0	1.0
4561.0	1.0000000000000002
4562.0	1.0
4563.0	1.0000000000000002
4564.0	0.9999999999999999
4565.0	1.0000000000000004
4566.0	1.0
4567.0	1.0000000000000002
4568.0	1.0000000000000002
4569.0	1.0000000000000002
4570.0	1.0000000000000002
4571.0	1.0000000000000004
4572.0	1.0000000000000002
4573.0	0.9999999999999999
4574.0	1.0000000000000002
4575.0	1.0
4576.0	1.0000000000000002
4577.0	1.0000000000000002
4578.0	0.9999999999999998
4579.0	1.0
4580.0	0.9999999999999998
4581.0	1.0
4582.0	1.0000000000000002
4583.0	1.0
4584.0	1.0000000000000002
4585.0	1.0
4586.0	1.0000000000000004
4587.0	1.0
4588.0	1.0000000000000002
4589.0	1.0
4590.0	1.0
4591.0	1.0
4592.0	1.0
4593.0	1.0000000000000002
4594.0	1.0
4595.0	1.0000000000000002
4596.0	0.9999999999999998
4597.0	1.0000000000000004
4598.0	1.0
4599.0	1.0000000000000002
4600.0	1.0
4601.0	1.0000000000000002
4602.0	1.0
4603.0	1.0000000000000004
4604.0	1.0
4605.0	0.9999999999999999
4606.0	1.0000000000000004
4607.0	1.0000000000000002
4608.0	1.0
4609.0	1.0000000000000002
4610.0	1.0
4611.0	1.0000000000000002
4612.0	1.0
4613.0	1.0000000000000004
4614.0	1.0000000000000002
4615.0	1.0000000000000002
4616.0	1.0000000000000002
4617.0	1.0
4618.0	1.0000000000000004
4619.0	1.0
4620.0	1.0
4621.0	1.0000000000000002
4622.0	1.0000000000000002
4623.0	1.0000000000000002
4624.0	1.0000000000000002
4625.0	0.9999999999999998
4626.0	1.0
4627.0	0.9999999999999999
4628.0	1.0
4629.0	1.0
4630.0	1.0000000000000002
4631.0	0.9999999999999999
4632.0	1.0
4633.0	1.0000000000000002
4634.0	1.0000000000000004
4635.0	1.0000000000000002
4636.0	1.0
4637.0	1.0000000000000002
4638.0	1.0
4639.0	0.9999999999999999
4640.0	1.0000000000000002
4641.0	1.0000000000000004
4642.0	1.0000000000000002
4643.0	1.0000000000000004
4644.0	1.0
4645.0	1.0
4646.0	1.0000000000000002
4647.0	1.0
4648.0	1.0000000000000002
4649.0	1.0000000000000002
4650.0	1.0000000000000002
4651.0	1.0
4652.0	1.0
4653.0	0.9999999999999998
4654.0	1.0000000000000004
4655.0	1.0000000000000002
4656.0	1.0
4657.0	1.0000000000000002
4658.0	1.0000000000000002
4659.0	1.0000000000000004
4660.0	1.0
4661.0	0.9999999999999999
4662.0	1.0000000000000002
4663.0	1.0000000000000004
4664.0	1.0000000000000002
4665.0	0.9999999999999998
4666.0	1.0000000000000002
4667.0	1.0
4668.0	1.0000000000000002
4669.0	1.0
4670.0	0.9999999999999999
4671.0	1.0000000000000002
4672.0	1.0
4673.0	1.0000000000000004
4674.0	1.0000000000000002
4675.0	1.0
4676.0	1.0000000000000002
4677.0	1.0000000000000002
4678.0	1.0
4679.0	1.0000000000000002
4680.0	1.0
4681.0	1.0000000000000002
4682.0	1.0
4683.0	1.0
4684.0	1.0000000000000002
4685.0	1.0
4686.0	1.0000000000000002
4687.0	1.0000000000000002
4688.0	1.0000000000000004
4689.0	1.0
4690.0	1.0
4691.0	1.0000000000000002
4692.0	1.0
4693.0	1.0000000000000002
4694.0	1.0
4695.0	1.0000000000000004
4696.0	1.0
4697.0	1.0000000000000002
4698.0	1.0
4699.0	1.0000000000000002
4700.0	1.0000000000000002
4701.0	1.0
4702.0	1.0000000000000002
4703.0	1.0
4704.0	1.0000000000000004
4705.0	1.0
4706.0	0.9999999999999999
4707.0	0.9999999999999998
4708.0	1.0
4709.0	1.0000000000000002
4710.0	1.0
4711.0	1.0000000000000002
4712.0	1.0
4713.0	1.0000000000000004
4714.0	1.0
4715.0	1.0
4716.0	1.0
4717.0	1.0
4718.0	1.0000000000000002
4719.0	1.0000000000000002
4720.0	1.0000000000000004
4721.0	1.0000000000000002
4722.0	1.0
4723.0	1.0000000000000002
4724.0	0.9999999999999999
4725.0	1.0
4726.0	1.0
4727.0	1.0000000000000002
4728.0	1.0000000000000002
4729.0	1.0
4730.0	1.0000000000000002
4731.0	1.0
4732.0	1.0
4733.0	1.0000000000000002
4734.0	1.0
4735.0	0.9999999999999998
4736.0	1.0000000000000002
4737.0	1.0000000000000004
4738.0	1.0
4739.0	0.9999999999999998
4740.0	1.0000000000000002
4741.0	1.0
4742.0	1.0000000000000002
4743.0	1.0
4744.0	0.9999999999999998
4745.0	1.0000000000000002
4746.0	0.9999999999999999
4747.0	1.0
4748.0	1.0
4749.0	1.0000000000000002
4750.0	1.0
4751.0	1.0000000000000002
4752.0	1.0000000000000002
4753.0	1.0
4754.0	1.0000000000000002
4755.0	1.0
4756.0	1.0000000000000002
4757.0	1.0000000000000004
4758.0	1.0000000000000004
4759.0	1.0
4760.0	1.0
4761.0	1.0
4762.0	1.0
4763.0	1.0000000000000002
4764.0	0.9999999999999999
4765.0	1.0000000000000002
4766.0	1.0
4767.0	1.0
4768.0	1.0000000000000002
4769.0	1.0
4770.0	1.0000000000000004
4771.0	1.0
4772.0	0.9999999999999999
4773.0	1.0000000000000002
4774.0	1.0
4775.0	1.0000000000000004
4776.0	1.0000000000000002
4777.0	0.9999999999999999
4778.0	0.9999999999999999
4779.0	1.0
4780.0	1.0000000000000002
4781.0	1.0
4782.0	1.0000000000000004
4783.0	1.0000000000000002
4784.0	1.0
4785.0	1.0
4786.0	1.0
4787.0	1.0000000000000002
4788.0	0.9999999999999999
4789.0	1.0000000000000002
4790.0	1.0000000000000002
4791.0	1.0
4792.0	1.0000000000000002
4793.0	0.9999999999999999
4794.0	1.0000000000000002
4795.0	1.0000000000000007
4796.0	1.0000000000000002
4797.0	1.0000000000000002
4798.0	1.0
4799.0	1.0000000000000002
4800.0	1.0
4801.0	1.0000000000000004
4802.0	1.0
4803.0	0.9999999999999999
4804.0	1.0000000000000004
4805.0	1.0000000000000002
4806.0	0.9999999999999999
4807.0	1.0000000000000002
4808.0	1.0
4809.0	1.0000000000000002
4810.0	1.0000000000000004
4811.0	1.0000000000000002
4812.0	1.0000000000000004
4813.0	1.0000000000000002
4814.0	1.0
4815.0	0.9999999999999998
4816.0	1.0
4817.0	1.0
4818.0	1.0000000000000002
4819.0	1.0000000000000002
4820.0	1.0
4821.0	1.0
4822.0	1.0
4823.0	0.9999999999999998
4824.0	1.0000000000000002
4825.0	1.0
4826.0	1.0000000000000004
4827.0	1.0
4828.0	1.0000000000000002
4829.0	1.0
4830.0	1.0
4831.0	1.0
4832.0	1.0000000000000002
4833.0	1.0
4834.0	1.0000000000000002
4835.0	1.0
4836.0	1.0000000000000002
4837.0	1.0
4838.0	1.0
4839.0	1.0
4840.0	1.0000000000000004
4841.0	1.0000000000000002
4842.0	1.0000000000000007
4843.0	1.0000000000000002
4844.0	1.0
4845.0	1.0000000000000004
4846.0	1.0000000000000002
4847.0	1.0
4848.0	1.0000000000000002
4849.0	1.0000000000000002
4850.0	1.0
4851.0	1.0000000000000002
4852.0	1.0
4853.0	1.0000000000000002
4854.0	1.0000000000000002
4855.0	1.0
4856.0	1.0000000000000004
4857.0	1.0
4858.0	1.0
4859.0	1.0000000000000004
4860.0	1.0
4861.0	1.0
4862.0	1.0000000000000002
4863.0	1.0
4864.0	1.0
4865.0	1.0000000000000002
4866.0	1.0000000000000002
4867.0	1.0
4868.0	1.0000000000000004
4869.0	1.0000000000000002
4870.0	1.0
4871.0	1.0000000000000002
4872.0	1.0
4873.0	0.9999999999999998
4874.0	1.0000000000000002
4875.0	1.0
4876.0	1.0000000000000004
4877.0	1.0000000000000002
4878.0	0.9999999999999999
4879.0	1.0000000000000002
4880.0	1.0
4881.0	1.0000000000000004
4882.0	1.0
4883.0	1.0000000000000002
4884.0	1.0
4885.0	1.0000000000000002
4886.0	1.0000000000000004
4887.0	1.0000000000000002
4888.0	1.0
4889.0	1.0000000000000004
4890.0	1.0000000000000002
4891.0	1.0
4892.0	1.0
4893.0	1.0000000000000002
4894.0	1.0
4895.0	1.0000000000000004
4896.0	1.0000000000000002
4897.0	0.9999999999999999
4898.0	1.0000000000000004
4899.0	1.0
4900.0	1.0000000000000002
4901.0	1.0000000000000002
4902.0	1.0000000000000002
4903.0	1.0
4904.0	1.0
4905.0	0.9999999999999999
4906.0	1.0000000000000002
4907.0	1.0
4908.0	1.0000000000000002
4909.0	1.0
4910.0	1.0000000000000004
4911.0	1.0000000000000002
4912.0	1.0
4913.0	1.0000000000000002
4914.0	1.0000000000000002
4915.0	1.0000000000000002
4916.0	1.0000000000000004
4917.0	1.0000000000000002
4918.0	1.0
4919.0	1.0000000000000002
4920.0	1.0000000000000002
4921.0	0.9999999999999999
4922.0	1.0000000000000004
4923.0	1.0
4924.0	1.0000000000000004
4925.0	1.0000000000000002
4926.0	1.0
4927.0	1.0000000000000002
4928.0	1.0
4929.0	1.0
4930.0	1.0
4931.0	1.0000000000000002
4932.0	1.0000000000000002
4933.0	0.9999999999999998
4934.0	1.0
4935.0	1.0
4936.0	1.0000000000000004
4937.0	1.0
4938.0	1.0
4939.0	1.0000000000000002
4940.0	1.0
4941.0	1.0
4942.0	1.0
4943.0	1.0000000000000002
4944.0	1.0
4945.0	1.0
4946.0	1.0000000000000002
4947.0	1.0
4948.0	1.0000000000000004
4949.0	1.0
4950.0	1.0
4951.0	1.0000000000000002
4952.0	1.0
4953.0	1.0000000000000004
4954.0	1.0
4955.0	1.0000000000000004
4956.0	1.0
4957.0	1.0
4958.0	1.0000000000000004
4959.0	1.0000000000000002
4960.0	1.0
4961.0	1.0
4962.0	1.0000000000000004
4963.0	1.0
4964.0	1.0000000000000004
4965.0	1.0000000000000002
4966.0	1.0
4967.0	1.0
4968.0	1.0
4969.0	1.0000000000000004
4970.0	1.0000000000000002
4971.0	1.0
4972.0	1.0000000000000004
4973.0	1.0000000000000002
4974.0	1.0
4975.0	1.0000000000000002
4976.0	1.0000000000000004
4977.0	1.0
4978.0	1.0000000000000002
4979.0	1.0
4980.0	0.9999999999999999
4981.0	1.0
4982.0	1.0
4983.0	0.9999999999999999
4984.0	1.0000000000000002
4985.0	1.0
4986.0	1.0
4987.0	1.0000000000000002
4988.0	1.0
4989.0	1.0000000000000002
4990.0	1.0
4991.0	1.0
4992.0	1.0000000000000002
4993.0	1.0
4994.0	1.0
4995.0	1.0000000000000002
4996.0	1.0
4997.0	1.0000000000000002
4998.0	1.0000000000000002
4999.0	1.0
